rollout,graph_index,target_nodes,mode,raw_nodes,raw_edges,lcc_nodes,lcc_edges
0,0,30,full_threshold_0p5,21,18,15,14
0,0,30,cropped_threshold_0p5,14,13,14,13
0,0,30,cropped_calibrated,5,4,5,4
0,0,30,cropped_fixed_budget,28,45,28,45
0,1,71,full_threshold_0p5,21,23,19,22
0,1,71,cropped_threshold_0p5,21,23,19,22
0,1,71,cropped_calibrated,4,2,2,1
0,1,71,cropped_fixed_budget,44,45,26,30
0,2,73,full_threshold_0p5,98,2677,98,2677
0,2,73,cropped_threshold_0p5,73,1645,73,1645
0,2,73,cropped_calibrated,62,78,54,72
0,2,73,cropped_fixed_budget,46,45,38,40
0,3,92,full_threshold_0p5,98,4717,98,4717
0,3,92,cropped_threshold_0p5,92,4150,92,4150
0,3,92,cropped_calibrated,91,356,91,356
0,3,92,cropped_fixed_budget,44,45,27,32
0,4,86,full_threshold_0p5,85,198,80,194
0,4,86,cropped_threshold_0p5,77,191,77,191
0,4,86,cropped_calibrated,6,5,6,5
0,4,86,cropped_fixed_budget,40,45,38,44
0,5,25,full_threshold_0p5,35,30,18,17
0,5,25,cropped_threshold_0p5,15,14,15,14
0,5,25,cropped_calibrated,3,2,3,2
0,5,25,cropped_fixed_budget,24,45,24,45
0,6,74,full_threshold_0p5,91,110,82,102
0,6,74,cropped_threshold_0p5,66,85,66,85
0,6,74,cropped_calibrated,7,5,5,4
0,6,74,cropped_fixed_budget,47,45,22,24
0,7,23,full_threshold_0p5,26,24,23,22
0,7,23,cropped_threshold_0p5,19,18,19,18
0,7,23,cropped_calibrated,4,2,2,1
0,7,23,cropped_fixed_budget,23,45,23,45
0,8,49,full_threshold_0p5,11,10,11,10
0,8,49,cropped_threshold_0p5,10,9,10,9
0,8,49,cropped_calibrated,5,3,3,2
0,8,49,cropped_fixed_budget,32,45,27,42
0,9,85,full_threshold_0p5,22,21,20,20
0,9,85,cropped_threshold_0p5,22,21,20,20
0,9,85,cropped_calibrated,8,6,5,4
0,9,85,cropped_fixed_budget,42,45,27,36
0,10,74,full_threshold_0p5,23,18,12,12
0,10,74,cropped_threshold_0p5,23,18,12,12
0,10,74,cropped_calibrated,2,1,2,1
0,10,74,cropped_fixed_budget,40,45,37,43
0,11,48,full_threshold_0p5,21,19,17,17
0,11,48,cropped_threshold_0p5,20,18,16,16
0,11,48,cropped_calibrated,7,5,4,3
0,11,48,cropped_fixed_budget,39,45,30,38
0,12,95,full_threshold_0p5,17,16,13,14
0,12,95,cropped_threshold_0p5,15,15,13,14
0,12,95,cropped_calibrated,4,3,4,3
0,12,95,cropped_fixed_budget,33,45,29,43
0,13,58,full_threshold_0p5,45,42,25,27
0,13,58,cropped_threshold_0p5,45,42,25,27
0,13,58,cropped_calibrated,3,2,3,2
0,13,58,cropped_fixed_budget,47,45,27,29
0,14,43,full_threshold_0p5,87,86,85,85
0,14,43,cropped_threshold_0p5,43,43,43,43
0,14,43,cropped_calibrated,13,11,7,6
0,14,43,cropped_fixed_budget,43,45,43,45
0,15,36,full_threshold_0p5,18,16,14,14
0,15,36,cropped_threshold_0p5,14,14,14,14
0,15,36,cropped_calibrated,4,3,4,3
0,15,36,cropped_fixed_budget,32,45,32,45
0,16,50,full_threshold_0p5,96,586,96,586
0,16,50,cropped_threshold_0p5,50,348,50,348
0,16,50,cropped_calibrated,19,14,5,4
0,16,50,cropped_fixed_budget,42,45,38,42
0,17,68,full_threshold_0p5,22,21,22,21
0,17,68,cropped_threshold_0p5,21,20,21,20
0,17,68,cropped_calibrated,5,3,3,2
0,17,68,cropped_fixed_budget,39,45,37,44
0,18,65,full_threshold_0p5,29,27,15,16
0,18,65,cropped_threshold_0p5,29,27,15,16
0,18,65,cropped_calibrated,4,3,4,3
0,18,65,cropped_fixed_budget,41,45,31,38
0,19,96,full_threshold_0p5,32,31,24,26
0,19,96,cropped_threshold_0p5,31,29,23,24
0,19,96,cropped_calibrated,11,8,5,4
0,19,96,cropped_fixed_budget,40,45,34,41
1,0,30,full_threshold_0p5,98,4639,98,4639
1,0,30,cropped_threshold_0p5,30,395,30,395
1,0,30,cropped_calibrated,29,41,27,40
1,0,30,cropped_fixed_budget,29,45,27,44
1,1,71,full_threshold_0p5,50,49,50,49
1,1,71,cropped_threshold_0p5,50,49,50,49
1,1,71,cropped_calibrated,11,9,7,6
1,1,71,cropped_fixed_budget,47,45,43,42
1,2,73,full_threshold_0p5,20,18,11,13
1,2,73,cropped_threshold_0p5,18,17,11,13
1,2,73,cropped_calibrated,3,2,3,2
1,2,73,cropped_fixed_budget,40,45,31,38
1,3,92,full_threshold_0p5,45,42,35,36
1,3,92,cropped_threshold_0p5,43,41,35,36
1,3,92,cropped_calibrated,3,2,3,2
1,3,92,cropped_fixed_budget,48,45,35,36
1,4,86,full_threshold_0p5,48,41,13,13
1,4,86,cropped_threshold_0p5,47,40,12,12
1,4,86,cropped_calibrated,5,4,5,4
1,4,86,cropped_fixed_budget,50,45,20,20
1,5,25,full_threshold_0p5,67,70,38,44
1,5,25,cropped_threshold_0p5,22,28,22,28
1,5,25,cropped_calibrated,7,6,7,6
1,5,25,cropped_fixed_budget,25,45,25,45
1,6,74,full_threshold_0p5,26,22,14,14
1,6,74,cropped_threshold_0p5,26,22,14,14
1,6,74,cropped_calibrated,2,1,2,1
1,6,74,cropped_fixed_budget,46,45,22,27
1,7,23,full_threshold_0p5,73,71,71,70
1,7,23,cropped_threshold_0p5,23,22,23,22
1,7,23,cropped_calibrated,8,5,4,3
1,7,23,cropped_fixed_budget,23,45,23,45
1,8,49,full_threshold_0p5,17,16,13,13
1,8,49,cropped_threshold_0p5,16,15,12,12
1,8,49,cropped_calibrated,4,3,4,3
1,8,49,cropped_fixed_budget,39,45,39,45
1,9,85,full_threshold_0p5,26,32,26,32
1,9,85,cropped_threshold_0p5,25,30,25,30
1,9,85,cropped_calibrated,6,4,3,2
1,9,85,cropped_fixed_budget,36,45,30,42
1,10,74,full_threshold_0p5,15,13,13,12
1,10,74,cropped_threshold_0p5,14,12,12,11
1,10,74,cropped_calibrated,3,2,3,2
1,10,74,cropped_fixed_budget,36,45,32,43
1,11,48,full_threshold_0p5,29,25,16,16
1,11,48,cropped_threshold_0p5,19,18,16,16
1,11,48,cropped_calibrated,3,2,3,2
1,11,48,cropped_fixed_budget,37,45,37,45
1,12,95,full_threshold_0p5,31,28,21,23
1,12,95,cropped_threshold_0p5,31,28,21,23
1,12,95,cropped_calibrated,3,2,3,2
1,12,95,cropped_fixed_budget,40,45,30,37
1,13,58,full_threshold_0p5,68,68,62,63
1,13,58,cropped_threshold_0p5,56,56,50,51
1,13,58,cropped_calibrated,11,8,4,3
1,13,58,cropped_fixed_budget,51,45,25,24
1,14,43,full_threshold_0p5,98,4608,98,4608
1,14,43,cropped_threshold_0p5,43,811,43,811
1,14,43,cropped_calibrated,39,49,37,48
1,14,43,cropped_fixed_budget,39,45,37,44
1,15,36,full_threshold_0p5,35,35,26,30
1,15,36,cropped_threshold_0p5,24,26,20,24
1,15,36,cropped_calibrated,9,8,9,8
1,15,36,cropped_fixed_budget,31,45,31,45
1,16,50,full_threshold_0p5,50,48,21,23
1,16,50,cropped_threshold_0p5,24,25,21,23
1,16,50,cropped_calibrated,4,3,4,3
1,16,50,cropped_fixed_budget,41,45,30,36
1,17,68,full_threshold_0p5,92,109,92,109
1,17,68,cropped_threshold_0p5,67,82,67,82
1,17,68,cropped_calibrated,5,3,3,2
1,17,68,cropped_fixed_budget,51,45,27,26
1,18,65,full_threshold_0p5,98,4744,98,4744
1,18,65,cropped_threshold_0p5,65,2071,65,2071
1,18,65,cropped_calibrated,65,1950,65,1950
1,18,65,cropped_fixed_budget,33,45,33,45
1,19,96,full_threshold_0p5,23,19,16,15
1,19,96,cropped_threshold_0p5,21,18,16,15
1,19,96,cropped_calibrated,3,2,3,2
1,19,96,cropped_fixed_budget,48,45,23,28
2,0,30,full_threshold_0p5,97,542,97,542
2,0,30,cropped_threshold_0p5,30,117,30,117
2,0,30,cropped_calibrated,8,5,4,3
2,0,30,cropped_fixed_budget,30,45,30,45
2,1,71,full_threshold_0p5,16,14,13,12
2,1,71,cropped_threshold_0p5,16,14,13,12
2,1,71,cropped_calibrated,5,4,5,4
2,1,71,cropped_fixed_budget,36,45,32,43
2,2,73,full_threshold_0p5,19,17,17,16
2,2,73,cropped_threshold_0p5,19,17,17,16
2,2,73,cropped_calibrated,4,3,4,3
2,2,73,cropped_fixed_budget,40,45,34,42
2,3,92,full_threshold_0p5,43,35,19,18
2,3,92,cropped_threshold_0p5,39,33,19,18
2,3,92,cropped_calibrated,3,2,3,2
2,3,92,cropped_fixed_budget,43,45,43,45
2,4,86,full_threshold_0p5,31,29,19,21
2,4,86,cropped_threshold_0p5,29,27,19,21
2,4,86,cropped_calibrated,9,6,5,4
2,4,86,cropped_fixed_budget,46,45,30,33
2,5,25,full_threshold_0p5,43,43,43,43
2,5,25,cropped_threshold_0p5,18,18,18,18
2,5,25,cropped_calibrated,7,6,7,6
2,5,25,cropped_fixed_budget,24,45,24,45
2,6,74,full_threshold_0p5,27,28,27,28
2,6,74,cropped_threshold_0p5,27,28,27,28
2,6,74,cropped_calibrated,6,4,4,3
2,6,74,cropped_fixed_budget,45,45,32,37
2,7,23,full_threshold_0p5,98,2809,98,2809
2,7,23,cropped_threshold_0p5,23,97,23,97
2,7,23,cropped_calibrated,10,8,8,7
2,7,23,cropped_fixed_budget,23,45,23,45
2,8,49,full_threshold_0p5,22,17,12,11
2,8,49,cropped_threshold_0p5,22,17,12,11
2,8,49,cropped_calibrated,6,4,3,2
2,8,49,cropped_fixed_budget,34,45,29,42
2,9,85,full_threshold_0p5,67,65,60,60
2,9,85,cropped_threshold_0p5,67,65,60,60
2,9,85,cropped_calibrated,2,1,2,1
2,9,85,cropped_fixed_budget,52,45,30,29
2,10,74,full_threshold_0p5,25,22,14,14
2,10,74,cropped_threshold_0p5,25,22,14,14
2,10,74,cropped_calibrated,3,2,3,2
2,10,74,cropped_fixed_budget,43,45,29,33
2,11,48,full_threshold_0p5,77,113,77,113
2,11,48,cropped_threshold_0p5,48,84,48,84
2,11,48,cropped_calibrated,6,4,3,2
2,11,48,cropped_fixed_budget,44,45,40,43
2,12,95,full_threshold_0p5,92,98,90,97
2,12,95,cropped_threshold_0p5,90,97,90,97
2,12,95,cropped_calibrated,2,1,2,1
2,12,95,cropped_fixed_budget,51,45,29,28
2,13,58,full_threshold_0p5,21,18,14,14
2,13,58,cropped_threshold_0p5,18,16,14,14
2,13,58,cropped_calibrated,3,2,3,2
2,13,58,cropped_fixed_budget,42,45,33,39
2,14,43,full_threshold_0p5,36,34,20,19
2,14,43,cropped_threshold_0p5,35,33,20,19
2,14,43,cropped_calibrated,6,5,6,5
2,14,43,cropped_fixed_budget,42,45,42,45
2,15,36,full_threshold_0p5,36,32,26,26
2,15,36,cropped_threshold_0p5,23,22,20,20
2,15,36,cropped_calibrated,5,3,3,2
2,15,36,cropped_fixed_budget,32,45,32,45
2,16,50,full_threshold_0p5,36,37,36,37
2,16,50,cropped_threshold_0p5,36,37,36,37
2,16,50,cropped_calibrated,2,1,2,1
2,16,50,cropped_fixed_budget,36,45,36,45
2,17,68,full_threshold_0p5,36,33,16,16
2,17,68,cropped_threshold_0p5,34,32,16,16
2,17,68,cropped_calibrated,2,1,2,1
2,17,68,cropped_fixed_budget,43,45,31,35
2,18,65,full_threshold_0p5,88,92,54,63
2,18,65,cropped_threshold_0p5,57,62,50,58
2,18,65,cropped_calibrated,6,4,4,3
2,18,65,cropped_fixed_budget,50,45,15,14
2,19,96,full_threshold_0p5,98,4733,98,4733
2,19,96,cropped_threshold_0p5,96,4540,96,4540
2,19,96,cropped_calibrated,96,4085,96,4085
2,19,96,cropped_fixed_budget,45,45,32,37
3,0,30,full_threshold_0p5,47,48,43,46
3,0,30,cropped_threshold_0p5,28,29,28,29
3,0,30,cropped_calibrated,2,1,2,1
3,0,30,cropped_fixed_budget,30,45,30,45
3,1,71,full_threshold_0p5,32,30,30,29
3,1,71,cropped_threshold_0p5,30,29,30,29
3,1,71,cropped_calibrated,7,6,7,6
3,1,71,cropped_fixed_budget,44,45,34,38
3,2,73,full_threshold_0p5,98,4236,98,4236
3,2,73,cropped_threshold_0p5,73,2186,73,2186
3,2,73,cropped_calibrated,34,29,18,18
3,2,73,cropped_fixed_budget,49,45,37,39
3,3,92,full_threshold_0p5,33,30,19,20
3,3,92,cropped_threshold_0p5,33,30,19,20
3,3,92,cropped_calibrated,4,2,2,1
3,3,92,cropped_fixed_budget,37,45,35,44
3,4,86,full_threshold_0p5,34,30,22,22
3,4,86,cropped_threshold_0p5,32,29,22,22
3,4,86,cropped_calibrated,2,1,2,1
3,4,86,cropped_fixed_budget,47,45,33,36
3,5,25,full_threshold_0p5,23,24,19,22
3,5,25,cropped_threshold_0p5,17,20,17,20
3,5,25,cropped_calibrated,6,5,6,5
3,5,25,cropped_fixed_budget,25,45,25,45
3,6,74,full_threshold_0p5,23,20,19,18
3,6,74,cropped_threshold_0p5,23,20,19,18
3,6,74,cropped_calibrated,3,2,3,2
3,6,74,cropped_fixed_budget,46,45,30,33
3,7,23,full_threshold_0p5,30,31,27,29
3,7,23,cropped_threshold_0p5,23,25,23,25
3,7,23,cropped_calibrated,2,1,2,1
3,7,23,cropped_fixed_budget,23,45,23,45
3,8,49,full_threshold_0p5,98,4731,98,4731
3,8,49,cropped_threshold_0p5,49,1156,49,1156
3,8,49,cropped_calibrated,47,244,47,244
3,8,49,cropped_fixed_budget,39,45,33,42
3,9,85,full_threshold_0p5,98,4702,98,4702
3,9,85,cropped_threshold_0p5,85,3519,85,3519
3,9,85,cropped_calibrated,85,364,85,364
3,9,85,cropped_fixed_budget,53,45,12,11
3,10,74,full_threshold_0p5,28,22,10,10
3,10,74,cropped_threshold_0p5,26,21,10,10
3,10,74,cropped_calibrated,5,4,5,4
3,10,74,cropped_fixed_budget,46,45,39,40
3,11,48,full_threshold_0p5,16,15,16,15
3,11,48,cropped_threshold_0p5,16,15,16,15
3,11,48,cropped_calibrated,6,5,6,5
3,11,48,cropped_fixed_budget,41,45,25,30
3,12,95,full_threshold_0p5,30,30,20,24
3,12,95,cropped_threshold_0p5,28,29,20,24
3,12,95,cropped_calibrated,6,5,6,5
3,12,95,cropped_fixed_budget,44,45,29,34
3,13,58,full_threshold_0p5,28,29,24,27
3,13,58,cropped_threshold_0p5,26,28,24,27
3,13,58,cropped_calibrated,6,4,4,3
3,13,58,cropped_fixed_budget,35,45,32,43
3,14,43,full_threshold_0p5,15,14,13,13
3,14,43,cropped_threshold_0p5,13,13,13,13
3,14,43,cropped_calibrated,3,2,3,2
3,14,43,cropped_fixed_budget,33,45,26,40
3,15,36,full_threshold_0p5,33,27,12,13
3,15,36,cropped_threshold_0p5,20,18,12,13
3,15,36,cropped_calibrated,2,1,2,1
3,15,36,cropped_fixed_budget,30,45,30,45
3,16,50,full_threshold_0p5,98,272,98,272
3,16,50,cropped_threshold_0p5,50,170,50,170
3,16,50,cropped_calibrated,28,23,17,16
3,16,50,cropped_fixed_budget,45,45,36,38
3,17,68,full_threshold_0p5,85,87,85,87
3,17,68,cropped_threshold_0p5,68,70,68,70
3,17,68,cropped_calibrated,11,9,8,7
3,17,68,cropped_fixed_budget,46,45,46,45
3,18,65,full_threshold_0p5,24,18,11,10
3,18,65,cropped_threshold_0p5,22,17,11,10
3,18,65,cropped_calibrated,2,1,2,1
3,18,65,cropped_fixed_budget,44,45,25,28
3,19,96,full_threshold_0p5,71,102,69,101
3,19,96,cropped_threshold_0p5,71,102,69,101
3,19,96,cropped_calibrated,6,3,2,1
3,19,96,cropped_fixed_budget,43,45,28,31
4,0,30,full_threshold_0p5,76,70,33,36
4,0,30,cropped_threshold_0p5,29,32,29,32
4,0,30,cropped_calibrated,4,2,2,1
4,0,30,cropped_fixed_budget,30,45,30,45
4,1,71,full_threshold_0p5,19,16,13,13
4,1,71,cropped_threshold_0p5,17,15,13,13
4,1,71,cropped_calibrated,4,3,4,3
4,1,71,cropped_fixed_budget,38,45,21,31
4,2,73,full_threshold_0p5,44,47,44,47
4,2,73,cropped_threshold_0p5,44,47,44,47
4,2,73,cropped_calibrated,4,2,2,1
4,2,73,cropped_fixed_budget,43,45,43,45
4,3,92,full_threshold_0p5,12,10,10,9
4,3,92,cropped_threshold_0p5,12,10,10,9
4,3,92,cropped_calibrated,4,3,4,3
4,3,92,cropped_fixed_budget,48,45,38,39
4,4,86,full_threshold_0p5,23,20,15,15
4,4,86,cropped_threshold_0p5,22,19,14,14
4,4,86,cropped_calibrated,5,4,5,4
4,4,86,cropped_fixed_budget,34,45,29,42
4,5,25,full_threshold_0p5,37,34,16,17
4,5,25,cropped_threshold_0p5,19,19,15,16
4,5,25,cropped_calibrated,2,1,2,1
4,5,25,cropped_fixed_budget,25,45,25,45
4,6,74,full_threshold_0p5,72,70,59,58
4,6,74,cropped_threshold_0p5,72,70,59,58
4,6,74,cropped_calibrated,11,6,3,2
4,6,74,cropped_fixed_budget,52,45,13,12
4,7,23,full_threshold_0p5,15,13,12,11
4,7,23,cropped_threshold_0p5,15,13,12,11
4,7,23,cropped_calibrated,2,1,2,1
4,7,23,cropped_fixed_budget,22,45,22,45
4,8,49,full_threshold_0p5,16,16,16,16
4,8,49,cropped_threshold_0p5,15,15,15,15
4,8,49,cropped_calibrated,3,2,3,2
4,8,49,cropped_fixed_budget,38,45,27,38
4,9,85,full_threshold_0p5,98,4743,98,4743
4,9,85,cropped_threshold_0p5,85,3560,85,3560
4,9,85,cropped_calibrated,85,3320,85,3320
4,9,85,cropped_fixed_budget,44,45,34,36
4,10,74,full_threshold_0p5,98,4726,98,4726
4,10,74,cropped_threshold_0p5,74,2675,74,2675
4,10,74,cropped_calibrated,74,1594,74,1594
4,10,74,cropped_fixed_budget,47,45,34,37
4,11,48,full_threshold_0p5,90,270,90,270
4,11,48,cropped_threshold_0p5,48,171,48,171
4,11,48,cropped_calibrated,26,22,14,13
4,11,48,cropped_fixed_budget,37,45,37,45
4,12,95,full_threshold_0p5,16,16,14,15
4,12,95,cropped_threshold_0p5,14,15,14,15
4,12,95,cropped_calibrated,2,1,2,1
4,12,95,cropped_fixed_budget,38,45,27,38
4,13,58,full_threshold_0p5,24,21,15,15
4,13,58,cropped_threshold_0p5,20,19,15,15
4,13,58,cropped_calibrated,3,2,3,2
4,13,58,cropped_fixed_budget,42,45,32,37
4,14,43,full_threshold_0p5,26,22,12,12
4,14,43,cropped_threshold_0p5,23,19,12,12
4,14,43,cropped_calibrated,3,2,3,2
4,14,43,cropped_fixed_budget,31,45,31,45
4,15,36,full_threshold_0p5,41,35,16,17
4,15,36,cropped_threshold_0p5,21,19,15,16
4,15,36,cropped_calibrated,5,4,5,4
4,15,36,cropped_fixed_budget,31,45,31,45
4,16,50,full_threshold_0p5,36,33,19,22
4,16,50,cropped_threshold_0p5,26,26,19,22
4,16,50,cropped_calibrated,8,7,8,7
4,16,50,cropped_fixed_budget,42,45,25,32
4,17,68,full_threshold_0p5,67,64,22,24
4,17,68,cropped_threshold_0p5,52,50,22,24
4,17,68,cropped_calibrated,3,2,3,2
4,17,68,cropped_fixed_budget,48,45,18,20
4,18,65,full_threshold_0p5,14,13,14,13
4,18,65,cropped_threshold_0p5,13,12,13,12
4,18,65,cropped_calibrated,4,3,4,3
4,18,65,cropped_fixed_budget,36,45,20,31
4,19,96,full_threshold_0p5,24,21,14,14
4,19,96,cropped_threshold_0p5,22,20,14,14
4,19,96,cropped_calibrated,3,2,3,2
4,19,96,cropped_fixed_budget,50,45,24,27
5,0,30,full_threshold_0p5,98,4711,98,4711
5,0,30,cropped_threshold_0p5,30,401,30,401
5,0,30,cropped_calibrated,27,52,27,52
5,0,30,cropped_fixed_budget,27,45,27,45
5,1,71,full_threshold_0p5,27,20,15,14
5,1,71,cropped_threshold_0p5,21,17,15,14
5,1,71,cropped_calibrated,2,1,2,1
5,1,71,cropped_fixed_budget,41,45,24,31
5,2,73,full_threshold_0p5,27,23,14,14
5,2,73,cropped_threshold_0p5,27,23,14,14
5,2,73,cropped_calibrated,2,1,2,1
5,2,73,cropped_fixed_budget,46,45,35,38
5,3,92,full_threshold_0p5,97,105,97,105
5,3,92,cropped_threshold_0p5,92,100,92,100
5,3,92,cropped_calibrated,7,5,4,3
5,3,92,cropped_fixed_budget,53,45,21,20
5,4,86,full_threshold_0p5,12,10,8,8
5,4,86,cropped_threshold_0p5,12,10,8,8
5,4,86,cropped_calibrated,2,1,2,1
5,4,86,cropped_fixed_budget,35,45,24,37
5,5,25,full_threshold_0p5,34,34,28,29
5,5,25,cropped_threshold_0p5,19,19,16,17
5,5,25,cropped_calibrated,3,2,3,2
5,5,25,cropped_fixed_budget,25,45,25,45
5,6,74,full_threshold_0p5,72,68,56,57
5,6,74,cropped_threshold_0p5,58,58,52,53
5,6,74,cropped_calibrated,2,1,2,1
5,6,74,cropped_fixed_budget,46,45,39,40
5,7,23,full_threshold_0p5,23,18,14,13
5,7,23,cropped_threshold_0p5,14,13,14,13
5,7,23,cropped_calibrated,3,2,3,2
5,7,23,cropped_fixed_budget,23,45,23,45
5,8,49,full_threshold_0p5,16,11,8,7
5,8,49,cropped_threshold_0p5,16,11,8,7
5,8,49,cropped_calibrated,2,1,2,1
5,8,49,cropped_fixed_budget,34,45,29,42
5,9,85,full_threshold_0p5,69,82,59,76
5,9,85,cropped_threshold_0p5,63,79,59,76
5,9,85,cropped_calibrated,4,3,4,3
5,9,85,cropped_fixed_budget,45,45,33,37
5,10,74,full_threshold_0p5,37,29,13,12
5,10,74,cropped_threshold_0p5,37,29,13,12
5,10,74,cropped_calibrated,2,1,2,1
5,10,74,cropped_fixed_budget,48,45,39,40
5,11,48,full_threshold_0p5,70,91,60,84
5,11,48,cropped_threshold_0p5,45,64,45,64
5,11,48,cropped_calibrated,4,2,2,1
5,11,48,cropped_fixed_budget,39,45,39,45
5,12,95,full_threshold_0p5,44,41,25,28
5,12,95,cropped_threshold_0p5,43,40,24,27
5,12,95,cropped_calibrated,2,1,2,1
5,12,95,cropped_fixed_budget,48,45,27,31
5,13,58,full_threshold_0p5,22,21,16,16
5,13,58,cropped_threshold_0p5,22,21,16,16
5,13,58,cropped_calibrated,5,4,5,4
5,13,58,cropped_fixed_budget,36,45,22,32
5,14,43,full_threshold_0p5,56,48,23,22
5,14,43,cropped_threshold_0p5,30,26,23,22
5,14,43,cropped_calibrated,6,3,2,1
5,14,43,cropped_fixed_budget,38,45,36,44
5,15,36,full_threshold_0p5,72,77,68,75
5,15,36,cropped_threshold_0p5,30,33,30,33
5,15,36,cropped_calibrated,2,1,2,1
5,15,36,cropped_fixed_budget,33,45,33,45
5,16,50,full_threshold_0p5,33,27,15,14
5,16,50,cropped_threshold_0p5,23,19,15,14
5,16,50,cropped_calibrated,4,2,2,1
5,16,50,cropped_fixed_budget,44,45,38,41
5,17,68,full_threshold_0p5,24,22,19,19
5,17,68,cropped_threshold_0p5,24,22,19,19
5,17,68,cropped_calibrated,3,2,3,2
5,17,68,cropped_fixed_budget,39,45,37,44
5,18,65,full_threshold_0p5,14,13,10,11
5,18,65,cropped_threshold_0p5,13,12,9,10
5,18,65,cropped_calibrated,2,1,2,1
5,18,65,cropped_fixed_budget,33,45,26,40
5,19,96,full_threshold_0p5,76,78,76,78
5,19,96,cropped_threshold_0p5,74,76,74,76
5,19,96,cropped_calibrated,5,4,5,4
5,19,96,cropped_fixed_budget,49,45,22,21
6,0,30,full_threshold_0p5,98,98,98,98
6,0,30,cropped_threshold_0p5,30,30,30,30
6,0,30,cropped_calibrated,3,2,3,2
6,0,30,cropped_fixed_budget,30,45,30,45
6,1,71,full_threshold_0p5,98,4740,98,4740
6,1,71,cropped_threshold_0p5,71,2472,71,2472
6,1,71,cropped_calibrated,71,1769,71,1769
6,1,71,cropped_fixed_budget,44,45,31,34
6,2,73,full_threshold_0p5,61,58,33,35
6,2,73,cropped_threshold_0p5,59,56,33,35
6,2,73,cropped_calibrated,3,2,3,2
6,2,73,cropped_fixed_budget,51,45,26,26
6,3,92,full_threshold_0p5,28,26,23,23
6,3,92,cropped_threshold_0p5,26,25,23,23
6,3,92,cropped_calibrated,5,4,5,4
6,3,92,cropped_fixed_budget,49,45,28,30
6,4,86,full_threshold_0p5,84,139,82,138
6,4,86,cropped_threshold_0p5,79,132,79,132
6,4,86,cropped_calibrated,6,4,4,3
6,4,86,cropped_fixed_budget,42,45,38,43
6,5,25,full_threshold_0p5,21,20,19,19
6,5,25,cropped_threshold_0p5,18,18,18,18
6,5,25,cropped_calibrated,3,2,3,2
6,5,25,cropped_fixed_budget,25,45,25,45
6,6,74,full_threshold_0p5,16,16,16,16
6,6,74,cropped_threshold_0p5,16,16,16,16
6,6,74,cropped_calibrated,7,4,3,2
6,6,74,cropped_fixed_budget,40,45,34,41
6,7,23,full_threshold_0p5,30,27,17,17
6,7,23,cropped_threshold_0p5,15,15,15,15
6,7,23,cropped_calibrated,8,6,5,4
6,7,23,cropped_fixed_budget,22,45,22,45
6,8,49,full_threshold_0p5,38,43,32,40
6,8,49,cropped_threshold_0p5,34,39,30,37
6,8,49,cropped_calibrated,6,4,3,2
6,8,49,cropped_fixed_budget,37,45,35,44
6,9,85,full_threshold_0p5,9,9,9,9
6,9,85,cropped_threshold_0p5,9,9,9,9
6,9,85,cropped_calibrated,3,2,3,2
6,9,85,cropped_fixed_budget,42,45,32,39
6,10,74,full_threshold_0p5,65,57,30,31
6,10,74,cropped_threshold_0p5,52,48,30,31
6,10,74,cropped_calibrated,7,5,4,3
6,10,74,cropped_fixed_budget,48,45,28,29
6,11,48,full_threshold_0p5,21,18,9,9
6,11,48,cropped_threshold_0p5,20,17,9,9
6,11,48,cropped_calibrated,2,1,2,1
6,11,48,cropped_fixed_budget,41,45,37,42
6,12,95,full_threshold_0p5,52,50,41,43
6,12,95,cropped_threshold_0p5,50,49,41,43
6,12,95,cropped_calibrated,3,2,3,2
6,12,95,cropped_fixed_budget,48,45,27,28
6,13,58,full_threshold_0p5,17,16,11,13
6,13,58,cropped_threshold_0p5,17,16,11,13
6,13,58,cropped_calibrated,2,1,2,1
6,13,58,cropped_fixed_budget,46,45,15,20
6,14,43,full_threshold_0p5,73,74,68,70
6,14,43,cropped_threshold_0p5,42,44,42,44
6,14,43,cropped_calibrated,2,1,2,1
6,14,43,cropped_fixed_budget,42,45,42,45
6,15,36,full_threshold_0p5,41,37,23,27
6,15,36,cropped_threshold_0p5,23,27,23,27
6,15,36,cropped_calibrated,8,7,8,7
6,15,36,cropped_fixed_budget,35,45,35,45
6,16,50,full_threshold_0p5,17,15,13,12
6,16,50,cropped_threshold_0p5,17,15,13,12
6,16,50,cropped_calibrated,2,1,2,1
6,16,50,cropped_fixed_budget,38,45,36,44
6,17,68,full_threshold_0p5,47,45,23,22
6,17,68,cropped_threshold_0p5,47,45,23,22
6,17,68,cropped_calibrated,5,3,3,2
6,17,68,cropped_fixed_budget,47,45,23,22
6,18,65,full_threshold_0p5,15,15,13,14
6,18,65,cropped_threshold_0p5,13,14,13,14
6,18,65,cropped_calibrated,3,2,3,2
6,18,65,cropped_fixed_budget,34,45,28,41
6,19,96,full_threshold_0p5,24,22,11,12
6,19,96,cropped_threshold_0p5,24,22,11,12
6,19,96,cropped_calibrated,3,2,3,2
6,19,96,cropped_fixed_budget,44,45,24,28
7,0,30,full_threshold_0p5,10,11,10,11
7,0,30,cropped_threshold_0p5,10,11,10,11
7,0,30,cropped_calibrated,2,1,2,1
7,0,30,cropped_fixed_budget,28,45,28,45
7,1,71,full_threshold_0p5,19,22,16,20
7,1,71,cropped_threshold_0p5,18,21,15,19
7,1,71,cropped_calibrated,3,2,3,2
7,1,71,cropped_fixed_budget,28,45,28,45
7,2,73,full_threshold_0p5,26,22,16,16
7,2,73,cropped_threshold_0p5,26,22,16,16
7,2,73,cropped_calibrated,4,3,4,3
7,2,73,cropped_fixed_budget,40,45,33,40
7,3,92,full_threshold_0p5,80,80,61,63
7,3,92,cropped_threshold_0p5,74,74,61,63
7,3,92,cropped_calibrated,6,3,2,1
7,3,92,cropped_fixed_budget,49,45,38,38
7,4,86,full_threshold_0p5,14,13,12,12
7,4,86,cropped_threshold_0p5,12,12,12,12
7,4,86,cropped_calibrated,3,2,3,2
7,4,86,cropped_fixed_budget,40,45,24,35
7,5,25,full_threshold_0p5,98,4717,98,4717
7,5,25,cropped_threshold_0p5,25,278,25,278
7,5,25,cropped_calibrated,24,53,24,53
7,5,25,cropped_fixed_budget,24,45,24,45
7,6,74,full_threshold_0p5,41,35,10,11
7,6,74,cropped_threshold_0p5,37,33,10,11
7,6,74,cropped_calibrated,4,2,2,1
7,6,74,cropped_fixed_budget,46,45,17,20
7,7,23,full_threshold_0p5,98,3852,98,3852
7,7,23,cropped_threshold_0p5,23,124,23,124
7,7,23,cropped_calibrated,9,6,3,2
7,7,23,cropped_fixed_budget,23,45,23,45
7,8,49,full_threshold_0p5,31,26,14,13
7,8,49,cropped_threshold_0p5,29,24,13,12
7,8,49,cropped_calibrated,3,2,3,2
7,8,49,cropped_fixed_budget,40,45,20,27
7,9,85,full_threshold_0p5,33,34,21,27
7,9,85,cropped_threshold_0p5,31,33,21,27
7,9,85,cropped_calibrated,2,1,2,1
7,9,85,cropped_fixed_budget,39,45,30,40
7,10,74,full_threshold_0p5,14,13,14,13
7,10,74,cropped_threshold_0p5,14,13,14,13
7,10,74,cropped_calibrated,4,2,2,1
7,10,74,cropped_fixed_budget,37,45,30,41
7,11,48,full_threshold_0p5,20,19,20,19
7,11,48,cropped_threshold_0p5,20,19,20,19
7,11,48,cropped_calibrated,4,3,4,3
7,11,48,cropped_fixed_budget,35,45,25,37
7,12,95,full_threshold_0p5,42,35,23,24
7,12,95,cropped_threshold_0p5,38,33,23,24
7,12,95,cropped_calibrated,8,6,6,5
7,12,95,cropped_fixed_budget,49,45,29,32
7,13,58,full_threshold_0p5,45,45,45,45
7,13,58,cropped_threshold_0p5,45,45,45,45
7,13,58,cropped_calibrated,2,1,2,1
7,13,58,cropped_fixed_budget,45,45,45,45
7,14,43,full_threshold_0p5,22,22,16,18
7,14,43,cropped_threshold_0p5,20,21,16,18
7,14,43,cropped_calibrated,4,2,2,1
7,14,43,cropped_fixed_budget,25,45,25,45
7,15,36,full_threshold_0p5,46,42,22,24
7,15,36,cropped_threshold_0p5,28,26,19,20
7,15,36,cropped_calibrated,2,1,2,1
7,15,36,cropped_fixed_budget,35,45,35,45
7,16,50,full_threshold_0p5,8,7,8,7
7,16,50,cropped_threshold_0p5,8,7,8,7
7,16,50,cropped_calibrated,2,1,2,1
7,16,50,cropped_fixed_budget,32,45,32,45
7,17,68,full_threshold_0p5,25,19,14,13
7,17,68,cropped_threshold_0p5,25,19,14,13
7,17,68,cropped_calibrated,5,3,3,2
7,17,68,cropped_fixed_budget,45,45,33,37
7,18,65,full_threshold_0p5,37,34,16,15
7,18,65,cropped_threshold_0p5,36,33,16,15
7,18,65,cropped_calibrated,5,3,3,2
7,18,65,cropped_fixed_budget,45,45,35,38
7,19,96,full_threshold_0p5,48,47,39,40
7,19,96,cropped_threshold_0p5,46,45,37,38
7,19,96,cropped_calibrated,7,5,5,4
7,19,96,cropped_fixed_budget,46,45,37,38
8,0,30,full_threshold_0p5,37,36,30,31
8,0,30,cropped_threshold_0p5,25,26,25,26
8,0,30,cropped_calibrated,7,6,7,6
8,0,30,cropped_fixed_budget,30,45,30,45
8,1,71,full_threshold_0p5,33,30,27,27
8,1,71,cropped_threshold_0p5,31,29,27,27
8,1,71,cropped_calibrated,2,1,2,1
8,1,71,cropped_fixed_budget,46,45,37,40
8,2,73,full_threshold_0p5,34,24,11,10
8,2,73,cropped_threshold_0p5,34,24,11,10
8,2,73,cropped_calibrated,4,2,2,1
8,2,73,cropped_fixed_budget,46,45,27,30
8,3,92,full_threshold_0p5,41,35,20,20
8,3,92,cropped_threshold_0p5,41,35,20,20
8,3,92,cropped_calibrated,8,5,4,3
8,3,92,cropped_fixed_budget,48,45,25,27
8,4,86,full_threshold_0p5,21,21,17,19
8,4,86,cropped_threshold_0p5,21,21,17,19
8,4,86,cropped_calibrated,2,1,2,1
8,4,86,cropped_fixed_budget,38,45,32,42
8,5,25,full_threshold_0p5,89,430,89,430
8,5,25,cropped_threshold_0p5,25,84,25,84
8,5,25,cropped_calibrated,11,6,3,2
8,5,25,cropped_fixed_budget,25,45,25,45
8,6,74,full_threshold_0p5,18,14,12,11
8,6,74,cropped_threshold_0p5,18,14,12,11
8,6,74,cropped_calibrated,6,4,4,3
8,6,74,cropped_fixed_budget,49,45,31,31
8,7,23,full_threshold_0p5,38,34,26,26
8,7,23,cropped_threshold_0p5,22,22,22,22
8,7,23,cropped_calibrated,11,8,5,4
8,7,23,cropped_fixed_budget,23,45,23,45
8,8,49,full_threshold_0p5,25,22,10,9
8,8,49,cropped_threshold_0p5,25,22,10,9
8,8,49,cropped_calibrated,2,1,2,1
8,8,49,cropped_fixed_budget,34,45,34,45
8,9,85,full_threshold_0p5,19,18,13,14
8,9,85,cropped_threshold_0p5,19,18,13,14
8,9,85,cropped_calibrated,3,2,3,2
8,9,85,cropped_fixed_budget,35,45,33,44
8,10,74,full_threshold_0p5,9,8,9,8
8,10,74,cropped_threshold_0p5,9,8,9,8
8,10,74,cropped_calibrated,4,3,4,3
8,10,74,cropped_fixed_budget,40,45,30,38
8,11,48,full_threshold_0p5,24,22,16,18
8,11,48,cropped_threshold_0p5,20,20,16,18
8,11,48,cropped_calibrated,3,2,3,2
8,11,48,cropped_fixed_budget,35,45,25,36
8,12,95,full_threshold_0p5,63,64,59,62
8,12,95,cropped_threshold_0p5,61,63,59,62
8,12,95,cropped_calibrated,5,3,3,2
8,12,95,cropped_fixed_budget,50,45,29,28
8,13,58,full_threshold_0p5,20,20,20,20
8,13,58,cropped_threshold_0p5,19,19,19,19
8,13,58,cropped_calibrated,2,1,2,1
8,13,58,cropped_fixed_budget,34,45,32,44
8,14,43,full_threshold_0p5,26,28,23,26
8,14,43,cropped_threshold_0p5,26,28,23,26
8,14,43,cropped_calibrated,3,2,3,2
8,14,43,cropped_fixed_budget,38,45,34,42
8,15,36,full_threshold_0p5,46,42,33,33
8,15,36,cropped_threshold_0p5,25,23,23,22
8,15,36,cropped_calibrated,5,4,5,4
8,15,36,cropped_fixed_budget,35,45,35,45
8,16,50,full_threshold_0p5,49,49,49,49
8,16,50,cropped_threshold_0p5,49,49,49,49
8,16,50,cropped_calibrated,10,8,6,5
8,16,50,cropped_fixed_budget,46,45,31,31
8,17,68,full_threshold_0p5,17,17,13,15
8,17,68,cropped_threshold_0p5,17,17,13,15
8,17,68,cropped_calibrated,2,1,2,1
8,17,68,cropped_fixed_budget,36,45,26,39
8,18,65,full_threshold_0p5,24,25,24,25
8,18,65,cropped_threshold_0p5,23,23,23,23
8,18,65,cropped_calibrated,9,7,6,5
8,18,65,cropped_fixed_budget,35,45,35,45
8,19,96,full_threshold_0p5,79,81,63,69
8,19,96,cropped_threshold_0p5,77,80,63,69
8,19,96,cropped_calibrated,10,8,7,6
8,19,96,cropped_fixed_budget,51,45,30,31
9,0,30,full_threshold_0p5,14,16,12,15
9,0,30,cropped_threshold_0p5,12,15,12,15
9,0,30,cropped_calibrated,3,2,3,2
9,0,30,cropped_fixed_budget,29,45,29,45
9,1,71,full_threshold_0p5,46,43,33,35
9,1,71,cropped_threshold_0p5,40,40,33,35
9,1,71,cropped_calibrated,9,7,7,6
9,1,71,cropped_fixed_budget,43,45,35,39
9,2,73,full_threshold_0p5,28,24,19,19
9,2,73,cropped_threshold_0p5,27,23,18,18
9,2,73,cropped_calibrated,5,3,3,2
9,2,73,cropped_fixed_budget,43,45,32,38
9,3,92,full_threshold_0p5,23,22,19,19
9,3,92,cropped_threshold_0p5,23,22,19,19
9,3,92,cropped_calibrated,4,3,4,3
9,3,92,cropped_fixed_budget,40,45,26,34
9,4,86,full_threshold_0p5,29,29,15,19
9,4,86,cropped_threshold_0p5,27,28,15,19
9,4,86,cropped_calibrated,8,5,4,3
9,4,86,cropped_fixed_budget,43,45,16,20
9,5,25,full_threshold_0p5,23,23,14,17
9,5,25,cropped_threshold_0p5,14,17,14,17
9,5,25,cropped_calibrated,2,1,2,1
9,5,25,cropped_fixed_budget,24,45,24,45
9,6,74,full_threshold_0p5,17,15,13,13
9,6,74,cropped_threshold_0p5,15,14,13,13
9,6,74,cropped_calibrated,3,2,3,2
9,6,74,cropped_fixed_budget,40,45,30,39
9,7,23,full_threshold_0p5,72,98,66,94
9,7,23,cropped_threshold_0p5,22,30,22,30
9,7,23,cropped_calibrated,4,2,2,1
9,7,23,cropped_fixed_budget,22,45,22,45
9,8,49,full_threshold_0p5,98,1663,98,1663
9,8,49,cropped_threshold_0p5,49,559,49,559
9,8,49,cropped_calibrated,22,15,6,5
9,8,49,cropped_fixed_budget,42,45,34,40
9,9,85,full_threshold_0p5,19,15,8,7
9,9,85,cropped_threshold_0p5,19,15,8,7
9,9,85,cropped_calibrated,2,1,2,1
9,9,85,cropped_fixed_budget,35,45,33,44
9,10,74,full_threshold_0p5,22,22,18,20
9,10,74,cropped_threshold_0p5,22,22,18,20
9,10,74,cropped_calibrated,7,4,3,2
9,10,74,cropped_fixed_budget,45,45,20,26
9,11,48,full_threshold_0p5,86,178,86,178
9,11,48,cropped_threshold_0p5,48,130,48,130
9,11,48,cropped_calibrated,9,6,4,3
9,11,48,cropped_fixed_budget,42,45,42,45
9,12,95,full_threshold_0p5,30,29,21,21
9,12,95,cropped_threshold_0p5,29,28,20,20
9,12,95,cropped_calibrated,4,3,4,3
9,12,95,cropped_fixed_budget,49,45,22,24
9,13,58,full_threshold_0p5,26,18,8,7
9,13,58,cropped_threshold_0p5,20,14,8,7
9,13,58,cropped_calibrated,2,1,2,1
9,13,58,cropped_fixed_budget,39,45,37,44
9,14,43,full_threshold_0p5,60,55,23,25
9,14,43,cropped_threshold_0p5,29,30,23,25
9,14,43,cropped_calibrated,4,3,4,3
9,14,43,cropped_fixed_budget,41,45,25,31
9,15,36,full_threshold_0p5,24,23,20,21
9,15,36,cropped_threshold_0p5,19,20,19,20
9,15,36,cropped_calibrated,5,4,5,4
9,15,36,cropped_fixed_budget,35,45,35,45
9,16,50,full_threshold_0p5,23,20,17,17
9,16,50,cropped_threshold_0p5,22,19,16,16
9,16,50,cropped_calibrated,7,5,4,3
9,16,50,cropped_fixed_budget,43,45,23,28
9,17,68,full_threshold_0p5,38,54,38,54
9,17,68,cropped_threshold_0p5,38,54,38,54
9,17,68,cropped_calibrated,2,1,2,1
9,17,68,cropped_fixed_budget,37,45,35,44
9,18,65,full_threshold_0p5,98,4134,98,4134
9,18,65,cropped_threshold_0p5,65,1621,65,1621
9,18,65,cropped_calibrated,20,15,7,6
9,18,65,cropped_fixed_budget,39,45,31,40
9,19,96,full_threshold_0p5,55,46,23,23
9,19,96,cropped_threshold_0p5,55,46,23,23
9,19,96,cropped_calibrated,12,10,8,7
9,19,96,cropped_fixed_budget,54,45,23,23
10,0,30,full_threshold_0p5,41,34,14,13
10,0,30,cropped_threshold_0p5,20,18,14,13
10,0,30,cropped_calibrated,7,4,3,2
10,0,30,cropped_fixed_budget,30,45,30,45
10,1,71,full_threshold_0p5,20,19,20,19
10,1,71,cropped_threshold_0p5,19,18,19,18
10,1,71,cropped_calibrated,7,6,7,6
10,1,71,cropped_fixed_budget,45,45,33,37
10,2,73,full_threshold_0p5,13,11,10,9
10,2,73,cropped_threshold_0p5,13,11,10,9
10,2,73,cropped_calibrated,3,2,3,2
10,2,73,cropped_fixed_budget,42,45,36,42
10,3,92,full_threshold_0p5,22,19,15,15
10,3,92,cropped_threshold_0p5,22,19,15,15
10,3,92,cropped_calibrated,2,1,2,1
10,3,92,cropped_fixed_budget,42,45,29,35
10,4,86,full_threshold_0p5,25,26,14,17
10,4,86,cropped_threshold_0p5,25,26,14,17
10,4,86,cropped_calibrated,7,5,4,3
10,4,86,cropped_fixed_budget,41,45,31,39
10,5,25,full_threshold_0p5,25,24,13,16
10,5,25,cropped_threshold_0p5,13,16,13,16
10,5,25,cropped_calibrated,4,2,2,1
10,5,25,cropped_fixed_budget,25,45,25,45
10,6,74,full_threshold_0p5,32,32,30,31
10,6,74,cropped_threshold_0p5,31,31,29,30
10,6,74,cropped_calibrated,6,4,4,3
10,6,74,cropped_fixed_budget,40,45,38,44
10,7,23,full_threshold_0p5,86,86,46,46
10,7,23,cropped_threshold_0p5,21,22,21,22
10,7,23,cropped_calibrated,4,3,4,3
10,7,23,cropped_fixed_budget,23,45,23,45
10,8,49,full_threshold_0p5,20,21,20,21
10,8,49,cropped_threshold_0p5,19,20,19,20
10,8,49,cropped_calibrated,4,3,4,3
10,8,49,cropped_fixed_budget,36,45,22,35
10,9,85,full_threshold_0p5,57,47,23,22
10,9,85,cropped_threshold_0p5,55,46,23,22
10,9,85,cropped_calibrated,2,1,2,1
10,9,85,cropped_fixed_budget,54,45,23,22
10,10,74,full_threshold_0p5,34,32,18,17
10,10,74,cropped_threshold_0p5,34,32,18,17
10,10,74,cropped_calibrated,2,1,2,1
10,10,74,cropped_fixed_budget,45,45,23,25
10,11,48,full_threshold_0p5,33,32,26,27
10,11,48,cropped_threshold_0p5,32,31,26,27
10,11,48,cropped_calibrated,8,6,5,4
10,11,48,cropped_fixed_budget,41,45,29,35
10,12,95,full_threshold_0p5,35,29,14,13
10,12,95,cropped_threshold_0p5,35,29,14,13
10,12,95,cropped_calibrated,5,4,5,4
10,12,95,cropped_fixed_budget,45,45,35,40
10,13,58,full_threshold_0p5,26,26,17,21
10,13,58,cropped_threshold_0p5,24,24,15,19
10,13,58,cropped_calibrated,5,4,5,4
10,13,58,cropped_fixed_budget,39,45,30,39
10,14,43,full_threshold_0p5,36,28,13,14
10,14,43,cropped_threshold_0p5,24,21,13,14
10,14,43,cropped_calibrated,2,1,2,1
10,14,43,cropped_fixed_budget,36,45,36,45
10,15,36,full_threshold_0p5,87,86,83,84
10,15,36,cropped_threshold_0p5,30,30,30,30
10,15,36,cropped_calibrated,2,1,2,1
10,15,36,cropped_fixed_budget,36,45,36,45
10,16,50,full_threshold_0p5,38,38,32,33
10,16,50,cropped_threshold_0p5,37,37,31,32
10,16,50,cropped_calibrated,4,2,2,1
10,16,50,cropped_fixed_budget,43,45,35,38
10,17,68,full_threshold_0p5,72,74,72,74
10,17,68,cropped_threshold_0p5,67,69,67,69
10,17,68,cropped_calibrated,12,7,4,3
10,17,68,cropped_fixed_budget,50,45,18,17
10,18,65,full_threshold_0p5,9,8,9,8
10,18,65,cropped_threshold_0p5,9,8,9,8
10,18,65,cropped_calibrated,2,1,2,1
10,18,65,cropped_fixed_budget,37,45,24,37
10,19,96,full_threshold_0p5,31,34,25,30
10,19,96,cropped_threshold_0p5,31,34,25,30
10,19,96,cropped_calibrated,3,2,3,2
10,19,96,cropped_fixed_budget,38,45,27,38
11,0,30,full_threshold_0p5,21,19,13,14
11,0,30,cropped_threshold_0p5,13,14,13,14
11,0,30,cropped_calibrated,2,1,2,1
11,0,30,cropped_fixed_budget,30,45,30,45
11,1,71,full_threshold_0p5,81,112,81,112
11,1,71,cropped_threshold_0p5,71,102,71,102
11,1,71,cropped_calibrated,7,4,3,2
11,1,71,cropped_fixed_budget,53,45,17,16
11,2,73,full_threshold_0p5,24,22,20,20
11,2,73,cropped_threshold_0p5,20,20,20,20
11,2,73,cropped_calibrated,3,2,3,2
11,2,73,cropped_fixed_budget,45,45,26,31
11,3,92,full_threshold_0p5,16,14,14,13
11,3,92,cropped_threshold_0p5,14,12,12,11
11,3,92,cropped_calibrated,6,5,6,5
11,3,92,cropped_fixed_budget,45,45,17,21
11,4,86,full_threshold_0p5,14,16,14,16
11,4,86,cropped_threshold_0p5,13,15,13,15
11,4,86,cropped_calibrated,2,1,2,1
11,4,86,cropped_fixed_budget,36,45,25,39
11,5,25,full_threshold_0p5,33,30,22,23
11,5,25,cropped_threshold_0p5,23,23,21,22
11,5,25,cropped_calibrated,3,2,3,2
11,5,25,cropped_fixed_budget,25,45,25,45
11,6,74,full_threshold_0p5,41,33,12,11
11,6,74,cropped_threshold_0p5,41,33,12,11
11,6,74,cropped_calibrated,3,2,3,2
11,6,74,cropped_fixed_budget,47,45,29,30
11,7,23,full_threshold_0p5,97,246,97,246
11,7,23,cropped_threshold_0p5,23,63,23,63
11,7,23,cropped_calibrated,7,5,5,4
11,7,23,cropped_fixed_budget,23,45,23,45
11,8,49,full_threshold_0p5,30,30,28,29
11,8,49,cropped_threshold_0p5,29,28,27,27
11,8,49,cropped_calibrated,5,3,3,2
11,8,49,cropped_fixed_budget,37,45,37,45
11,9,85,full_threshold_0p5,64,68,58,63
11,9,85,cropped_threshold_0p5,64,68,58,63
11,9,85,cropped_calibrated,6,4,4,3
11,9,85,cropped_fixed_budget,49,45,17,20
11,10,74,full_threshold_0p5,56,61,52,59
11,10,74,cropped_threshold_0p5,53,58,49,56
11,10,74,cropped_calibrated,4,2,2,1
11,10,74,cropped_fixed_budget,43,45,27,31
11,11,48,full_threshold_0p5,41,42,41,42
11,11,48,cropped_threshold_0p5,40,41,40,41
11,11,48,cropped_calibrated,8,5,3,2
11,11,48,cropped_fixed_budget,43,45,43,45
11,12,95,full_threshold_0p5,40,36,23,25
11,12,95,cropped_threshold_0p5,40,36,23,25
11,12,95,cropped_calibrated,7,5,4,3
11,12,95,cropped_fixed_budget,48,45,29,32
11,13,58,full_threshold_0p5,30,27,16,16
11,13,58,cropped_threshold_0p5,29,26,15,15
11,13,58,cropped_calibrated,7,6,7,6
11,13,58,cropped_fixed_budget,45,45,37,40
11,14,43,full_threshold_0p5,39,33,28,27
11,14,43,cropped_threshold_0p5,23,22,23,22
11,14,43,cropped_calibrated,6,5,6,5
11,14,43,cropped_fixed_budget,35,45,35,45
11,15,36,full_threshold_0p5,28,22,12,11
11,15,36,cropped_threshold_0p5,21,17,12,11
11,15,36,cropped_calibrated,2,1,2,1
11,15,36,cropped_fixed_budget,33,45,33,45
11,16,50,full_threshold_0p5,21,18,14,14
11,16,50,cropped_threshold_0p5,21,18,14,14
11,16,50,cropped_calibrated,8,7,8,7
11,16,50,cropped_fixed_budget,40,45,34,41
11,17,68,full_threshold_0p5,36,35,27,29
11,17,68,cropped_threshold_0p5,35,34,26,28
11,17,68,cropped_calibrated,5,3,3,2
11,17,68,cropped_fixed_budget,42,45,33,39
11,18,65,full_threshold_0p5,55,56,46,50
11,18,65,cropped_threshold_0p5,48,50,44,48
11,18,65,cropped_calibrated,8,5,4,3
11,18,65,cropped_fixed_budget,45,45,41,43
11,19,96,full_threshold_0p5,45,45,43,44
11,19,96,cropped_threshold_0p5,45,45,43,44
11,19,96,cropped_calibrated,2,1,2,1
11,19,96,cropped_fixed_budget,45,45,43,44
12,0,30,full_threshold_0p5,31,23,17,16
12,0,30,cropped_threshold_0p5,19,17,17,16
12,0,30,cropped_calibrated,3,2,3,2
12,0,30,cropped_fixed_budget,28,45,28,45
12,1,71,full_threshold_0p5,16,16,14,15
12,1,71,cropped_threshold_0p5,14,15,14,15
12,1,71,cropped_calibrated,7,6,7,6
12,1,71,cropped_fixed_budget,33,45,26,40
12,2,73,full_threshold_0p5,98,4688,98,4688
12,2,73,cropped_threshold_0p5,73,2564,73,2564
12,2,73,cropped_calibrated,70,149,70,149
12,2,73,cropped_fixed_budget,44,45,39,42
12,3,92,full_threshold_0p5,22,18,14,13
12,3,92,cropped_threshold_0p5,21,17,13,12
12,3,92,cropped_calibrated,2,1,2,1
12,3,92,cropped_fixed_budget,41,45,28,36
12,4,86,full_threshold_0p5,42,43,32,37
12,4,86,cropped_threshold_0p5,41,42,31,36
12,4,86,cropped_calibrated,4,3,4,3
12,4,86,cropped_fixed_budget,44,45,32,38
12,5,25,full_threshold_0p5,60,64,33,41
12,5,25,cropped_threshold_0p5,24,31,24,31
12,5,25,cropped_calibrated,8,5,4,3
12,5,25,cropped_fixed_budget,25,45,25,45
12,6,74,full_threshold_0p5,14,13,9,10
12,6,74,cropped_threshold_0p5,14,13,9,10
12,6,74,cropped_calibrated,4,3,4,3
12,6,74,cropped_fixed_budget,40,45,23,32
12,7,23,full_threshold_0p5,16,16,16,16
12,7,23,cropped_threshold_0p5,15,15,15,15
12,7,23,cropped_calibrated,4,3,4,3
12,7,23,cropped_fixed_budget,23,45,23,45
12,8,49,full_threshold_0p5,21,19,17,17
12,8,49,cropped_threshold_0p5,19,17,15,15
12,8,49,cropped_calibrated,4,3,4,3
12,8,49,cropped_fixed_budget,37,45,32,41
12,9,85,full_threshold_0p5,59,51,18,18
12,9,85,cropped_threshold_0p5,47,39,17,17
12,9,85,cropped_calibrated,6,4,4,3
12,9,85,cropped_fixed_budget,53,45,17,18
12,10,74,full_threshold_0p5,70,69,68,68
12,10,74,cropped_threshold_0p5,68,68,68,68
12,10,74,cropped_calibrated,5,4,5,4
12,10,74,cropped_fixed_budget,50,45,32,31
12,11,48,full_threshold_0p5,14,10,7,6
12,11,48,cropped_threshold_0p5,7,6,7,6
12,11,48,cropped_calibrated,3,2,3,2
12,11,48,cropped_fixed_budget,36,45,36,45
12,12,95,full_threshold_0p5,54,73,52,72
12,12,95,cropped_threshold_0p5,54,73,52,72
12,12,95,cropped_calibrated,0,0,0,0
12,12,95,cropped_fixed_budget,46,45,39,39
12,13,58,full_threshold_0p5,35,29,11,11
12,13,58,cropped_threshold_0p5,32,27,10,10
12,13,58,cropped_calibrated,4,3,4,3
12,13,58,cropped_fixed_budget,42,45,34,37
12,14,43,full_threshold_0p5,12,9,7,6
12,14,43,cropped_threshold_0p5,12,9,7,6
12,14,43,cropped_calibrated,3,2,3,2
12,14,43,cropped_fixed_budget,32,45,32,45
12,15,36,full_threshold_0p5,36,31,18,19
12,15,36,cropped_threshold_0p5,21,21,18,19
12,15,36,cropped_calibrated,12,11,12,11
12,15,36,cropped_fixed_budget,32,45,32,45
12,16,50,full_threshold_0p5,21,17,14,13
12,16,50,cropped_threshold_0p5,20,16,13,12
12,16,50,cropped_calibrated,4,2,2,1
12,16,50,cropped_fixed_budget,38,45,29,38
12,17,68,full_threshold_0p5,34,35,27,30
12,17,68,cropped_threshold_0p5,33,34,27,30
12,17,68,cropped_calibrated,8,6,6,5
12,17,68,cropped_fixed_budget,40,45,28,38
12,18,65,full_threshold_0p5,44,54,33,46
12,18,65,cropped_threshold_0p5,44,54,33,46
12,18,65,cropped_calibrated,2,1,2,1
12,18,65,cropped_fixed_budget,39,45,26,35
12,19,96,full_threshold_0p5,29,33,25,30
12,19,96,cropped_threshold_0p5,29,33,25,30
12,19,96,cropped_calibrated,6,4,3,2
12,19,96,cropped_fixed_budget,35,45,35,45
13,0,30,full_threshold_0p5,13,11,9,9
13,0,30,cropped_threshold_0p5,11,10,9,9
13,0,30,cropped_calibrated,2,1,2,1
13,0,30,cropped_fixed_budget,27,45,27,45
13,1,71,full_threshold_0p5,15,12,10,9
13,1,71,cropped_threshold_0p5,12,9,7,6
13,1,71,cropped_calibrated,2,1,2,1
13,1,71,cropped_fixed_budget,28,45,25,43
13,2,73,full_threshold_0p5,64,97,59,94
13,2,73,cropped_threshold_0p5,61,93,56,90
13,2,73,cropped_calibrated,2,1,2,1
13,2,73,cropped_fixed_budget,43,45,33,38
13,3,92,full_threshold_0p5,12,13,12,13
13,3,92,cropped_threshold_0p5,12,13,12,13
13,3,92,cropped_calibrated,2,1,2,1
13,3,92,cropped_fixed_budget,48,45,23,29
13,4,86,full_threshold_0p5,30,28,11,13
13,4,86,cropped_threshold_0p5,30,28,11,13
13,4,86,cropped_calibrated,6,4,4,3
13,4,86,cropped_fixed_budget,46,45,17,20
13,5,25,full_threshold_0p5,21,21,21,21
13,5,25,cropped_threshold_0p5,19,19,19,19
13,5,25,cropped_calibrated,8,7,8,7
13,5,25,cropped_fixed_budget,25,45,25,45
13,6,74,full_threshold_0p5,40,37,20,23
13,6,74,cropped_threshold_0p5,35,34,20,23
13,6,74,cropped_calibrated,3,2,3,2
13,6,74,cropped_fixed_budget,41,45,25,33
13,7,23,full_threshold_0p5,23,26,23,26
13,7,23,cropped_threshold_0p5,22,25,22,25
13,7,23,cropped_calibrated,11,10,11,10
13,7,23,cropped_fixed_budget,23,45,23,45
13,8,49,full_threshold_0p5,77,281,77,281
13,8,49,cropped_threshold_0p5,49,210,49,210
13,8,49,cropped_calibrated,5,3,3,2
13,8,49,cropped_fixed_budget,37,45,35,44
13,9,85,full_threshold_0p5,44,50,33,44
13,9,85,cropped_threshold_0p5,43,49,32,43
13,9,85,cropped_calibrated,6,4,4,3
13,9,85,cropped_fixed_budget,40,45,32,41
13,10,74,full_threshold_0p5,17,22,15,21
13,10,74,cropped_threshold_0p5,16,21,14,20
13,10,74,cropped_calibrated,6,4,3,2
13,10,74,cropped_fixed_budget,38,45,28,39
13,11,48,full_threshold_0p5,32,28,13,13
13,11,48,cropped_threshold_0p5,32,28,13,13
13,11,48,cropped_calibrated,6,3,2,1
13,11,48,cropped_fixed_budget,45,45,43,44
13,12,95,full_threshold_0p5,50,75,43,69
13,12,95,cropped_threshold_0p5,48,73,43,69
13,12,95,cropped_calibrated,2,1,2,1
13,12,95,cropped_fixed_budget,41,45,31,39
13,13,58,full_threshold_0p5,27,19,7,6
13,13,58,cropped_threshold_0p5,20,14,5,4
13,13,58,cropped_calibrated,2,1,2,1
13,13,58,cropped_fixed_budget,46,45,19,24
13,14,43,full_threshold_0p5,14,15,12,14
13,14,43,cropped_threshold_0p5,11,13,11,13
13,14,43,cropped_calibrated,2,1,2,1
13,14,43,cropped_fixed_budget,32,45,30,44
13,15,36,full_threshold_0p5,17,16,15,15
13,15,36,cropped_threshold_0p5,14,14,14,14
13,15,36,cropped_calibrated,6,4,4,3
13,15,36,cropped_fixed_budget,31,45,29,44
13,16,50,full_threshold_0p5,24,24,18,20
13,16,50,cropped_threshold_0p5,24,24,18,20
13,16,50,cropped_calibrated,2,1,2,1
13,16,50,cropped_fixed_budget,36,45,31,42
13,17,68,full_threshold_0p5,21,19,14,14
13,17,68,cropped_threshold_0p5,20,17,13,12
13,17,68,cropped_calibrated,4,3,4,3
13,17,68,cropped_fixed_budget,32,45,28,43
13,18,65,full_threshold_0p5,28,27,23,24
13,18,65,cropped_threshold_0p5,26,26,23,24
13,18,65,cropped_calibrated,5,4,5,4
13,18,65,cropped_fixed_budget,42,45,32,38
13,19,96,full_threshold_0p5,15,15,9,10
13,19,96,cropped_threshold_0p5,15,15,9,10
13,19,96,cropped_calibrated,2,1,2,1
13,19,96,cropped_fixed_budget,40,45,15,24
14,0,30,full_threshold_0p5,86,145,86,145
14,0,30,cropped_threshold_0p5,29,49,29,49
14,0,30,cropped_calibrated,9,7,6,5
14,0,30,cropped_fixed_budget,29,45,29,45
14,1,71,full_threshold_0p5,36,33,20,21
14,1,71,cropped_threshold_0p5,35,32,19,20
14,1,71,cropped_calibrated,6,5,6,5
14,1,71,cropped_fixed_budget,46,45,20,23
14,2,73,full_threshold_0p5,35,29,10,9
14,2,73,cropped_threshold_0p5,33,28,10,9
14,2,73,cropped_calibrated,3,2,3,2
14,2,73,cropped_fixed_budget,42,45,36,41
14,3,92,full_threshold_0p5,46,43,26,26
14,3,92,cropped_threshold_0p5,46,43,26,26
14,3,92,cropped_calibrated,7,5,5,4
14,3,92,cropped_fixed_budget,48,45,27,27
14,4,86,full_threshold_0p5,16,15,11,12
14,4,86,cropped_threshold_0p5,14,14,11,12
14,4,86,cropped_calibrated,2,1,2,1
14,4,86,cropped_fixed_budget,28,45,28,45
14,5,25,full_threshold_0p5,13,12,13,12
14,5,25,cropped_threshold_0p5,12,11,12,11
14,5,25,cropped_calibrated,6,5,6,5
14,5,25,cropped_fixed_budget,25,45,25,45
14,6,74,full_threshold_0p5,11,12,11,12
14,6,74,cropped_threshold_0p5,11,12,11,12
14,6,74,cropped_calibrated,3,2,3,2
14,6,74,cropped_fixed_budget,35,45,23,36
14,7,23,full_threshold_0p5,98,2774,98,2774
14,7,23,cropped_threshold_0p5,23,124,23,124
14,7,23,cropped_calibrated,11,7,4,3
14,7,23,cropped_fixed_budget,23,45,23,45
14,8,49,full_threshold_0p5,47,47,47,47
14,8,49,cropped_threshold_0p5,45,45,45,45
14,8,49,cropped_calibrated,28,18,7,6
14,8,49,cropped_fixed_budget,45,45,45,45
14,9,85,full_threshold_0p5,24,20,13,13
14,9,85,cropped_threshold_0p5,23,19,12,12
14,9,85,cropped_calibrated,4,3,4,3
14,9,85,cropped_fixed_budget,44,45,28,34
14,10,74,full_threshold_0p5,98,4683,98,4683
14,10,74,cropped_threshold_0p5,74,2633,74,2633
14,10,74,cropped_calibrated,67,97,67,97
14,10,74,cropped_fixed_budget,51,45,32,31
14,11,48,full_threshold_0p5,23,23,23,23
14,11,48,cropped_threshold_0p5,22,21,22,21
14,11,48,cropped_calibrated,7,5,5,4
14,11,48,cropped_fixed_budget,37,45,22,32
14,12,95,full_threshold_0p5,14,11,9,8
14,12,95,cropped_threshold_0p5,14,11,9,8
14,12,95,cropped_calibrated,4,3,4,3
14,12,95,cropped_fixed_budget,42,45,21,29
14,13,58,full_threshold_0p5,36,32,20,22
14,13,58,cropped_threshold_0p5,22,23,20,22
14,13,58,cropped_calibrated,7,5,5,4
14,13,58,cropped_fixed_budget,39,45,33,41
14,14,43,full_threshold_0p5,68,72,42,48
14,14,43,cropped_threshold_0p5,31,37,31,37
14,14,43,cropped_calibrated,2,1,2,1
14,14,43,cropped_fixed_budget,34,45,34,45
14,15,36,full_threshold_0p5,22,25,20,24
14,15,36,cropped_threshold_0p5,20,24,20,24
14,15,36,cropped_calibrated,4,3,4,3
14,15,36,cropped_fixed_budget,32,45,32,45
14,16,50,full_threshold_0p5,98,4739,98,4739
14,16,50,cropped_threshold_0p5,50,1211,50,1211
14,16,50,cropped_calibrated,50,878,50,878
14,16,50,cropped_fixed_budget,39,45,36,43
14,17,68,full_threshold_0p5,76,93,69,88
14,17,68,cropped_threshold_0p5,64,83,64,83
14,17,68,cropped_calibrated,2,1,2,1
14,17,68,cropped_fixed_budget,46,45,37,40
14,18,65,full_threshold_0p5,27,25,12,12
14,18,65,cropped_threshold_0p5,27,25,12,12
14,18,65,cropped_calibrated,3,2,3,2
14,18,65,cropped_fixed_budget,43,45,32,37
14,19,96,full_threshold_0p5,61,70,53,66
14,19,96,cropped_threshold_0p5,59,69,53,66
14,19,96,cropped_calibrated,8,5,4,3
14,19,96,cropped_fixed_budget,43,45,30,33
15,0,30,full_threshold_0p5,16,16,16,16
15,0,30,cropped_threshold_0p5,16,16,16,16
15,0,30,cropped_calibrated,3,2,3,2
15,0,30,cropped_fixed_budget,28,45,28,45
15,1,71,full_threshold_0p5,95,552,95,552
15,1,71,cropped_threshold_0p5,71,494,71,494
15,1,71,cropped_calibrated,11,8,7,6
15,1,71,cropped_fixed_budget,39,45,32,41
15,2,73,full_threshold_0p5,13,12,13,12
15,2,73,cropped_threshold_0p5,13,12,13,12
15,2,73,cropped_calibrated,3,2,3,2
15,2,73,cropped_fixed_budget,32,45,27,42
15,3,92,full_threshold_0p5,77,79,75,78
15,3,92,cropped_threshold_0p5,75,78,75,78
15,3,92,cropped_calibrated,9,6,5,4
15,3,92,cropped_fixed_budget,49,45,35,34
15,4,86,full_threshold_0p5,14,13,12,12
15,4,86,cropped_threshold_0p5,14,13,12,12
15,4,86,cropped_calibrated,2,1,2,1
15,4,86,cropped_fixed_budget,40,45,25,34
15,5,25,full_threshold_0p5,19,17,15,15
15,5,25,cropped_threshold_0p5,15,15,15,15
15,5,25,cropped_calibrated,4,3,4,3
15,5,25,cropped_fixed_budget,24,45,24,45
15,6,74,full_threshold_0p5,10,9,8,8
15,6,74,cropped_threshold_0p5,10,9,8,8
15,6,74,cropped_calibrated,2,1,2,1
15,6,74,cropped_fixed_budget,40,45,32,39
15,7,23,full_threshold_0p5,12,11,12,11
15,7,23,cropped_threshold_0p5,12,11,12,11
15,7,23,cropped_calibrated,2,1,2,1
15,7,23,cropped_fixed_budget,23,45,23,45
15,8,49,full_threshold_0p5,97,464,97,464
15,8,49,cropped_threshold_0p5,49,251,49,251
15,8,49,cropped_calibrated,26,22,20,19
15,8,49,cropped_fixed_budget,43,45,40,43
15,9,85,full_threshold_0p5,27,23,15,15
15,9,85,cropped_threshold_0p5,25,22,15,15
15,9,85,cropped_calibrated,5,4,5,4
15,9,85,cropped_fixed_budget,50,45,19,21
15,10,74,full_threshold_0p5,32,32,30,31
15,10,74,cropped_threshold_0p5,30,31,30,31
15,10,74,cropped_calibrated,7,6,7,6
15,10,74,cropped_fixed_budget,36,45,32,42
15,11,48,full_threshold_0p5,98,4680,98,4680
15,11,48,cropped_threshold_0p5,48,1071,48,1071
15,11,48,cropped_calibrated,48,94,48,94
15,11,48,cropped_fixed_budget,40,45,37,43
15,12,95,full_threshold_0p5,14,14,10,12
15,12,95,cropped_threshold_0p5,14,14,10,12
15,12,95,cropped_calibrated,2,1,2,1
15,12,95,cropped_fixed_budget,38,45,22,31
15,13,58,full_threshold_0p5,35,30,16,16
15,13,58,cropped_threshold_0p5,30,26,16,16
15,13,58,cropped_calibrated,5,3,3,2
15,13,58,cropped_fixed_budget,46,45,17,23
15,14,43,full_threshold_0p5,25,21,13,12
15,14,43,cropped_threshold_0p5,20,17,13,12
15,14,43,cropped_calibrated,3,2,3,2
15,14,43,cropped_fixed_budget,38,45,36,44
15,15,36,full_threshold_0p5,23,19,11,12
15,15,36,cropped_threshold_0p5,11,12,11,12
15,15,36,cropped_calibrated,2,1,2,1
15,15,36,cropped_fixed_budget,28,45,26,44
15,16,50,full_threshold_0p5,12,10,10,9
15,16,50,cropped_threshold_0p5,10,9,10,9
15,16,50,cropped_calibrated,2,1,2,1
15,16,50,cropped_fixed_budget,36,45,29,41
15,17,68,full_threshold_0p5,28,30,20,25
15,17,68,cropped_threshold_0p5,23,26,19,23
15,17,68,cropped_calibrated,8,6,4,3
15,17,68,cropped_fixed_budget,43,45,34,40
15,18,65,full_threshold_0p5,21,16,10,10
15,18,65,cropped_threshold_0p5,21,16,10,10
15,18,65,cropped_calibrated,2,1,2,1
15,18,65,cropped_fixed_budget,41,45,32,39
15,19,96,full_threshold_0p5,23,21,20,19
15,19,96,cropped_threshold_0p5,23,21,20,19
15,19,96,cropped_calibrated,4,2,2,1
15,19,96,cropped_fixed_budget,32,45,32,45
16,0,30,full_threshold_0p5,17,15,15,14
16,0,30,cropped_threshold_0p5,15,14,15,14
16,0,30,cropped_calibrated,3,2,3,2
16,0,30,cropped_fixed_budget,27,45,27,45
16,1,71,full_threshold_0p5,98,4746,98,4746
16,1,71,cropped_threshold_0p5,71,2478,71,2478
16,1,71,cropped_calibrated,71,2425,71,2425
16,1,71,cropped_fixed_budget,43,45,43,45
16,2,73,full_threshold_0p5,10,6,4,3
16,2,73,cropped_threshold_0p5,10,6,4,3
16,2,73,cropped_calibrated,2,1,2,1
16,2,73,cropped_fixed_budget,41,45,21,29
16,3,92,full_threshold_0p5,21,20,18,18
16,3,92,cropped_threshold_0p5,21,20,18,18
16,3,92,cropped_calibrated,3,2,3,2
16,3,92,cropped_fixed_budget,35,45,26,38
16,4,86,full_threshold_0p5,23,23,21,22
16,4,86,cropped_threshold_0p5,21,22,21,22
16,4,86,cropped_calibrated,3,2,3,2
16,4,86,cropped_fixed_budget,37,45,35,44
16,5,25,full_threshold_0p5,55,56,49,53
16,5,25,cropped_threshold_0p5,23,25,23,25
16,5,25,cropped_calibrated,3,2,3,2
16,5,25,cropped_fixed_budget,25,45,25,45
16,6,74,full_threshold_0p5,38,29,11,10
16,6,74,cropped_threshold_0p5,37,28,10,9
16,6,74,cropped_calibrated,4,3,4,3
16,6,74,cropped_fixed_budget,46,45,24,25
16,7,23,full_threshold_0p5,98,4742,98,4742
16,7,23,cropped_threshold_0p5,23,242,23,242
16,7,23,cropped_calibrated,23,200,23,200
16,7,23,cropped_fixed_budget,22,45,22,45
16,8,49,full_threshold_0p5,24,19,12,11
16,8,49,cropped_threshold_0p5,19,16,12,11
16,8,49,cropped_calibrated,3,2,3,2
16,8,49,cropped_fixed_budget,40,45,38,44
16,9,85,full_threshold_0p5,10,10,8,9
16,9,85,cropped_threshold_0p5,8,9,8,9
16,9,85,cropped_calibrated,3,2,3,2
16,9,85,cropped_fixed_budget,36,45,36,45
16,10,74,full_threshold_0p5,36,30,19,20
16,10,74,cropped_threshold_0p5,34,29,19,20
16,10,74,cropped_calibrated,5,4,5,4
16,10,74,cropped_fixed_budget,46,45,20,22
16,11,48,full_threshold_0p5,20,18,16,16
16,11,48,cropped_threshold_0p5,16,16,16,16
16,11,48,cropped_calibrated,3,2,3,2
16,11,48,cropped_fixed_budget,34,45,34,45
16,12,95,full_threshold_0p5,98,4724,98,4724
16,12,95,cropped_threshold_0p5,95,4436,95,4436
16,12,95,cropped_calibrated,88,192,88,192
16,12,95,cropped_fixed_budget,49,45,27,30
16,13,58,full_threshold_0p5,76,135,76,135
16,13,58,cropped_threshold_0p5,58,111,58,111
16,13,58,cropped_calibrated,20,15,7,6
16,13,58,cropped_fixed_budget,49,45,15,16
16,14,43,full_threshold_0p5,34,27,14,14
16,14,43,cropped_threshold_0p5,25,20,13,12
16,14,43,cropped_calibrated,5,3,3,2
16,14,43,cropped_fixed_budget,37,45,37,45
16,15,36,full_threshold_0p5,56,54,35,39
16,15,36,cropped_threshold_0p5,31,34,29,33
16,15,36,cropped_calibrated,2,1,2,1
16,15,36,cropped_fixed_budget,34,45,34,45
16,16,50,full_threshold_0p5,44,40,26,28
16,16,50,cropped_threshold_0p5,32,31,26,28
16,16,50,cropped_calibrated,6,4,4,3
16,16,50,cropped_fixed_budget,41,45,30,37
16,17,68,full_threshold_0p5,58,62,51,57
16,17,68,cropped_threshold_0p5,53,58,51,57
16,17,68,cropped_calibrated,5,4,5,4
16,17,68,cropped_fixed_budget,46,45,34,36
16,18,65,full_threshold_0p5,51,52,48,50
16,18,65,cropped_threshold_0p5,50,51,47,49
16,18,65,cropped_calibrated,18,16,16,15
16,18,65,cropped_fixed_budget,47,45,45,44
16,19,96,full_threshold_0p5,18,14,12,11
16,19,96,cropped_threshold_0p5,16,13,12,11
16,19,96,cropped_calibrated,4,3,4,3
16,19,96,cropped_fixed_budget,57,45,22,22
17,0,30,full_threshold_0p5,14,11,8,8
17,0,30,cropped_threshold_0p5,12,10,8,8
17,0,30,cropped_calibrated,2,1,2,1
17,0,30,cropped_fixed_budget,26,45,26,45
17,1,71,full_threshold_0p5,35,33,22,24
17,1,71,cropped_threshold_0p5,35,33,22,24
17,1,71,cropped_calibrated,4,2,2,1
17,1,71,cropped_fixed_budget,42,45,42,45
17,2,73,full_threshold_0p5,19,18,10,11
17,2,73,cropped_threshold_0p5,19,18,10,11
17,2,73,cropped_calibrated,3,2,3,2
17,2,73,cropped_fixed_budget,41,45,30,38
17,3,92,full_threshold_0p5,30,27,23,23
17,3,92,cropped_threshold_0p5,30,27,23,23
17,3,92,cropped_calibrated,6,5,6,5
17,3,92,cropped_fixed_budget,39,45,30,39
17,4,86,full_threshold_0p5,30,27,24,24
17,4,86,cropped_threshold_0p5,29,26,23,23
17,4,86,cropped_calibrated,2,1,2,1
17,4,86,cropped_fixed_budget,53,45,28,29
17,5,25,full_threshold_0p5,33,36,26,32
17,5,25,cropped_threshold_0p5,22,27,22,27
17,5,25,cropped_calibrated,7,5,5,4
17,5,25,cropped_fixed_budget,24,45,24,45
17,6,74,full_threshold_0p5,24,23,24,23
17,6,74,cropped_threshold_0p5,24,23,24,23
17,6,74,cropped_calibrated,22,17,7,6
17,6,74,cropped_fixed_budget,42,45,37,42
17,7,23,full_threshold_0p5,34,31,25,26
17,7,23,cropped_threshold_0p5,16,17,16,17
17,7,23,cropped_calibrated,4,3,4,3
17,7,23,cropped_fixed_budget,23,45,23,45
17,8,49,full_threshold_0p5,98,676,98,676
17,8,49,cropped_threshold_0p5,49,328,49,328
17,8,49,cropped_calibrated,18,14,12,11
17,8,49,cropped_fixed_budget,39,45,37,44
17,9,85,full_threshold_0p5,11,10,11,10
17,9,85,cropped_threshold_0p5,11,10,11,10
17,9,85,cropped_calibrated,4,3,4,3
17,9,85,cropped_fixed_budget,34,45,29,41
17,10,74,full_threshold_0p5,69,97,53,82
17,10,74,cropped_threshold_0p5,69,97,53,82
17,10,74,cropped_calibrated,4,2,2,1
17,10,74,cropped_fixed_budget,39,45,30,39
17,11,48,full_threshold_0p5,39,49,39,49
17,11,48,cropped_threshold_0p5,38,48,38,48
17,11,48,cropped_calibrated,16,13,9,8
17,11,48,cropped_fixed_budget,38,45,38,45
17,12,95,full_threshold_0p5,24,26,21,24
17,12,95,cropped_threshold_0p5,24,26,21,24
17,12,95,cropped_calibrated,6,4,4,3
17,12,95,cropped_fixed_budget,46,45,33,37
17,13,58,full_threshold_0p5,31,31,15,18
17,13,58,cropped_threshold_0p5,22,23,15,18
17,13,58,cropped_calibrated,2,1,2,1
17,13,58,cropped_fixed_budget,37,45,35,44
17,14,43,full_threshold_0p5,58,61,38,44
17,14,43,cropped_threshold_0p5,34,40,34,40
17,14,43,cropped_calibrated,6,5,6,5
17,14,43,cropped_fixed_budget,37,45,37,45
17,15,36,full_threshold_0p5,20,21,15,18
17,15,36,cropped_threshold_0p5,19,20,14,17
17,15,36,cropped_calibrated,6,5,6,5
17,15,36,cropped_fixed_budget,34,45,31,43
17,16,50,full_threshold_0p5,29,25,15,14
17,16,50,cropped_threshold_0p5,29,25,15,14
17,16,50,cropped_calibrated,5,4,5,4
17,16,50,cropped_fixed_budget,38,45,29,38
17,17,68,full_threshold_0p5,26,23,19,19
17,17,68,cropped_threshold_0p5,19,19,19,19
17,17,68,cropped_calibrated,6,4,3,2
17,17,68,cropped_fixed_budget,43,45,38,42
17,18,65,full_threshold_0p5,47,46,25,24
17,18,65,cropped_threshold_0p5,41,41,21,20
17,18,65,cropped_calibrated,5,3,3,2
17,18,65,cropped_fixed_budget,44,45,24,23
17,19,96,full_threshold_0p5,26,22,17,16
17,19,96,cropped_threshold_0p5,26,22,17,16
17,19,96,cropped_calibrated,4,3,4,3
17,19,96,cropped_fixed_budget,48,45,25,27
18,0,30,full_threshold_0p5,82,113,82,113
18,0,30,cropped_threshold_0p5,30,39,30,39
18,0,30,cropped_calibrated,10,7,5,4
18,0,30,cropped_fixed_budget,30,45,30,45
18,1,71,full_threshold_0p5,18,16,16,15
18,1,71,cropped_threshold_0p5,18,16,16,15
18,1,71,cropped_calibrated,3,2,3,2
18,1,71,cropped_fixed_budget,42,45,28,34
18,2,73,full_threshold_0p5,20,18,13,14
18,2,73,cropped_threshold_0p5,20,18,13,14
18,2,73,cropped_calibrated,2,1,2,1
18,2,73,cropped_fixed_budget,47,45,24,30
18,3,92,full_threshold_0p5,62,60,50,51
18,3,92,cropped_threshold_0p5,60,59,50,51
18,3,92,cropped_calibrated,2,1,2,1
18,3,92,cropped_fixed_budget,50,45,27,27
18,4,86,full_threshold_0p5,93,115,91,114
18,4,86,cropped_threshold_0p5,86,109,86,109
18,4,86,cropped_calibrated,5,3,3,2
18,4,86,cropped_fixed_budget,52,45,18,17
18,5,25,full_threshold_0p5,50,44,13,12
18,5,25,cropped_threshold_0p5,21,19,11,12
18,5,25,cropped_calibrated,5,3,3,2
18,5,25,cropped_fixed_budget,25,45,25,45
18,6,74,full_threshold_0p5,27,25,19,20
18,6,74,cropped_threshold_0p5,27,25,19,20
18,6,74,cropped_calibrated,3,2,3,2
18,6,74,cropped_fixed_budget,47,45,27,31
18,7,23,full_threshold_0p5,96,102,96,102
18,7,23,cropped_threshold_0p5,23,27,23,27
18,7,23,cropped_calibrated,12,8,6,5
18,7,23,cropped_fixed_budget,23,45,23,45
18,8,49,full_threshold_0p5,43,40,21,24
18,8,49,cropped_threshold_0p5,28,29,21,24
18,8,49,cropped_calibrated,3,2,3,2
18,8,49,cropped_fixed_budget,36,45,36,45
18,9,85,full_threshold_0p5,20,24,20,24
18,9,85,cropped_threshold_0p5,20,24,20,24
18,9,85,cropped_calibrated,9,6,3,2
18,9,85,cropped_fixed_budget,40,45,25,36
18,10,74,full_threshold_0p5,17,16,17,16
18,10,74,cropped_threshold_0p5,17,16,17,16
18,10,74,cropped_calibrated,5,4,5,4
18,10,74,cropped_fixed_budget,35,45,30,41
18,11,48,full_threshold_0p5,15,16,15,16
18,11,48,cropped_threshold_0p5,14,15,14,15
18,11,48,cropped_calibrated,2,1,2,1
18,11,48,cropped_fixed_budget,31,45,29,44
18,12,95,full_threshold_0p5,14,11,10,9
18,12,95,cropped_threshold_0p5,14,11,10,9
18,12,95,cropped_calibrated,3,2,3,2
18,12,95,cropped_fixed_budget,38,45,34,43
18,13,58,full_threshold_0p5,72,71,28,31
18,13,58,cropped_threshold_0p5,53,52,28,31
18,13,58,cropped_calibrated,4,3,4,3
18,13,58,cropped_fixed_budget,49,45,24,25
18,14,43,full_threshold_0p5,47,40,20,21
18,14,43,cropped_threshold_0p5,26,26,20,21
18,14,43,cropped_calibrated,2,1,2,1
18,14,43,cropped_fixed_budget,35,45,35,45
18,15,36,full_threshold_0p5,66,60,25,28
18,15,36,cropped_threshold_0p5,31,33,25,28
18,15,36,cropped_calibrated,5,3,3,2
18,15,36,cropped_fixed_budget,36,45,36,45
18,16,50,full_threshold_0p5,25,22,11,11
18,16,50,cropped_threshold_0p5,22,20,11,11
18,16,50,cropped_calibrated,2,1,2,1
18,16,50,cropped_fixed_budget,41,45,33,39
18,17,68,full_threshold_0p5,39,39,39,39
18,17,68,cropped_threshold_0p5,38,38,38,38
18,17,68,cropped_calibrated,4,2,2,1
18,17,68,cropped_fixed_budget,44,45,40,43
18,18,65,full_threshold_0p5,32,28,16,16
18,18,65,cropped_threshold_0p5,32,28,16,16
18,18,65,cropped_calibrated,3,2,3,2
18,18,65,cropped_fixed_budget,43,45,40,43
18,19,96,full_threshold_0p5,36,36,36,36
18,19,96,cropped_threshold_0p5,35,35,35,35
18,19,96,cropped_calibrated,8,7,8,7
18,19,96,cropped_fixed_budget,42,45,36,42
19,0,30,full_threshold_0p5,20,20,16,18
19,0,30,cropped_threshold_0p5,18,19,16,18
19,0,30,cropped_calibrated,7,5,4,3
19,0,30,cropped_fixed_budget,27,45,27,45
19,1,71,full_threshold_0p5,20,19,20,19
19,1,71,cropped_threshold_0p5,20,19,20,19
19,1,71,cropped_calibrated,10,8,6,5
19,1,71,cropped_fixed_budget,48,45,33,33
19,2,73,full_threshold_0p5,18,16,12,13
19,2,73,cropped_threshold_0p5,18,16,12,13
19,2,73,cropped_calibrated,4,3,4,3
19,2,73,cropped_fixed_budget,39,45,29,38
19,3,92,full_threshold_0p5,47,49,34,40
19,3,92,cropped_threshold_0p5,46,48,33,39
19,3,92,cropped_calibrated,2,1,2,1
19,3,92,cropped_fixed_budget,45,45,31,37
19,4,86,full_threshold_0p5,16,15,12,12
19,4,86,cropped_threshold_0p5,15,14,11,11
19,4,86,cropped_calibrated,5,4,5,4
19,4,86,cropped_fixed_budget,35,45,31,43
19,5,25,full_threshold_0p5,17,15,15,14
19,5,25,cropped_threshold_0p5,15,14,15,14
19,5,25,cropped_calibrated,4,3,4,3
19,5,25,cropped_fixed_budget,25,45,25,45
19,6,74,full_threshold_0p5,12,9,8,7
19,6,74,cropped_threshold_0p5,12,9,8,7
19,6,74,cropped_calibrated,2,1,2,1
19,6,74,cropped_fixed_budget,38,45,33,42
19,7,23,full_threshold_0p5,24,25,14,17
19,7,23,cropped_threshold_0p5,22,23,13,16
19,7,23,cropped_calibrated,4,2,2,1
19,7,23,cropped_fixed_budget,23,45,23,45
19,8,49,full_threshold_0p5,98,4405,98,4405
19,8,49,cropped_threshold_0p5,49,958,49,958
19,8,49,cropped_calibrated,45,62,43,61
19,8,49,cropped_fixed_budget,42,45,40,44
19,9,85,full_threshold_0p5,29,28,20,22
19,9,85,cropped_threshold_0p5,27,27,20,22
19,9,85,cropped_calibrated,5,4,5,4
19,9,85,cropped_fixed_budget,42,45,32,38
19,10,74,full_threshold_0p5,24,17,11,10
19,10,74,cropped_threshold_0p5,20,15,11,10
19,10,74,cropped_calibrated,2,1,2,1
19,10,74,cropped_fixed_budget,45,45,22,29
19,11,48,full_threshold_0p5,54,47,21,21
19,11,48,cropped_threshold_0p5,33,29,21,21
19,11,48,cropped_calibrated,4,2,2,1
19,11,48,cropped_fixed_budget,42,45,40,44
19,12,95,full_threshold_0p5,64,67,55,61
19,12,95,cropped_threshold_0p5,62,66,55,61
19,12,95,cropped_calibrated,2,1,2,1
19,12,95,cropped_fixed_budget,48,45,41,41
19,13,58,full_threshold_0p5,40,39,19,21
19,13,58,cropped_threshold_0p5,40,39,19,21
19,13,58,cropped_calibrated,4,3,4,3
19,13,58,cropped_fixed_budget,43,45,34,38
19,14,43,full_threshold_0p5,27,26,17,20
19,14,43,cropped_threshold_0p5,21,22,17,20
19,14,43,cropped_calibrated,6,5,6,5
19,14,43,cropped_fixed_budget,35,45,29,42
19,15,36,full_threshold_0p5,10,8,7,6
19,15,36,cropped_threshold_0p5,10,8,7,6
19,15,36,cropped_calibrated,4,3,4,3
19,15,36,cropped_fixed_budget,32,45,32,45
19,16,50,full_threshold_0p5,27,24,20,19
19,16,50,cropped_threshold_0p5,27,24,20,19
19,16,50,cropped_calibrated,4,2,2,1
19,16,50,cropped_fixed_budget,34,45,30,42
19,17,68,full_threshold_0p5,25,20,10,11
19,17,68,cropped_threshold_0p5,21,18,10,11
19,17,68,cropped_calibrated,4,3,4,3
19,17,68,cropped_fixed_budget,47,45,17,21
19,18,65,full_threshold_0p5,76,94,74,93
19,18,65,cropped_threshold_0p5,62,81,62,81
19,18,65,cropped_calibrated,11,9,9,8
19,18,65,cropped_fixed_budget,49,45,33,33
19,19,96,full_threshold_0p5,23,21,16,16
19,19,96,cropped_threshold_0p5,22,20,15,15
19,19,96,cropped_calibrated,4,3,4,3
19,19,96,cropped_fixed_budget,37,45,27,37
20,0,30,full_threshold_0p5,54,54,28,34
20,0,30,cropped_threshold_0p5,24,29,22,28
20,0,30,cropped_calibrated,7,5,4,3
20,0,30,cropped_fixed_budget,30,45,30,45
20,1,71,full_threshold_0p5,47,49,38,44
20,1,71,cropped_threshold_0p5,45,48,38,44
20,1,71,cropped_calibrated,5,3,3,2
20,1,71,cropped_fixed_budget,43,45,33,39
20,2,73,full_threshold_0p5,98,4748,98,4748
20,2,73,cropped_threshold_0p5,73,2623,73,2623
20,2,73,cropped_calibrated,73,2595,73,2595
20,2,73,cropped_fixed_budget,41,45,41,45
20,3,92,full_threshold_0p5,22,18,15,14
20,3,92,cropped_threshold_0p5,22,18,15,14
20,3,92,cropped_calibrated,2,1,2,1
20,3,92,cropped_fixed_budget,36,45,34,44
20,4,86,full_threshold_0p5,12,11,10,10
20,4,86,cropped_threshold_0p5,10,10,10,10
20,4,86,cropped_calibrated,6,5,6,5
20,4,86,cropped_fixed_budget,38,45,31,40
20,5,25,full_threshold_0p5,56,58,23,28
20,5,25,cropped_threshold_0p5,20,25,20,25
20,5,25,cropped_calibrated,4,2,2,1
20,5,25,cropped_fixed_budget,25,45,25,45
20,6,74,full_threshold_0p5,30,26,18,18
20,6,74,cropped_threshold_0p5,30,26,18,18
20,6,74,cropped_calibrated,3,2,3,2
20,6,74,cropped_fixed_budget,49,45,21,24
20,7,23,full_threshold_0p5,70,72,41,41
20,7,23,cropped_threshold_0p5,15,17,15,17
20,7,23,cropped_calibrated,4,2,2,1
20,7,23,cropped_fixed_budget,23,45,23,45
20,8,49,full_threshold_0p5,82,86,82,86
20,8,49,cropped_threshold_0p5,46,49,46,49
20,8,49,cropped_calibrated,6,5,6,5
20,8,49,cropped_fixed_budget,44,45,44,45
20,9,85,full_threshold_0p5,69,101,55,91
20,9,85,cropped_threshold_0p5,67,100,55,91
20,9,85,cropped_calibrated,4,2,2,1
20,9,85,cropped_fixed_budget,44,45,36,40
20,10,74,full_threshold_0p5,40,41,34,37
20,10,74,cropped_threshold_0p5,40,41,34,37
20,10,74,cropped_calibrated,2,1,2,1
20,10,74,cropped_fixed_budget,44,45,38,41
20,11,48,full_threshold_0p5,78,78,75,76
20,11,48,cropped_threshold_0p5,47,46,44,44
20,11,48,cropped_calibrated,2,1,2,1
20,11,48,cropped_fixed_budget,47,45,32,32
20,12,95,full_threshold_0p5,22,25,18,23
20,12,95,cropped_threshold_0p5,20,24,18,23
20,12,95,cropped_calibrated,2,1,2,1
20,12,95,cropped_fixed_budget,40,45,25,34
20,13,58,full_threshold_0p5,54,49,26,25
20,13,58,cropped_threshold_0p5,52,48,26,25
20,13,58,cropped_calibrated,2,1,2,1
20,13,58,cropped_fixed_budget,49,45,25,24
20,14,43,full_threshold_0p5,13,11,11,10
20,14,43,cropped_threshold_0p5,12,10,10,9
20,14,43,cropped_calibrated,8,7,8,7
20,14,43,cropped_fixed_budget,34,45,31,43
20,15,36,full_threshold_0p5,14,13,10,11
20,15,36,cropped_threshold_0p5,10,11,10,11
20,15,36,cropped_calibrated,3,2,3,2
20,15,36,cropped_fixed_budget,29,45,29,45
20,16,50,full_threshold_0p5,35,44,30,41
20,16,50,cropped_threshold_0p5,35,44,30,41
20,16,50,cropped_calibrated,11,10,11,10
20,16,50,cropped_fixed_budget,35,45,30,42
20,17,68,full_threshold_0p5,41,35,17,16
20,17,68,cropped_threshold_0p5,35,31,15,14
20,17,68,cropped_calibrated,4,2,2,1
20,17,68,cropped_fixed_budget,48,45,28,28
20,18,65,full_threshold_0p5,98,4721,98,4721
20,18,65,cropped_threshold_0p5,65,2048,65,2048
20,18,65,cropped_calibrated,65,339,65,339
20,18,65,cropped_fixed_budget,39,45,36,43
20,19,96,full_threshold_0p5,24,24,16,19
20,19,96,cropped_threshold_0p5,23,23,15,18
20,19,96,cropped_calibrated,8,7,8,7
20,19,96,cropped_fixed_budget,40,45,27,37
21,0,30,full_threshold_0p5,19,16,11,10
21,0,30,cropped_threshold_0p5,11,10,11,10
21,0,30,cropped_calibrated,2,1,2,1
21,0,30,cropped_fixed_budget,28,45,26,44
21,1,71,full_threshold_0p5,15,14,13,13
21,1,71,cropped_threshold_0p5,15,14,13,13
21,1,71,cropped_calibrated,2,1,2,1
21,1,71,cropped_fixed_budget,41,45,24,32
21,2,73,full_threshold_0p5,26,27,26,27
21,2,73,cropped_threshold_0p5,22,22,15,16
21,2,73,cropped_calibrated,2,1,2,1
21,2,73,cropped_fixed_budget,25,45,25,45
21,3,92,full_threshold_0p5,23,30,20,28
21,3,92,cropped_threshold_0p5,23,30,20,28
21,3,92,cropped_calibrated,5,4,5,4
21,3,92,cropped_fixed_budget,35,45,28,40
21,4,86,full_threshold_0p5,71,76,66,72
21,4,86,cropped_threshold_0p5,69,72,64,68
21,4,86,cropped_calibrated,5,3,3,2
21,4,86,cropped_fixed_budget,52,45,16,15
21,5,25,full_threshold_0p5,44,45,32,35
21,5,25,cropped_threshold_0p5,17,20,17,20
21,5,25,cropped_calibrated,8,5,3,2
21,5,25,cropped_fixed_budget,25,45,25,45
21,6,74,full_threshold_0p5,84,84,82,83
21,6,74,cropped_threshold_0p5,72,73,72,73
21,6,74,cropped_calibrated,9,7,6,5
21,6,74,cropped_fixed_budget,47,45,28,27
21,7,23,full_threshold_0p5,23,21,15,16
21,7,23,cropped_threshold_0p5,18,17,14,15
21,7,23,cropped_calibrated,2,1,2,1
21,7,23,cropped_fixed_budget,23,45,23,45
21,8,49,full_threshold_0p5,24,19,12,11
21,8,49,cropped_threshold_0p5,20,17,12,11
21,8,49,cropped_calibrated,4,3,4,3
21,8,49,cropped_fixed_budget,36,45,36,45
21,9,85,full_threshold_0p5,93,107,93,107
21,9,85,cropped_threshold_0p5,85,97,85,97
21,9,85,cropped_calibrated,13,10,5,4
21,9,85,cropped_fixed_budget,59,45,11,10
21,10,74,full_threshold_0p5,19,15,9,9
21,10,74,cropped_threshold_0p5,19,15,9,9
21,10,74,cropped_calibrated,3,2,3,2
21,10,74,cropped_fixed_budget,44,45,30,35
21,11,48,full_threshold_0p5,24,22,22,21
21,11,48,cropped_threshold_0p5,23,21,21,20
21,11,48,cropped_calibrated,5,3,3,2
21,11,48,cropped_fixed_budget,32,45,32,45
21,12,95,full_threshold_0p5,98,4744,98,4744
21,12,95,cropped_threshold_0p5,95,4456,95,4456
21,12,95,cropped_calibrated,95,4257,95,4257
21,12,95,cropped_fixed_budget,47,45,45,44
21,13,58,full_threshold_0p5,17,15,15,14
21,13,58,cropped_threshold_0p5,17,15,15,14
21,13,58,cropped_calibrated,2,1,2,1
21,13,58,cropped_fixed_budget,36,45,34,44
21,14,43,full_threshold_0p5,41,42,29,33
21,14,43,cropped_threshold_0p5,32,35,29,33
21,14,43,cropped_calibrated,4,3,4,3
21,14,43,cropped_fixed_budget,36,45,33,43
21,15,36,full_threshold_0p5,98,4722,98,4722
21,15,36,cropped_threshold_0p5,36,605,36,605
21,15,36,cropped_calibrated,36,154,36,154
21,15,36,cropped_fixed_budget,27,45,27,45
21,16,50,full_threshold_0p5,59,59,46,46
21,16,50,cropped_threshold_0p5,50,50,38,38
21,16,50,cropped_calibrated,6,5,6,5
21,16,50,cropped_fixed_budget,48,45,35,34
21,17,68,full_threshold_0p5,49,49,49,49
21,17,68,cropped_threshold_0p5,48,47,48,47
21,17,68,cropped_calibrated,13,9,6,5
21,17,68,cropped_fixed_budget,47,45,44,43
21,18,65,full_threshold_0p5,12,11,12,11
21,18,65,cropped_threshold_0p5,12,11,12,11
21,18,65,cropped_calibrated,2,1,2,1
21,18,65,cropped_fixed_budget,38,45,25,38
21,19,96,full_threshold_0p5,80,80,80,80
21,19,96,cropped_threshold_0p5,80,80,80,80
21,19,96,cropped_calibrated,14,10,8,7
21,19,96,cropped_fixed_budget,54,45,14,13
22,0,30,full_threshold_0p5,97,408,97,408
22,0,30,cropped_threshold_0p5,30,109,30,109
22,0,30,cropped_calibrated,4,2,2,1
22,0,30,cropped_fixed_budget,29,45,29,45
22,1,71,full_threshold_0p5,13,12,13,12
22,1,71,cropped_threshold_0p5,13,12,13,12
22,1,71,cropped_calibrated,8,5,3,2
22,1,71,cropped_fixed_budget,47,45,27,30
22,2,73,full_threshold_0p5,18,14,6,5
22,2,73,cropped_threshold_0p5,18,14,6,5
22,2,73,cropped_calibrated,3,2,3,2
22,2,73,cropped_fixed_budget,34,45,28,41
22,3,92,full_threshold_0p5,15,14,13,13
22,3,92,cropped_threshold_0p5,13,13,13,13
22,3,92,cropped_calibrated,6,5,6,5
22,3,92,cropped_fixed_budget,37,45,35,44
22,4,86,full_threshold_0p5,16,14,13,12
22,4,86,cropped_threshold_0p5,15,13,12,11
22,4,86,cropped_calibrated,2,1,2,1
22,4,86,cropped_fixed_budget,38,45,36,44
22,5,25,full_threshold_0p5,21,18,10,10
22,5,25,cropped_threshold_0p5,16,14,10,10
22,5,25,cropped_calibrated,2,1,2,1
22,5,25,cropped_fixed_budget,25,45,25,45
22,6,74,full_threshold_0p5,70,73,50,55
22,6,74,cropped_threshold_0p5,66,68,48,51
22,6,74,cropped_calibrated,4,2,2,1
22,6,74,cropped_fixed_budget,50,45,28,27
22,7,23,full_threshold_0p5,40,34,17,18
22,7,23,cropped_threshold_0p5,16,16,13,14
22,7,23,cropped_calibrated,3,2,3,2
22,7,23,cropped_fixed_budget,23,45,23,45
22,8,49,full_threshold_0p5,36,35,21,25
22,8,49,cropped_threshold_0p5,32,33,21,25
22,8,49,cropped_calibrated,3,2,3,2
22,8,49,cropped_fixed_budget,39,45,32,40
22,9,85,full_threshold_0p5,83,94,83,94
22,9,85,cropped_threshold_0p5,83,94,83,94
22,9,85,cropped_calibrated,10,8,8,7
22,9,85,cropped_fixed_budget,50,45,38,37
22,10,74,full_threshold_0p5,32,26,9,8
22,10,74,cropped_threshold_0p5,32,26,9,8
22,10,74,cropped_calibrated,4,2,2,1
22,10,74,cropped_fixed_budget,40,45,37,43
22,11,48,full_threshold_0p5,19,20,15,18
22,11,48,cropped_threshold_0p5,16,18,14,17
22,11,48,cropped_calibrated,6,4,4,3
22,11,48,cropped_fixed_budget,30,45,30,45
22,12,95,full_threshold_0p5,88,195,86,194
22,12,95,cropped_threshold_0p5,86,194,86,194
22,12,95,cropped_calibrated,13,10,6,5
22,12,95,cropped_fixed_budget,55,45,14,13
22,13,58,full_threshold_0p5,9,8,7,7
22,13,58,cropped_threshold_0p5,9,8,7,7
22,13,58,cropped_calibrated,2,1,2,1
22,13,58,cropped_fixed_budget,34,45,23,38
22,14,43,full_threshold_0p5,79,125,79,125
22,14,43,cropped_threshold_0p5,43,80,43,80
22,14,43,cropped_calibrated,3,2,3,2
22,14,43,cropped_fixed_budget,42,45,40,44
22,15,36,full_threshold_0p5,20,17,13,12
22,15,36,cropped_threshold_0p5,13,12,13,12
22,15,36,cropped_calibrated,3,2,3,2
22,15,36,cropped_fixed_budget,29,45,29,45
22,16,50,full_threshold_0p5,14,15,14,15
22,16,50,cropped_threshold_0p5,13,14,13,14
22,16,50,cropped_calibrated,5,4,5,4
22,16,50,cropped_fixed_budget,37,45,27,38
22,17,68,full_threshold_0p5,56,59,56,59
22,17,68,cropped_threshold_0p5,56,59,56,59
22,17,68,cropped_calibrated,12,8,4,3
22,17,68,cropped_fixed_budget,48,45,44,43
22,18,65,full_threshold_0p5,59,79,52,75
22,18,65,cropped_threshold_0p5,56,77,51,74
22,18,65,cropped_calibrated,2,1,2,1
22,18,65,cropped_fixed_budget,38,45,33,42
22,19,96,full_threshold_0p5,29,26,19,20
22,19,96,cropped_threshold_0p5,29,26,19,20
22,19,96,cropped_calibrated,5,4,5,4
22,19,96,cropped_fixed_budget,46,45,32,36
23,0,30,full_threshold_0p5,22,17,13,12
23,0,30,cropped_threshold_0p5,16,13,12,11
23,0,30,cropped_calibrated,2,1,2,1
23,0,30,cropped_fixed_budget,28,45,28,45
23,1,71,full_threshold_0p5,27,21,11,10
23,1,71,cropped_threshold_0p5,23,18,11,10
23,1,71,cropped_calibrated,3,2,3,2
23,1,71,cropped_fixed_budget,48,45,30,33
23,2,73,full_threshold_0p5,72,101,72,101
23,2,73,cropped_threshold_0p5,71,100,71,100
23,2,73,cropped_calibrated,8,5,3,2
23,2,73,cropped_fixed_budget,49,45,31,32
23,3,92,full_threshold_0p5,84,104,84,104
23,3,92,cropped_threshold_0p5,83,103,83,103
23,3,92,cropped_calibrated,5,3,3,2
23,3,92,cropped_fixed_budget,53,45,27,26
23,4,86,full_threshold_0p5,78,78,76,77
23,4,86,cropped_threshold_0p5,76,77,76,77
23,4,86,cropped_calibrated,17,12,5,4
23,4,86,cropped_fixed_budget,57,45,14,13
23,5,25,full_threshold_0p5,12,11,12,11
23,5,25,cropped_threshold_0p5,11,10,11,10
23,5,25,cropped_calibrated,5,4,5,4
23,5,25,cropped_fixed_budget,23,45,23,45
23,6,74,full_threshold_0p5,49,49,49,49
23,6,74,cropped_threshold_0p5,48,47,48,47
23,6,74,cropped_calibrated,4,2,2,1
23,6,74,cropped_fixed_budget,47,45,27,26
23,7,23,full_threshold_0p5,37,37,23,28
23,7,23,cropped_threshold_0p5,18,22,18,22
23,7,23,cropped_calibrated,6,4,3,2
23,7,23,cropped_fixed_budget,22,45,22,45
23,8,49,full_threshold_0p5,97,316,97,316
23,8,49,cropped_threshold_0p5,49,176,49,176
23,8,49,cropped_calibrated,7,4,3,2
23,8,49,cropped_fixed_budget,38,45,31,39
23,9,85,full_threshold_0p5,32,33,30,32
23,9,85,cropped_threshold_0p5,32,33,30,32
23,9,85,cropped_calibrated,8,6,5,4
23,9,85,cropped_fixed_budget,46,45,35,39
23,10,74,full_threshold_0p5,15,14,13,13
23,10,74,cropped_threshold_0p5,14,13,12,12
23,10,74,cropped_calibrated,2,1,2,1
23,10,74,cropped_fixed_budget,40,45,34,42
23,11,48,full_threshold_0p5,98,4748,98,4748
23,11,48,cropped_threshold_0p5,48,1123,48,1123
23,11,48,cropped_calibrated,48,1053,48,1053
23,11,48,cropped_fixed_budget,37,45,37,45
23,12,95,full_threshold_0p5,73,111,73,111
23,12,95,cropped_threshold_0p5,73,111,73,111
23,12,95,cropped_calibrated,7,4,3,2
23,12,95,cropped_fixed_budget,50,45,19,18
23,13,58,full_threshold_0p5,17,14,12,11
23,13,58,cropped_threshold_0p5,15,13,12,11
23,13,58,cropped_calibrated,4,3,4,3
23,13,58,cropped_fixed_budget,41,45,36,42
23,14,43,full_threshold_0p5,16,17,16,17
23,14,43,cropped_threshold_0p5,15,16,15,16
23,14,43,cropped_calibrated,10,7,4,3
23,14,43,cropped_fixed_budget,33,45,33,45
23,15,36,full_threshold_0p5,19,17,17,16
23,15,36,cropped_threshold_0p5,17,16,17,16
23,15,36,cropped_calibrated,6,4,4,3
23,15,36,cropped_fixed_budget,32,45,32,45
23,16,50,full_threshold_0p5,15,16,13,15
23,16,50,cropped_threshold_0p5,15,16,13,15
23,16,50,cropped_calibrated,2,1,2,1
23,16,50,cropped_fixed_budget,35,45,33,44
23,17,68,full_threshold_0p5,67,74,65,73
23,17,68,cropped_threshold_0p5,59,63,57,62
23,17,68,cropped_calibrated,7,4,3,2
23,17,68,cropped_fixed_budget,51,45,20,20
23,18,65,full_threshold_0p5,47,36,14,13
23,18,65,cropped_threshold_0p5,42,32,14,13
23,18,65,cropped_calibrated,4,2,2,1
23,18,65,cropped_fixed_budget,52,45,27,28
23,19,96,full_threshold_0p5,45,47,45,47
23,19,96,cropped_threshold_0p5,44,46,44,46
23,19,96,cropped_calibrated,5,3,3,2
23,19,96,cropped_fixed_budget,44,45,44,45
24,0,30,full_threshold_0p5,14,15,14,15
24,0,30,cropped_threshold_0p5,13,14,13,14
24,0,30,cropped_calibrated,4,3,4,3
24,0,30,cropped_fixed_budget,23,45,23,45
24,1,71,full_threshold_0p5,23,24,11,15
24,1,71,cropped_threshold_0p5,23,24,11,15
24,1,71,cropped_calibrated,4,3,4,3
24,1,71,cropped_fixed_budget,39,45,20,28
24,2,73,full_threshold_0p5,22,22,18,20
24,2,73,cropped_threshold_0p5,20,21,18,20
24,2,73,cropped_calibrated,7,5,5,4
24,2,73,cropped_fixed_budget,42,45,27,34
24,3,92,full_threshold_0p5,98,304,98,304
24,3,92,cropped_threshold_0p5,92,295,92,295
24,3,92,cropped_calibrated,29,20,8,7
24,3,92,cropped_fixed_budget,50,45,34,33
24,4,86,full_threshold_0p5,28,25,18,18
24,4,86,cropped_threshold_0p5,27,24,17,17
24,4,86,cropped_calibrated,6,4,3,2
24,4,86,cropped_fixed_budget,45,45,23,27
24,5,25,full_threshold_0p5,20,17,12,12
24,5,25,cropped_threshold_0p5,12,12,12,12
24,5,25,cropped_calibrated,2,1,2,1
24,5,25,cropped_fixed_budget,24,45,24,45
24,6,74,full_threshold_0p5,15,12,11,10
24,6,74,cropped_threshold_0p5,13,11,11,10
24,6,74,cropped_calibrated,2,1,2,1
24,6,74,cropped_fixed_budget,42,45,21,30
24,7,23,full_threshold_0p5,20,23,20,23
24,7,23,cropped_threshold_0p5,18,21,18,21
24,7,23,cropped_calibrated,5,4,5,4
24,7,23,cropped_fixed_budget,23,45,23,45
24,8,49,full_threshold_0p5,32,29,18,20
24,8,49,cropped_threshold_0p5,28,27,18,20
24,8,49,cropped_calibrated,4,3,4,3
24,8,49,cropped_fixed_budget,41,45,33,38
24,9,85,full_threshold_0p5,41,51,41,51
24,9,85,cropped_threshold_0p5,41,51,41,51
24,9,85,cropped_calibrated,4,2,2,1
24,9,85,cropped_fixed_budget,39,45,37,44
24,10,74,full_threshold_0p5,31,25,19,19
24,10,74,cropped_threshold_0p5,29,24,19,19
24,10,74,cropped_calibrated,2,1,2,1
24,10,74,cropped_fixed_budget,48,45,33,34
24,11,48,full_threshold_0p5,23,19,15,14
24,11,48,cropped_threshold_0p5,17,15,15,14
24,11,48,cropped_calibrated,5,4,5,4
24,11,48,cropped_fixed_budget,32,45,29,43
24,12,95,full_threshold_0p5,95,94,89,89
24,12,95,cropped_threshold_0p5,93,92,87,87
24,12,95,cropped_calibrated,3,2,3,2
24,12,95,cropped_fixed_budget,55,45,21,20
24,13,58,full_threshold_0p5,98,4626,98,4626
24,13,58,cropped_threshold_0p5,58,1548,58,1548
24,13,58,cropped_calibrated,55,101,55,101
24,13,58,cropped_fixed_budget,45,45,36,39
24,14,43,full_threshold_0p5,40,36,17,16
24,14,43,cropped_threshold_0p5,16,15,14,14
24,14,43,cropped_calibrated,4,3,4,3
24,14,43,cropped_fixed_budget,37,45,37,45
24,15,36,full_threshold_0p5,31,29,23,25
24,15,36,cropped_threshold_0p5,19,19,15,17
24,15,36,cropped_calibrated,3,2,3,2
24,15,36,cropped_fixed_budget,33,45,33,45
24,16,50,full_threshold_0p5,55,61,51,58
24,16,50,cropped_threshold_0p5,43,49,39,46
24,16,50,cropped_calibrated,4,3,4,3
24,16,50,cropped_fixed_budget,42,45,38,42
24,17,68,full_threshold_0p5,17,16,13,13
24,17,68,cropped_threshold_0p5,17,16,13,13
24,17,68,cropped_calibrated,3,2,3,2
24,17,68,cropped_fixed_budget,32,45,32,45
24,18,65,full_threshold_0p5,30,42,30,42
24,18,65,cropped_threshold_0p5,29,41,29,41
24,18,65,cropped_calibrated,5,4,5,4
24,18,65,cropped_fixed_budget,30,45,30,45
24,19,96,full_threshold_0p5,17,15,10,10
24,19,96,cropped_threshold_0p5,16,14,9,9
24,19,96,cropped_calibrated,4,3,4,3
24,19,96,cropped_fixed_budget,37,45,35,44
25,0,30,full_threshold_0p5,15,15,13,14
25,0,30,cropped_threshold_0p5,13,14,13,14
25,0,30,cropped_calibrated,3,2,3,2
25,0,30,cropped_fixed_budget,26,45,26,45
25,1,71,full_threshold_0p5,21,19,14,14
25,1,71,cropped_threshold_0p5,21,19,14,14
25,1,71,cropped_calibrated,2,1,2,1
25,1,71,cropped_fixed_budget,30,45,28,44
25,2,73,full_threshold_0p5,38,37,21,23
25,2,73,cropped_threshold_0p5,38,37,21,23
25,2,73,cropped_calibrated,5,3,3,2
25,2,73,cropped_fixed_budget,44,45,24,27
25,3,92,full_threshold_0p5,92,164,92,164
25,3,92,cropped_threshold_0p5,90,162,90,162
25,3,92,cropped_calibrated,11,8,7,6
25,3,92,cropped_fixed_budget,38,45,33,41
25,4,86,full_threshold_0p5,22,24,20,23
25,4,86,cropped_threshold_0p5,22,24,20,23
25,4,86,cropped_calibrated,8,5,3,2
25,4,86,cropped_fixed_budget,51,45,22,28
25,5,25,full_threshold_0p5,54,54,50,51
25,5,25,cropped_threshold_0p5,24,25,24,25
25,5,25,cropped_calibrated,6,4,4,3
25,5,25,cropped_fixed_budget,25,45,25,45
25,6,74,full_threshold_0p5,24,21,16,17
25,6,74,cropped_threshold_0p5,24,21,16,17
25,6,74,cropped_calibrated,2,1,2,1
25,6,74,cropped_fixed_budget,44,45,35,39
25,7,23,full_threshold_0p5,33,28,24,23
25,7,23,cropped_threshold_0p5,18,17,18,17
25,7,23,cropped_calibrated,2,1,2,1
25,7,23,cropped_fixed_budget,23,45,23,45
25,8,49,full_threshold_0p5,47,54,39,48
25,8,49,cropped_threshold_0p5,42,49,34,43
25,8,49,cropped_calibrated,0,0,0,0
25,8,49,cropped_fixed_budget,40,45,33,40
25,9,85,full_threshold_0p5,41,41,21,22
25,9,85,cropped_threshold_0p5,40,40,21,22
25,9,85,cropped_calibrated,4,3,4,3
25,9,85,cropped_fixed_budget,44,45,24,26
25,10,74,full_threshold_0p5,21,22,21,22
25,10,74,cropped_threshold_0p5,21,22,21,22
25,10,74,cropped_calibrated,2,1,2,1
25,10,74,cropped_fixed_budget,34,45,34,45
25,11,48,full_threshold_0p5,39,32,14,15
25,11,48,cropped_threshold_0p5,27,25,14,15
25,11,48,cropped_calibrated,5,4,5,4
25,11,48,cropped_fixed_budget,41,45,22,27
25,12,95,full_threshold_0p5,15,13,12,11
25,12,95,cropped_threshold_0p5,14,12,11,10
25,12,95,cropped_calibrated,3,2,3,2
25,12,95,cropped_fixed_budget,40,45,28,37
25,13,58,full_threshold_0p5,27,31,25,30
25,13,58,cropped_threshold_0p5,25,30,25,30
25,13,58,cropped_calibrated,7,4,3,2
25,13,58,cropped_fixed_budget,32,45,30,44
25,14,43,full_threshold_0p5,14,13,12,12
25,14,43,cropped_threshold_0p5,13,12,11,11
25,14,43,cropped_calibrated,4,3,4,3
25,14,43,cropped_fixed_budget,35,45,29,40
25,15,36,full_threshold_0p5,20,20,15,17
25,15,36,cropped_threshold_0p5,15,17,15,17
25,15,36,cropped_calibrated,6,5,6,5
25,15,36,cropped_fixed_budget,32,45,32,45
25,16,50,full_threshold_0p5,20,19,16,17
25,16,50,cropped_threshold_0p5,18,18,16,17
25,16,50,cropped_calibrated,3,2,3,2
25,16,50,cropped_fixed_budget,34,45,34,45
25,17,68,full_threshold_0p5,16,13,11,10
25,17,68,cropped_threshold_0p5,14,12,11,10
25,17,68,cropped_calibrated,4,3,4,3
25,17,68,cropped_fixed_budget,37,45,30,40
25,18,65,full_threshold_0p5,17,16,17,16
25,18,65,cropped_threshold_0p5,17,16,17,16
25,18,65,cropped_calibrated,5,4,5,4
25,18,65,cropped_fixed_budget,39,45,30,39
25,19,96,full_threshold_0p5,12,12,12,12
25,19,96,cropped_threshold_0p5,11,11,11,11
25,19,96,cropped_calibrated,5,4,5,4
25,19,96,cropped_fixed_budget,43,45,25,32
26,0,30,full_threshold_0p5,18,17,12,14
26,0,30,cropped_threshold_0p5,12,14,12,14
26,0,30,cropped_calibrated,6,4,4,3
26,0,30,cropped_fixed_budget,28,45,28,45
26,1,71,full_threshold_0p5,19,18,17,17
26,1,71,cropped_threshold_0p5,17,17,17,17
26,1,71,cropped_calibrated,6,3,2,1
26,1,71,cropped_fixed_budget,41,45,21,29
26,2,73,full_threshold_0p5,7,5,4,3
26,2,73,cropped_threshold_0p5,7,5,4,3
26,2,73,cropped_calibrated,2,1,2,1
26,2,73,cropped_fixed_budget,36,45,30,42
26,3,92,full_threshold_0p5,17,15,15,14
26,3,92,cropped_threshold_0p5,16,14,14,13
26,3,92,cropped_calibrated,3,2,3,2
26,3,92,cropped_fixed_budget,32,45,29,43
26,4,86,full_threshold_0p5,11,10,8,8
26,4,86,cropped_threshold_0p5,11,10,8,8
26,4,86,cropped_calibrated,2,1,2,1
26,4,86,cropped_fixed_budget,42,45,22,29
26,5,25,full_threshold_0p5,21,23,19,22
26,5,25,cropped_threshold_0p5,18,21,18,21
26,5,25,cropped_calibrated,5,4,5,4
26,5,25,cropped_fixed_budget,25,45,25,45
26,6,74,full_threshold_0p5,25,23,12,12
26,6,74,cropped_threshold_0p5,25,23,12,12
26,6,74,cropped_calibrated,6,4,4,3
26,6,74,cropped_fixed_budget,38,45,34,43
26,7,23,full_threshold_0p5,36,29,19,19
26,7,23,cropped_threshold_0p5,16,16,16,16
26,7,23,cropped_calibrated,5,4,5,4
26,7,23,cropped_fixed_budget,23,45,23,45
26,8,49,full_threshold_0p5,22,23,18,21
26,8,49,cropped_threshold_0p5,19,21,17,20
26,8,49,cropped_calibrated,2,1,2,1
26,8,49,cropped_fixed_budget,34,45,30,43
26,9,85,full_threshold_0p5,33,33,23,25
26,9,85,cropped_threshold_0p5,33,33,23,25
26,9,85,cropped_calibrated,2,1,2,1
26,9,85,cropped_fixed_budget,39,45,37,44
26,10,74,full_threshold_0p5,27,24,16,17
26,10,74,cropped_threshold_0p5,25,23,16,17
26,10,74,cropped_calibrated,3,2,3,2
26,10,74,cropped_fixed_budget,34,45,34,45
26,11,48,full_threshold_0p5,61,59,50,52
26,11,48,cropped_threshold_0p5,27,26,20,21
26,11,48,cropped_calibrated,5,3,3,2
26,11,48,cropped_fixed_budget,37,45,37,45
26,12,95,full_threshold_0p5,26,24,20,20
26,12,95,cropped_threshold_0p5,24,23,20,20
26,12,95,cropped_calibrated,2,1,2,1
26,12,95,cropped_fixed_budget,43,45,32,38
26,13,58,full_threshold_0p5,21,22,21,22
26,13,58,cropped_threshold_0p5,21,22,21,22
26,13,58,cropped_calibrated,2,1,2,1
26,13,58,cropped_fixed_budget,41,45,35,41
26,14,43,full_threshold_0p5,75,80,64,73
26,14,43,cropped_threshold_0p5,35,41,31,39
26,14,43,cropped_calibrated,6,3,2,1
26,14,43,cropped_fixed_budget,36,45,34,44
26,15,36,full_threshold_0p5,44,38,15,16
26,15,36,cropped_threshold_0p5,21,20,14,15
26,15,36,cropped_calibrated,4,3,4,3
26,15,36,cropped_fixed_budget,32,45,32,45
26,16,50,full_threshold_0p5,25,23,15,18
26,16,50,cropped_threshold_0p5,19,20,15,18
26,16,50,cropped_calibrated,4,3,4,3
26,16,50,cropped_fixed_budget,36,45,29,40
26,17,68,full_threshold_0p5,45,45,45,45
26,17,68,cropped_threshold_0p5,45,45,45,45
26,17,68,cropped_calibrated,8,4,2,1
26,17,68,cropped_fixed_budget,45,45,45,45
26,18,65,full_threshold_0p5,12,9,8,7
26,18,65,cropped_threshold_0p5,12,9,8,7
26,18,65,cropped_calibrated,2,1,2,1
26,18,65,cropped_fixed_budget,37,45,37,45
26,19,96,full_threshold_0p5,33,26,11,10
26,19,96,cropped_threshold_0p5,32,25,10,9
26,19,96,cropped_calibrated,5,4,5,4
26,19,96,cropped_fixed_budget,49,45,24,25
27,0,30,full_threshold_0p5,22,22,20,21
27,0,30,cropped_threshold_0p5,22,22,20,21
27,0,30,cropped_calibrated,8,6,6,5
27,0,30,cropped_fixed_budget,29,45,29,45
27,1,71,full_threshold_0p5,34,29,16,17
27,1,71,cropped_threshold_0p5,33,28,15,16
27,1,71,cropped_calibrated,3,2,3,2
27,1,71,cropped_fixed_budget,47,45,26,29
27,2,73,full_threshold_0p5,66,61,19,19
27,2,73,cropped_threshold_0p5,55,52,19,19
27,2,73,cropped_calibrated,4,3,4,3
27,2,73,cropped_fixed_budget,49,45,17,17
27,3,92,full_threshold_0p5,25,21,16,15
27,3,92,cropped_threshold_0p5,25,21,16,15
27,3,92,cropped_calibrated,3,2,3,2
27,3,92,cropped_fixed_budget,38,45,29,38
27,4,86,full_threshold_0p5,31,28,21,22
27,4,86,cropped_threshold_0p5,30,26,20,20
27,4,86,cropped_calibrated,5,4,5,4
27,4,86,cropped_fixed_budget,48,45,31,34
27,5,25,full_threshold_0p5,13,12,11,11
27,5,25,cropped_threshold_0p5,11,11,11,11
27,5,25,cropped_calibrated,6,5,6,5
27,5,25,cropped_fixed_budget,24,45,24,45
27,6,74,full_threshold_0p5,98,4548,98,4548
27,6,74,cropped_threshold_0p5,74,2517,74,2517
27,6,74,cropped_calibrated,45,54,42,52
27,6,74,cropped_fixed_budget,43,45,36,40
27,7,23,full_threshold_0p5,88,83,55,56
27,7,23,cropped_threshold_0p5,20,20,18,19
27,7,23,cropped_calibrated,4,2,2,1
27,7,23,cropped_fixed_budget,23,45,23,45
27,8,49,full_threshold_0p5,23,19,13,12
27,8,49,cropped_threshold_0p5,21,18,13,12
27,8,49,cropped_calibrated,2,1,2,1
27,8,49,cropped_fixed_budget,37,45,31,40
27,9,85,full_threshold_0p5,19,19,17,18
27,9,85,cropped_threshold_0p5,19,19,17,18
27,9,85,cropped_calibrated,3,2,3,2
27,9,85,cropped_fixed_budget,41,45,26,33
27,10,74,full_threshold_0p5,91,86,49,49
27,10,74,cropped_threshold_0p5,67,64,49,49
27,10,74,cropped_calibrated,2,1,2,1
27,10,74,cropped_fixed_budget,51,45,37,36
27,11,48,full_threshold_0p5,31,27,20,21
27,11,48,cropped_threshold_0p5,26,24,20,21
27,11,48,cropped_calibrated,5,4,5,4
27,11,48,cropped_fixed_budget,39,45,28,37
27,12,95,full_threshold_0p5,21,19,16,15
27,12,95,cropped_threshold_0p5,20,18,15,14
27,12,95,cropped_calibrated,3,2,3,2
27,12,95,cropped_fixed_budget,35,45,31,43
27,13,58,full_threshold_0p5,96,213,96,213
27,13,58,cropped_threshold_0p5,58,127,58,127
27,13,58,cropped_calibrated,12,9,6,5
27,13,58,cropped_fixed_budget,46,45,25,27
27,14,43,full_threshold_0p5,26,26,24,25
27,14,43,cropped_threshold_0p5,26,26,24,25
27,14,43,cropped_calibrated,7,5,5,4
27,14,43,cropped_fixed_budget,39,45,39,45
27,15,36,full_threshold_0p5,78,76,76,75
27,15,36,cropped_threshold_0p5,36,35,36,35
27,15,36,cropped_calibrated,32,28,22,21
27,15,36,cropped_fixed_budget,36,45,36,45
27,16,50,full_threshold_0p5,56,55,56,55
27,16,50,cropped_threshold_0p5,50,49,50,49
27,16,50,cropped_calibrated,7,4,3,2
27,16,50,cropped_fixed_budget,46,45,46,45
27,17,68,full_threshold_0p5,21,16,10,9
27,17,68,cropped_threshold_0p5,17,14,10,9
27,17,68,cropped_calibrated,2,1,2,1
27,17,68,cropped_fixed_budget,40,45,40,45
27,18,65,full_threshold_0p5,21,17,14,13
27,18,65,cropped_threshold_0p5,19,16,14,13
27,18,65,cropped_calibrated,6,4,4,3
27,18,65,cropped_fixed_budget,37,45,32,40
27,19,96,full_threshold_0p5,47,46,27,26
27,19,96,cropped_threshold_0p5,46,45,27,26
27,19,96,cropped_calibrated,9,6,5,4
27,19,96,cropped_fixed_budget,46,45,27,26
28,0,30,full_threshold_0p5,35,32,27,27
28,0,30,cropped_threshold_0p5,19,19,19,19
28,0,30,cropped_calibrated,6,4,3,2
28,0,30,cropped_fixed_budget,30,45,30,45
28,1,71,full_threshold_0p5,18,15,13,12
28,1,71,cropped_threshold_0p5,18,15,13,12
28,1,71,cropped_calibrated,4,3,4,3
28,1,71,cropped_fixed_budget,40,45,35,41
28,2,73,full_threshold_0p5,64,57,30,29
28,2,73,cropped_threshold_0p5,56,51,27,26
28,2,73,cropped_calibrated,2,1,2,1
28,2,73,cropped_fixed_budget,51,45,16,15
28,3,92,full_threshold_0p5,28,25,14,14
28,3,92,cropped_threshold_0p5,28,25,14,14
28,3,92,cropped_calibrated,8,5,4,3
28,3,92,cropped_fixed_budget,43,45,28,35
28,4,86,full_threshold_0p5,25,23,19,20
28,4,86,cropped_threshold_0p5,25,23,19,20
28,4,86,cropped_calibrated,7,5,4,3
28,4,86,cropped_fixed_budget,48,45,24,30
28,5,25,full_threshold_0p5,19,20,19,20
28,5,25,cropped_threshold_0p5,18,18,18,18
28,5,25,cropped_calibrated,5,3,3,2
28,5,25,cropped_fixed_budget,24,45,24,45
28,6,74,full_threshold_0p5,34,29,12,13
28,6,74,cropped_threshold_0p5,33,28,11,12
28,6,74,cropped_calibrated,6,5,6,5
28,6,74,cropped_fixed_budget,44,45,39,41
28,7,23,full_threshold_0p5,17,14,12,11
28,7,23,cropped_threshold_0p5,16,13,11,10
28,7,23,cropped_calibrated,2,1,2,1
28,7,23,cropped_fixed_budget,23,45,23,45
28,8,49,full_threshold_0p5,98,1338,98,1338
28,8,49,cropped_threshold_0p5,49,393,49,393
28,8,49,cropped_calibrated,9,5,3,2
28,8,49,cropped_fixed_budget,40,45,33,41
28,9,85,full_threshold_0p5,9,9,9,9
28,9,85,cropped_threshold_0p5,9,9,9,9
28,9,85,cropped_calibrated,4,3,4,3
28,9,85,cropped_fixed_budget,38,45,31,40
28,10,74,full_threshold_0p5,14,12,12,11
28,10,74,cropped_threshold_0p5,12,11,12,11
28,10,74,cropped_calibrated,3,2,3,2
28,10,74,cropped_fixed_budget,34,45,26,40
28,11,48,full_threshold_0p5,29,29,21,25
28,11,48,cropped_threshold_0p5,22,25,20,24
28,11,48,cropped_calibrated,3,2,3,2
28,11,48,cropped_fixed_budget,33,45,33,45
28,12,95,full_threshold_0p5,51,42,23,22
28,12,95,cropped_threshold_0p5,49,41,23,22
28,12,95,cropped_calibrated,4,3,4,3
28,12,95,cropped_fixed_budget,52,45,25,24
28,13,58,full_threshold_0p5,41,37,31,31
28,13,58,cropped_threshold_0p5,37,35,31,31
28,13,58,cropped_calibrated,2,1,2,1
28,13,58,cropped_fixed_budget,42,45,33,39
28,14,43,full_threshold_0p5,20,17,13,13
28,14,43,cropped_threshold_0p5,17,15,13,13
28,14,43,cropped_calibrated,4,2,2,1
28,14,43,cropped_fixed_budget,32,45,25,40
28,15,36,full_threshold_0p5,37,30,14,14
28,15,36,cropped_threshold_0p5,19,18,14,14
28,15,36,cropped_calibrated,3,2,3,2
28,15,36,cropped_fixed_budget,36,45,36,45
28,16,50,full_threshold_0p5,41,44,27,32
28,16,50,cropped_threshold_0p5,31,35,26,31
28,16,50,cropped_calibrated,8,4,2,1
28,16,50,cropped_fixed_budget,34,45,34,45
28,17,68,full_threshold_0p5,11,11,11,11
28,17,68,cropped_threshold_0p5,11,11,11,11
28,17,68,cropped_calibrated,2,1,2,1
28,17,68,cropped_fixed_budget,33,45,23,39
28,18,65,full_threshold_0p5,27,22,12,12
28,18,65,cropped_threshold_0p5,27,22,12,12
28,18,65,cropped_calibrated,2,1,2,1
28,18,65,cropped_fixed_budget,41,45,20,28
28,19,96,full_threshold_0p5,27,23,19,19
28,19,96,cropped_threshold_0p5,27,23,19,19
28,19,96,cropped_calibrated,2,1,2,1
28,19,96,cropped_fixed_budget,50,45,26,30
29,0,30,full_threshold_0p5,35,31,28,27
29,0,30,cropped_threshold_0p5,24,22,22,21
29,0,30,cropped_calibrated,9,7,5,4
29,0,30,cropped_fixed_budget,30,45,30,45
29,1,71,full_threshold_0p5,34,29,15,17
29,1,71,cropped_threshold_0p5,33,27,14,15
29,1,71,cropped_calibrated,3,2,3,2
29,1,71,cropped_fixed_budget,46,45,22,27
29,2,73,full_threshold_0p5,77,78,77,78
29,2,73,cropped_threshold_0p5,71,72,71,72
29,2,73,cropped_calibrated,10,7,5,4
29,2,73,cropped_fixed_budget,52,45,16,15
29,3,92,full_threshold_0p5,84,95,84,95
29,3,92,cropped_threshold_0p5,84,95,84,95
29,3,92,cropped_calibrated,5,3,3,2
29,3,92,cropped_fixed_budget,51,45,26,26
29,4,86,full_threshold_0p5,30,30,27,28
29,4,86,cropped_threshold_0p5,29,29,26,27
29,4,86,cropped_calibrated,5,3,3,2
29,4,86,cropped_fixed_budget,30,45,30,45
29,5,25,full_threshold_0p5,96,201,96,201
29,5,25,cropped_threshold_0p5,24,44,24,44
29,5,25,cropped_calibrated,5,4,5,4
29,5,25,cropped_fixed_budget,24,45,24,45
29,6,74,full_threshold_0p5,24,24,21,22
29,6,74,cropped_threshold_0p5,24,24,21,22
29,6,74,cropped_calibrated,2,1,2,1
29,6,74,cropped_fixed_budget,42,45,38,42
29,7,23,full_threshold_0p5,75,74,43,42
29,7,23,cropped_threshold_0p5,22,23,22,23
29,7,23,cropped_calibrated,2,1,2,1
29,7,23,cropped_fixed_budget,23,45,23,45
29,8,49,full_threshold_0p5,34,32,15,16
29,8,49,cropped_threshold_0p5,21,21,15,16
29,8,49,cropped_calibrated,2,1,2,1
29,8,49,cropped_fixed_budget,33,45,33,45
29,9,85,full_threshold_0p5,35,40,23,30
29,9,85,cropped_threshold_0p5,33,38,21,28
29,9,85,cropped_calibrated,5,3,3,2
29,9,85,cropped_fixed_budget,37,45,23,33
29,10,74,full_threshold_0p5,62,67,49,56
29,10,74,cropped_threshold_0p5,62,67,49,56
29,10,74,cropped_calibrated,10,6,4,3
29,10,74,cropped_fixed_budget,50,45,34,33
29,11,48,full_threshold_0p5,25,24,16,18
29,11,48,cropped_threshold_0p5,18,18,14,16
29,11,48,cropped_calibrated,5,4,5,4
29,11,48,cropped_fixed_budget,36,45,36,45
29,12,95,full_threshold_0p5,98,4730,98,4730
29,12,95,cropped_threshold_0p5,95,4442,95,4442
29,12,95,cropped_calibrated,95,2338,95,2338
29,12,95,cropped_fixed_budget,51,45,28,28
29,13,58,full_threshold_0p5,53,50,31,36
29,13,58,cropped_threshold_0p5,36,39,30,35
29,13,58,cropped_calibrated,5,4,5,4
29,13,58,cropped_fixed_budget,43,45,32,38
29,14,43,full_threshold_0p5,46,40,26,26
29,14,43,cropped_threshold_0p5,26,25,24,24
29,14,43,cropped_calibrated,7,6,7,6
29,14,43,cropped_fixed_budget,39,45,36,43
29,15,36,full_threshold_0p5,39,37,22,25
29,15,36,cropped_threshold_0p5,24,26,22,25
29,15,36,cropped_calibrated,3,2,3,2
29,15,36,cropped_fixed_budget,31,45,31,45
29,16,50,full_threshold_0p5,17,14,10,10
29,16,50,cropped_threshold_0p5,17,14,10,10
29,16,50,cropped_calibrated,2,1,2,1
29,16,50,cropped_fixed_budget,43,45,37,41
29,17,68,full_threshold_0p5,16,15,12,13
29,17,68,cropped_threshold_0p5,16,15,12,13
29,17,68,cropped_calibrated,3,2,3,2
29,17,68,cropped_fixed_budget,37,45,31,41
29,18,65,full_threshold_0p5,66,55,20,19
29,18,65,cropped_threshold_0p5,39,32,10,9
29,18,65,cropped_calibrated,6,3,2,1
29,18,65,cropped_fixed_budget,45,45,26,29
29,19,96,full_threshold_0p5,37,34,16,15
29,19,96,cropped_threshold_0p5,35,33,16,15
29,19,96,cropped_calibrated,3,2,3,2
29,19,96,cropped_fixed_budget,47,45,30,33
30,0,30,full_threshold_0p5,26,24,15,17
30,0,30,cropped_threshold_0p5,20,19,13,15
30,0,30,cropped_calibrated,2,1,2,1
30,0,30,cropped_fixed_budget,29,45,29,45
30,1,71,full_threshold_0p5,21,18,13,13
30,1,71,cropped_threshold_0p5,19,17,13,13
30,1,71,cropped_calibrated,6,5,6,5
30,1,71,cropped_fixed_budget,42,45,20,27
30,2,73,full_threshold_0p5,27,28,27,28
30,2,73,cropped_threshold_0p5,26,27,26,27
30,2,73,cropped_calibrated,7,5,5,4
30,2,73,cropped_fixed_budget,39,45,27,39
30,3,92,full_threshold_0p5,41,48,33,43
30,3,92,cropped_threshold_0p5,41,48,33,43
30,3,92,cropped_calibrated,7,5,4,3
30,3,92,cropped_fixed_budget,38,45,32,41
30,4,86,full_threshold_0p5,81,278,81,278
30,4,86,cropped_threshold_0p5,78,270,78,270
30,4,86,cropped_calibrated,17,12,6,5
30,4,86,cropped_fixed_budget,49,45,21,22
30,5,25,full_threshold_0p5,14,14,12,13
30,5,25,cropped_threshold_0p5,12,13,12,13
30,5,25,cropped_calibrated,2,1,2,1
30,5,25,cropped_fixed_budget,24,45,24,45
30,6,74,full_threshold_0p5,36,34,31,31
30,6,74,cropped_threshold_0p5,36,34,31,31
30,6,74,cropped_calibrated,6,4,4,3
30,6,74,cropped_fixed_budget,47,45,38,40
30,7,23,full_threshold_0p5,21,19,13,14
30,7,23,cropped_threshold_0p5,15,15,13,14
30,7,23,cropped_calibrated,4,3,4,3
30,7,23,cropped_fixed_budget,23,45,23,45
30,8,49,full_threshold_0p5,98,4747,98,4747
30,8,49,cropped_threshold_0p5,49,1170,49,1170
30,8,49,cropped_calibrated,49,1107,49,1107
30,8,49,cropped_fixed_budget,35,45,35,45
30,9,85,full_threshold_0p5,63,67,35,43
30,9,85,cropped_threshold_0p5,61,65,35,43
30,9,85,cropped_calibrated,3,2,3,2
30,9,85,cropped_fixed_budget,50,45,23,24
30,10,74,full_threshold_0p5,18,18,18,18
30,10,74,cropped_threshold_0p5,18,18,18,18
30,10,74,cropped_calibrated,6,3,2,1
30,10,74,cropped_fixed_budget,43,45,26,32
30,11,48,full_threshold_0p5,25,21,18,17
30,11,48,cropped_threshold_0p5,18,17,18,17
30,11,48,cropped_calibrated,8,7,8,7
30,11,48,cropped_fixed_budget,42,45,36,41
30,12,95,full_threshold_0p5,24,20,16,15
30,12,95,cropped_threshold_0p5,24,20,16,15
30,12,95,cropped_calibrated,3,2,3,2
30,12,95,cropped_fixed_budget,49,45,36,37
30,13,58,full_threshold_0p5,17,18,15,17
30,13,58,cropped_threshold_0p5,17,18,15,17
30,13,58,cropped_calibrated,4,3,4,3
30,13,58,cropped_fixed_budget,40,45,28,34
30,14,43,full_threshold_0p5,17,16,13,14
30,14,43,cropped_threshold_0p5,12,13,12,13
30,14,43,cropped_calibrated,7,5,4,3
30,14,43,cropped_fixed_budget,38,45,22,33
30,15,36,full_threshold_0p5,36,36,15,15
30,15,36,cropped_threshold_0p5,20,18,15,15
30,15,36,cropped_calibrated,5,4,5,4
30,15,36,cropped_fixed_budget,32,45,32,45
30,16,50,full_threshold_0p5,32,28,22,23
30,16,50,cropped_threshold_0p5,26,25,22,23
30,16,50,cropped_calibrated,4,2,2,1
30,16,50,cropped_fixed_budget,41,45,39,44
30,17,68,full_threshold_0p5,49,48,31,35
30,17,68,cropped_threshold_0p5,44,43,30,34
30,17,68,cropped_calibrated,3,2,3,2
30,17,68,cropped_fixed_budget,46,45,30,35
30,18,65,full_threshold_0p5,58,62,50,57
30,18,65,cropped_threshold_0p5,51,57,49,56
30,18,65,cropped_calibrated,8,6,6,5
30,18,65,cropped_fixed_budget,47,45,43,43
30,19,96,full_threshold_0p5,86,94,82,92
30,19,96,cropped_threshold_0p5,86,94,82,92
30,19,96,cropped_calibrated,10,7,6,5
30,19,96,cropped_fixed_budget,58,45,19,18
31,0,30,full_threshold_0p5,17,14,13,12
31,0,30,cropped_threshold_0p5,15,13,13,12
31,0,30,cropped_calibrated,3,2,3,2
31,0,30,cropped_fixed_budget,28,45,28,45
31,1,71,full_threshold_0p5,13,13,13,13
31,1,71,cropped_threshold_0p5,13,13,13,13
31,1,71,cropped_calibrated,3,2,3,2
31,1,71,cropped_fixed_budget,42,45,37,42
31,2,73,full_threshold_0p5,26,23,15,16
31,2,73,cropped_threshold_0p5,25,22,15,16
31,2,73,cropped_calibrated,4,3,4,3
31,2,73,cropped_fixed_budget,44,45,27,31
31,3,92,full_threshold_0p5,25,25,25,25
31,3,92,cropped_threshold_0p5,25,25,25,25
31,3,92,cropped_calibrated,8,6,4,3
31,3,92,cropped_fixed_budget,45,45,38,40
31,4,86,full_threshold_0p5,47,40,27,28
31,4,86,cropped_threshold_0p5,45,39,27,28
31,4,86,cropped_calibrated,2,1,2,1
31,4,86,cropped_fixed_budget,47,45,32,36
31,5,25,full_threshold_0p5,98,4747,98,4747
31,5,25,cropped_threshold_0p5,25,294,25,294
31,5,25,cropped_calibrated,25,275,25,275
31,5,25,cropped_fixed_budget,22,45,22,45
31,6,74,full_threshold_0p5,80,126,77,124
31,6,74,cropped_threshold_0p5,70,116,70,116
31,6,74,cropped_calibrated,3,2,3,2
31,6,74,cropped_fixed_budget,45,45,29,35
31,7,23,full_threshold_0p5,14,12,9,9
31,7,23,cropped_threshold_0p5,9,9,9,9
31,7,23,cropped_calibrated,4,2,2,1
31,7,23,cropped_fixed_budget,23,45,23,45
31,8,49,full_threshold_0p5,10,9,10,9
31,8,49,cropped_threshold_0p5,9,8,9,8
31,8,49,cropped_calibrated,5,4,5,4
31,8,49,cropped_fixed_budget,32,45,32,45
31,9,85,full_threshold_0p5,25,27,25,27
31,9,85,cropped_threshold_0p5,25,27,25,27
31,9,85,cropped_calibrated,3,2,3,2
31,9,85,cropped_fixed_budget,38,45,32,42
31,10,74,full_threshold_0p5,27,28,22,24
31,10,74,cropped_threshold_0p5,27,28,22,24
31,10,74,cropped_calibrated,3,2,3,2
31,10,74,cropped_fixed_budget,37,45,37,45
31,11,48,full_threshold_0p5,46,39,18,19
31,11,48,cropped_threshold_0p5,31,28,18,19
31,11,48,cropped_calibrated,6,5,6,5
31,11,48,cropped_fixed_budget,39,45,39,45
31,12,95,full_threshold_0p5,27,24,22,21
31,12,95,cropped_threshold_0p5,27,24,22,21
31,12,95,cropped_calibrated,2,1,2,1
31,12,95,cropped_fixed_budget,42,45,38,43
31,13,58,full_threshold_0p5,19,16,12,11
31,13,58,cropped_threshold_0p5,19,16,12,11
31,13,58,cropped_calibrated,5,4,5,4
31,13,58,cropped_fixed_budget,41,45,41,45
31,14,43,full_threshold_0p5,18,16,14,14
31,14,43,cropped_threshold_0p5,16,15,14,14
31,14,43,cropped_calibrated,0,0,0,0
31,14,43,cropped_fixed_budget,36,45,25,38
31,15,36,full_threshold_0p5,17,15,10,10
31,15,36,cropped_threshold_0p5,10,10,10,10
31,15,36,cropped_calibrated,2,1,2,1
31,15,36,cropped_fixed_budget,30,45,30,45
31,16,50,full_threshold_0p5,26,23,13,15
31,16,50,cropped_threshold_0p5,22,21,13,15
31,16,50,cropped_calibrated,3,2,3,2
31,16,50,cropped_fixed_budget,41,45,34,41
31,17,68,full_threshold_0p5,75,69,29,28
31,17,68,cropped_threshold_0p5,53,47,16,15
31,17,68,cropped_calibrated,2,1,2,1
31,17,68,cropped_fixed_budget,50,45,15,14
31,18,65,full_threshold_0p5,14,12,10,10
31,18,65,cropped_threshold_0p5,13,11,9,9
31,18,65,cropped_calibrated,2,1,2,1
31,18,65,cropped_fixed_budget,38,45,21,32
31,19,96,full_threshold_0p5,34,30,22,23
31,19,96,cropped_threshold_0p5,33,29,21,22
31,19,96,cropped_calibrated,4,2,2,1
31,19,96,cropped_fixed_budget,46,45,28,33
32,0,30,full_threshold_0p5,78,91,74,88
32,0,30,cropped_threshold_0p5,30,32,30,32
32,0,30,cropped_calibrated,2,1,2,1
32,0,30,cropped_fixed_budget,30,45,30,45
32,1,71,full_threshold_0p5,21,22,13,14
32,1,71,cropped_threshold_0p5,19,19,12,13
32,1,71,cropped_calibrated,2,1,2,1
32,1,71,cropped_fixed_budget,31,45,29,44
32,2,73,full_threshold_0p5,93,119,91,118
32,2,73,cropped_threshold_0p5,73,99,73,99
32,2,73,cropped_calibrated,6,4,4,3
32,2,73,cropped_fixed_budget,55,45,14,13
32,3,92,full_threshold_0p5,43,45,43,45
32,3,92,cropped_threshold_0p5,42,44,42,44
32,3,92,cropped_calibrated,2,1,2,1
32,3,92,cropped_fixed_budget,43,45,43,45
32,4,86,full_threshold_0p5,19,22,13,17
32,4,86,cropped_threshold_0p5,18,21,12,16
32,4,86,cropped_calibrated,2,1,2,1
32,4,86,cropped_fixed_budget,34,45,34,45
32,5,25,full_threshold_0p5,78,77,76,76
32,5,25,cropped_threshold_0p5,25,25,25,25
32,5,25,cropped_calibrated,9,7,7,6
32,5,25,cropped_fixed_budget,25,45,25,45
32,6,74,full_threshold_0p5,85,85,56,57
32,6,74,cropped_threshold_0p5,63,63,56,57
32,6,74,cropped_calibrated,4,2,2,1
32,6,74,cropped_fixed_budget,49,45,14,13
32,7,23,full_threshold_0p5,48,37,18,17
32,7,23,cropped_threshold_0p5,16,14,14,13
32,7,23,cropped_calibrated,7,5,4,3
32,7,23,cropped_fixed_budget,23,45,23,45
32,8,49,full_threshold_0p5,47,41,30,30
32,8,49,cropped_threshold_0p5,36,34,30,30
32,8,49,cropped_calibrated,6,3,2,1
32,8,49,cropped_fixed_budget,44,45,44,45
32,9,85,full_threshold_0p5,11,11,11,11
32,9,85,cropped_threshold_0p5,11,11,11,11
32,9,85,cropped_calibrated,3,2,3,2
32,9,85,cropped_fixed_budget,39,45,23,29
32,10,74,full_threshold_0p5,22,18,9,9
32,10,74,cropped_threshold_0p5,22,18,9,9
32,10,74,cropped_calibrated,3,2,3,2
32,10,74,cropped_fixed_budget,43,45,29,35
32,11,48,full_threshold_0p5,94,107,94,107
32,11,48,cropped_threshold_0p5,47,58,47,58
32,11,48,cropped_calibrated,15,12,7,6
32,11,48,cropped_fixed_budget,40,45,36,42
32,12,95,full_threshold_0p5,8,8,8,8
32,12,95,cropped_threshold_0p5,8,8,8,8
32,12,95,cropped_calibrated,5,4,5,4
32,12,95,cropped_fixed_budget,39,45,27,38
32,13,58,full_threshold_0p5,17,17,17,17
32,13,58,cropped_threshold_0p5,16,16,16,16
32,13,58,cropped_calibrated,4,3,4,3
32,13,58,cropped_fixed_budget,30,45,28,44
32,14,43,full_threshold_0p5,19,16,13,13
32,14,43,cropped_threshold_0p5,17,15,13,13
32,14,43,cropped_calibrated,6,4,4,3
32,14,43,cropped_fixed_budget,38,45,34,43
32,15,36,full_threshold_0p5,49,45,22,21
32,15,36,cropped_threshold_0p5,20,19,15,15
32,15,36,cropped_calibrated,3,2,3,2
32,15,36,cropped_fixed_budget,35,45,35,45
32,16,50,full_threshold_0p5,26,21,14,13
32,16,50,cropped_threshold_0p5,23,19,13,12
32,16,50,cropped_calibrated,4,3,4,3
32,16,50,cropped_fixed_budget,39,45,37,44
32,17,68,full_threshold_0p5,24,19,16,15
32,17,68,cropped_threshold_0p5,24,19,16,15
32,17,68,cropped_calibrated,3,2,3,2
32,17,68,cropped_fixed_budget,46,45,30,34
32,18,65,full_threshold_0p5,28,25,16,18
32,18,65,cropped_threshold_0p5,28,25,16,18
32,18,65,cropped_calibrated,7,5,4,3
32,18,65,cropped_fixed_budget,38,45,33,42
32,19,96,full_threshold_0p5,28,22,15,14
32,19,96,cropped_threshold_0p5,26,21,15,14
32,19,96,cropped_calibrated,5,4,5,4
32,19,96,cropped_fixed_budget,36,45,34,44
33,0,30,full_threshold_0p5,29,27,13,16
33,0,30,cropped_threshold_0p5,15,17,13,16
33,0,30,cropped_calibrated,2,1,2,1
33,0,30,cropped_fixed_budget,28,45,28,45
33,1,71,full_threshold_0p5,74,109,74,109
33,1,71,cropped_threshold_0p5,64,96,64,96
33,1,71,cropped_calibrated,6,4,4,3
33,1,71,cropped_fixed_budget,46,45,23,29
33,2,73,full_threshold_0p5,56,61,56,61
33,2,73,cropped_threshold_0p5,55,60,55,60
33,2,73,cropped_calibrated,4,3,4,3
33,2,73,cropped_fixed_budget,48,45,26,25
33,3,92,full_threshold_0p5,27,23,17,16
33,3,92,cropped_threshold_0p5,26,22,16,15
33,3,92,cropped_calibrated,4,3,4,3
33,3,92,cropped_fixed_budget,41,45,36,42
33,4,86,full_threshold_0p5,29,24,21,20
33,4,86,cropped_threshold_0p5,27,23,21,20
33,4,86,cropped_calibrated,2,1,2,1
33,4,86,cropped_fixed_budget,43,45,29,35
33,5,25,full_threshold_0p5,22,22,22,22
33,5,25,cropped_threshold_0p5,21,21,21,21
33,5,25,cropped_calibrated,2,1,2,1
33,5,25,cropped_fixed_budget,25,45,25,45
33,6,74,full_threshold_0p5,87,188,87,188
33,6,74,cropped_threshold_0p5,74,175,74,175
33,6,74,cropped_calibrated,14,9,4,3
33,6,74,cropped_fixed_budget,54,45,17,16
33,7,23,full_threshold_0p5,16,13,12,11
33,7,23,cropped_threshold_0p5,12,11,12,11
33,7,23,cropped_calibrated,2,1,2,1
33,7,23,cropped_fixed_budget,23,45,23,45
33,8,49,full_threshold_0p5,32,31,23,25
33,8,49,cropped_threshold_0p5,30,30,23,25
33,8,49,cropped_calibrated,8,6,6,5
33,8,49,cropped_fixed_budget,39,45,32,40
33,9,85,full_threshold_0p5,14,14,14,14
33,9,85,cropped_threshold_0p5,13,13,13,13
33,9,85,cropped_calibrated,2,1,2,1
33,9,85,cropped_fixed_budget,36,45,34,44
33,10,74,full_threshold_0p5,96,96,96,96
33,10,74,cropped_threshold_0p5,74,74,74,74
33,10,74,cropped_calibrated,16,10,5,4
33,10,74,cropped_fixed_budget,55,45,14,13
33,11,48,full_threshold_0p5,54,47,18,18
33,11,48,cropped_threshold_0p5,35,31,18,18
33,11,48,cropped_calibrated,7,5,4,3
33,11,48,cropped_fixed_budget,43,45,31,34
33,12,95,full_threshold_0p5,26,24,18,18
33,12,95,cropped_threshold_0p5,26,24,18,18
33,12,95,cropped_calibrated,7,5,4,3
33,12,95,cropped_fixed_budget,34,45,32,44
33,13,58,full_threshold_0p5,16,14,9,9
33,13,58,cropped_threshold_0p5,15,13,8,8
33,13,58,cropped_calibrated,4,3,4,3
33,13,58,cropped_fixed_budget,37,45,24,34
33,14,43,full_threshold_0p5,90,99,88,98
33,14,43,cropped_threshold_0p5,41,48,41,48
33,14,43,cropped_calibrated,2,1,2,1
33,14,43,cropped_fixed_budget,41,45,41,45
33,15,36,full_threshold_0p5,83,150,77,145
33,15,36,cropped_threshold_0p5,36,90,36,90
33,15,36,cropped_calibrated,0,0,0,0
33,15,36,cropped_fixed_budget,34,45,34,45
33,16,50,full_threshold_0p5,98,2702,98,2702
33,16,50,cropped_threshold_0p5,50,586,50,586
33,16,50,cropped_calibrated,30,29,18,20
33,16,50,cropped_fixed_budget,40,45,36,43
33,17,68,full_threshold_0p5,20,21,18,20
33,17,68,cropped_threshold_0p5,20,21,18,20
33,17,68,cropped_calibrated,2,1,2,1
33,17,68,cropped_fixed_budget,28,45,22,41
33,18,65,full_threshold_0p5,20,19,18,18
33,18,65,cropped_threshold_0p5,18,18,18,18
33,18,65,cropped_calibrated,6,5,6,5
33,18,65,cropped_fixed_budget,44,45,36,40
33,19,96,full_threshold_0p5,22,16,9,8
33,19,96,cropped_threshold_0p5,20,15,9,8
33,19,96,cropped_calibrated,2,1,2,1
33,19,96,cropped_fixed_budget,42,45,24,31
34,0,30,full_threshold_0p5,15,13,13,12
34,0,30,cropped_threshold_0p5,13,12,13,12
34,0,30,cropped_calibrated,6,5,6,5
34,0,30,cropped_fixed_budget,29,45,27,44
34,1,71,full_threshold_0p5,21,23,19,22
34,1,71,cropped_threshold_0p5,21,23,19,22
34,1,71,cropped_calibrated,4,2,2,1
34,1,71,cropped_fixed_budget,37,45,25,36
34,2,73,full_threshold_0p5,52,55,52,55
34,2,73,cropped_threshold_0p5,51,54,51,54
34,2,73,cropped_calibrated,9,5,3,2
34,2,73,cropped_fixed_budget,46,45,46,45
34,3,92,full_threshold_0p5,12,10,8,8
34,3,92,cropped_threshold_0p5,12,10,8,8
34,3,92,cropped_calibrated,2,1,2,1
34,3,92,cropped_fixed_budget,42,45,23,31
34,4,86,full_threshold_0p5,98,3982,98,3982
34,4,86,cropped_threshold_0p5,86,2909,86,2909
34,4,86,cropped_calibrated,18,14,7,6
34,4,86,cropped_fixed_budget,48,45,19,18
34,5,25,full_threshold_0p5,29,29,19,22
34,5,25,cropped_threshold_0p5,21,22,17,19
34,5,25,cropped_calibrated,3,2,3,2
34,5,25,cropped_fixed_budget,25,45,25,45
34,6,74,full_threshold_0p5,84,91,70,79
34,6,74,cropped_threshold_0p5,70,76,56,64
34,6,74,cropped_calibrated,5,3,3,2
34,6,74,cropped_fixed_budget,52,45,20,20
34,7,23,full_threshold_0p5,29,25,14,15
34,7,23,cropped_threshold_0p5,15,15,13,14
34,7,23,cropped_calibrated,4,2,2,1
34,7,23,cropped_fixed_budget,23,45,23,45
34,8,49,full_threshold_0p5,45,43,43,42
34,8,49,cropped_threshold_0p5,43,42,43,42
34,8,49,cropped_calibrated,14,9,5,4
34,8,49,cropped_fixed_budget,43,45,43,45
34,9,85,full_threshold_0p5,22,19,7,6
34,9,85,cropped_threshold_0p5,22,19,7,6
34,9,85,cropped_calibrated,3,2,3,2
34,9,85,cropped_fixed_budget,43,45,41,44
34,10,74,full_threshold_0p5,51,46,17,18
34,10,74,cropped_threshold_0p5,47,43,17,18
34,10,74,cropped_calibrated,3,2,3,2
34,10,74,cropped_fixed_budget,47,45,32,33
34,11,48,full_threshold_0p5,22,23,22,23
34,11,48,cropped_threshold_0p5,21,22,21,22
34,11,48,cropped_calibrated,4,3,4,3
34,11,48,cropped_fixed_budget,40,45,36,43
34,12,95,full_threshold_0p5,12,11,12,11
34,12,95,cropped_threshold_0p5,12,11,12,11
34,12,95,cropped_calibrated,2,1,2,1
34,12,95,cropped_fixed_budget,38,45,34,43
34,13,58,full_threshold_0p5,98,4746,98,4746
34,13,58,cropped_threshold_0p5,58,1646,58,1646
34,13,58,cropped_calibrated,58,1583,58,1583
34,13,58,cropped_fixed_budget,40,45,40,45
34,14,43,full_threshold_0p5,32,26,18,17
34,14,43,cropped_threshold_0p5,28,22,17,16
34,14,43,cropped_calibrated,6,5,6,5
34,14,43,cropped_fixed_budget,39,45,39,45
34,15,36,full_threshold_0p5,98,4579,98,4579
34,15,36,cropped_threshold_0p5,36,548,36,548
34,15,36,cropped_calibrated,30,40,30,40
34,15,36,cropped_fixed_budget,32,45,32,45
34,16,50,full_threshold_0p5,29,23,16,16
34,16,50,cropped_threshold_0p5,21,19,16,16
34,16,50,cropped_calibrated,3,2,3,2
34,16,50,cropped_fixed_budget,35,45,29,40
34,17,68,full_threshold_0p5,28,24,14,14
34,17,68,cropped_threshold_0p5,25,22,13,13
34,17,68,cropped_calibrated,4,2,2,1
34,17,68,cropped_fixed_budget,47,45,30,34
34,18,65,full_threshold_0p5,21,18,17,16
34,18,65,cropped_threshold_0p5,20,17,16,15
34,18,65,cropped_calibrated,5,3,3,2
34,18,65,cropped_fixed_budget,42,45,31,39
34,19,96,full_threshold_0p5,16,16,14,15
34,19,96,cropped_threshold_0p5,14,15,14,15
34,19,96,cropped_calibrated,3,2,3,2
34,19,96,cropped_fixed_budget,38,45,29,40
35,0,30,full_threshold_0p5,30,26,13,14
35,0,30,cropped_threshold_0p5,20,18,13,14
35,0,30,cropped_calibrated,4,2,2,1
35,0,30,cropped_fixed_budget,30,45,30,45
35,1,71,full_threshold_0p5,16,12,9,8
35,1,71,cropped_threshold_0p5,14,11,9,8
35,1,71,cropped_calibrated,2,1,2,1
35,1,71,cropped_fixed_budget,36,45,31,41
35,2,73,full_threshold_0p5,38,30,20,19
35,2,73,cropped_threshold_0p5,36,29,20,19
35,2,73,cropped_calibrated,6,4,4,3
35,2,73,cropped_fixed_budget,50,45,27,29
35,3,92,full_threshold_0p5,19,17,11,12
35,3,92,cropped_threshold_0p5,18,16,10,11
35,3,92,cropped_calibrated,4,3,4,3
35,3,92,cropped_fixed_budget,40,45,34,42
35,4,86,full_threshold_0p5,52,65,47,61
35,4,86,cropped_threshold_0p5,52,65,47,61
35,4,86,cropped_calibrated,16,14,12,11
35,4,86,cropped_fixed_budget,41,45,39,44
35,5,25,full_threshold_0p5,40,32,19,19
35,5,25,cropped_threshold_0p5,13,13,13,13
35,5,25,cropped_calibrated,2,1,2,1
35,5,25,cropped_fixed_budget,25,45,25,45
35,6,74,full_threshold_0p5,29,25,16,16
35,6,74,cropped_threshold_0p5,29,25,16,16
35,6,74,cropped_calibrated,3,2,3,2
35,6,74,cropped_fixed_budget,45,45,34,39
35,7,23,full_threshold_0p5,25,23,21,21
35,7,23,cropped_threshold_0p5,17,17,17,17
35,7,23,cropped_calibrated,4,3,4,3
35,7,23,cropped_fixed_budget,23,45,23,45
35,8,49,full_threshold_0p5,24,25,24,25
35,8,49,cropped_threshold_0p5,24,25,24,25
35,8,49,cropped_calibrated,5,3,3,2
35,8,49,cropped_fixed_budget,35,45,35,45
35,9,85,full_threshold_0p5,25,20,14,13
35,9,85,cropped_threshold_0p5,25,20,14,13
35,9,85,cropped_calibrated,2,1,2,1
35,9,85,cropped_fixed_budget,37,45,35,44
35,10,74,full_threshold_0p5,26,22,15,16
35,10,74,cropped_threshold_0p5,22,20,15,16
35,10,74,cropped_calibrated,4,3,4,3
35,10,74,cropped_fixed_budget,38,45,21,27
35,11,48,full_threshold_0p5,76,110,76,110
35,11,48,cropped_threshold_0p5,47,77,47,77
35,11,48,cropped_calibrated,10,7,6,5
35,11,48,cropped_fixed_budget,41,45,39,44
35,12,95,full_threshold_0p5,20,16,13,12
35,12,95,cropped_threshold_0p5,20,16,13,12
35,12,95,cropped_calibrated,5,3,3,2
35,12,95,cropped_fixed_budget,35,45,29,40
35,13,58,full_threshold_0p5,18,14,11,10
35,13,58,cropped_threshold_0p5,18,14,11,10
35,13,58,cropped_calibrated,2,1,2,1
35,13,58,cropped_fixed_budget,37,45,33,43
35,14,43,full_threshold_0p5,30,28,27,26
35,14,43,cropped_threshold_0p5,24,23,24,23
35,14,43,cropped_calibrated,3,2,3,2
35,14,43,cropped_fixed_budget,33,45,28,42
35,15,36,full_threshold_0p5,24,21,16,17
35,15,36,cropped_threshold_0p5,16,17,16,17
35,15,36,cropped_calibrated,3,2,3,2
35,15,36,cropped_fixed_budget,31,45,31,45
35,16,50,full_threshold_0p5,20,19,13,15
35,16,50,cropped_threshold_0p5,18,18,13,15
35,16,50,cropped_calibrated,4,3,4,3
35,16,50,cropped_fixed_budget,37,45,35,44
35,17,68,full_threshold_0p5,21,20,13,14
35,17,68,cropped_threshold_0p5,18,18,13,14
35,17,68,cropped_calibrated,2,1,2,1
35,17,68,cropped_fixed_budget,44,45,33,37
35,18,65,full_threshold_0p5,22,21,22,21
35,18,65,cropped_threshold_0p5,21,20,21,20
35,18,65,cropped_calibrated,5,4,5,4
35,18,65,cropped_fixed_budget,34,45,31,43
35,19,96,full_threshold_0p5,22,19,14,14
35,19,96,cropped_threshold_0p5,21,18,13,13
35,19,96,cropped_calibrated,7,6,7,6
35,19,96,cropped_fixed_budget,42,45,31,38
36,0,30,full_threshold_0p5,79,99,76,97
36,0,30,cropped_threshold_0p5,28,34,28,34
36,0,30,cropped_calibrated,2,1,2,1
36,0,30,cropped_fixed_budget,28,45,28,45
36,1,71,full_threshold_0p5,36,40,28,35
36,1,71,cropped_threshold_0p5,36,40,28,35
36,1,71,cropped_calibrated,3,2,3,2
36,1,71,cropped_fixed_budget,38,45,31,40
36,2,73,full_threshold_0p5,25,22,18,18
36,2,73,cropped_threshold_0p5,23,21,18,18
36,2,73,cropped_calibrated,7,5,5,4
36,2,73,cropped_fixed_budget,49,45,30,33
36,3,92,full_threshold_0p5,47,47,47,47
36,3,92,cropped_threshold_0p5,47,47,47,47
36,3,92,cropped_calibrated,6,5,6,5
36,3,92,cropped_fixed_budget,46,45,46,45
36,4,86,full_threshold_0p5,44,44,23,28
36,4,86,cropped_threshold_0p5,44,44,23,28
36,4,86,cropped_calibrated,5,3,3,2
36,4,86,cropped_fixed_budget,44,45,23,29
36,5,25,full_threshold_0p5,12,12,12,12
36,5,25,cropped_threshold_0p5,12,12,12,12
36,5,25,cropped_calibrated,3,2,3,2
36,5,25,cropped_fixed_budget,25,45,25,45
36,6,74,full_threshold_0p5,80,82,80,82
36,6,74,cropped_threshold_0p5,73,75,73,75
36,6,74,cropped_calibrated,7,5,5,4
36,6,74,cropped_fixed_budget,51,45,17,16
36,7,23,full_threshold_0p5,98,814,98,814
36,7,23,cropped_threshold_0p5,23,85,23,85
36,7,23,cropped_calibrated,9,6,5,4
36,7,23,cropped_fixed_budget,23,45,23,45
36,8,49,full_threshold_0p5,17,16,15,15
36,8,49,cropped_threshold_0p5,15,15,15,15
36,8,49,cropped_calibrated,10,6,4,3
36,8,49,cropped_fixed_budget,35,45,35,45
36,9,85,full_threshold_0p5,40,36,22,23
36,9,85,cropped_threshold_0p5,40,36,22,23
36,9,85,cropped_calibrated,4,3,4,3
36,9,85,cropped_fixed_budget,50,45,26,27
36,10,74,full_threshold_0p5,31,29,27,27
36,10,74,cropped_threshold_0p5,31,29,27,27
36,10,74,cropped_calibrated,4,3,4,3
36,10,74,cropped_fixed_budget,50,45,36,36
36,11,48,full_threshold_0p5,42,41,21,22
36,11,48,cropped_threshold_0p5,33,34,21,22
36,11,48,cropped_calibrated,5,4,5,4
36,11,48,cropped_fixed_budget,40,45,40,45
36,12,95,full_threshold_0p5,23,19,12,11
36,12,95,cropped_threshold_0p5,23,19,12,11
36,12,95,cropped_calibrated,4,3,4,3
36,12,95,cropped_fixed_budget,43,45,28,32
36,13,58,full_threshold_0p5,37,33,17,19
36,13,58,cropped_threshold_0p5,33,31,17,19
36,13,58,cropped_calibrated,3,2,3,2
36,13,58,cropped_fixed_budget,41,45,28,35
36,14,43,full_threshold_0p5,20,18,16,16
36,14,43,cropped_threshold_0p5,18,17,16,16
36,14,43,cropped_calibrated,4,3,4,3
36,14,43,cropped_fixed_budget,35,45,35,45
36,15,36,full_threshold_0p5,14,12,12,11
36,15,36,cropped_threshold_0p5,14,12,12,11
36,15,36,cropped_calibrated,3,2,3,2
36,15,36,cropped_fixed_budget,34,45,34,45
36,16,50,full_threshold_0p5,78,71,29,28
36,16,50,cropped_threshold_0p5,37,33,29,28
36,16,50,cropped_calibrated,5,4,5,4
36,16,50,cropped_fixed_budget,44,45,40,42
36,17,68,full_threshold_0p5,67,77,60,73
36,17,68,cropped_threshold_0p5,53,66,53,66
36,17,68,cropped_calibrated,6,4,3,2
36,17,68,cropped_fixed_budget,40,45,40,45
36,18,65,full_threshold_0p5,40,33,12,12
36,18,65,cropped_threshold_0p5,33,29,12,12
36,18,65,cropped_calibrated,6,4,4,3
36,18,65,cropped_fixed_budget,42,45,20,22
36,19,96,full_threshold_0p5,24,18,9,8
36,19,96,cropped_threshold_0p5,22,17,9,8
36,19,96,cropped_calibrated,3,2,3,2
36,19,96,cropped_fixed_budget,43,45,22,21
37,0,30,full_threshold_0p5,22,18,10,10
37,0,30,cropped_threshold_0p5,13,11,9,9
37,0,30,cropped_calibrated,2,1,2,1
37,0,30,cropped_fixed_budget,27,45,27,45
37,1,71,full_threshold_0p5,35,28,14,14
37,1,71,cropped_threshold_0p5,33,27,14,14
37,1,71,cropped_calibrated,3,2,3,2
37,1,71,cropped_fixed_budget,46,45,32,36
37,2,73,full_threshold_0p5,38,38,28,31
37,2,73,cropped_threshold_0p5,36,37,28,31
37,2,73,cropped_calibrated,7,4,3,2
37,2,73,cropped_fixed_budget,38,45,29,37
37,3,92,full_threshold_0p5,36,32,14,14
37,3,92,cropped_threshold_0p5,36,32,14,14
37,3,92,cropped_calibrated,6,4,3,2
37,3,92,cropped_fixed_budget,48,45,16,17
37,4,86,full_threshold_0p5,32,29,17,20
37,4,86,cropped_threshold_0p5,30,28,17,20
37,4,86,cropped_calibrated,5,3,3,2
37,4,86,cropped_fixed_budget,44,45,34,39
37,5,25,full_threshold_0p5,23,22,21,21
37,5,25,cropped_threshold_0p5,23,22,21,21
37,5,25,cropped_calibrated,6,5,6,5
37,5,25,cropped_fixed_budget,24,45,24,45
37,6,74,full_threshold_0p5,83,82,83,82
37,6,74,cropped_threshold_0p5,74,73,74,73
37,6,74,cropped_calibrated,27,21,9,8
37,6,74,cropped_fixed_budget,50,45,16,15
37,7,23,full_threshold_0p5,22,23,20,22
37,7,23,cropped_threshold_0p5,19,21,19,21
37,7,23,cropped_calibrated,12,11,12,11
37,7,23,cropped_fixed_budget,22,45,22,45
37,8,49,full_threshold_0p5,15,12,10,9
37,8,49,cropped_threshold_0p5,15,12,10,9
37,8,49,cropped_calibrated,5,4,5,4
37,8,49,cropped_fixed_budget,36,45,30,42
37,9,85,full_threshold_0p5,98,769,98,769
37,9,85,cropped_threshold_0p5,85,713,85,713
37,9,85,cropped_calibrated,43,38,14,13
37,9,85,cropped_fixed_budget,51,45,17,16
37,10,74,full_threshold_0p5,57,56,35,34
37,10,74,cropped_threshold_0p5,57,56,35,34
37,10,74,cropped_calibrated,4,3,4,3
37,10,74,cropped_fixed_budget,48,45,26,25
37,11,48,full_threshold_0p5,40,35,18,19
37,11,48,cropped_threshold_0p5,27,26,18,19
37,11,48,cropped_calibrated,4,3,4,3
37,11,48,cropped_fixed_budget,39,45,37,44
37,12,95,full_threshold_0p5,57,83,51,80
37,12,95,cropped_threshold_0p5,55,81,49,78
37,12,95,cropped_calibrated,2,1,2,1
37,12,95,cropped_fixed_budget,35,45,29,42
37,13,58,full_threshold_0p5,23,19,17,16
37,13,58,cropped_threshold_0p5,17,16,17,16
37,13,58,cropped_calibrated,2,1,2,1
37,13,58,cropped_fixed_budget,42,45,32,38
37,14,43,full_threshold_0p5,38,33,17,19
37,14,43,cropped_threshold_0p5,21,21,16,18
37,14,43,cropped_calibrated,3,2,3,2
37,14,43,cropped_fixed_budget,34,45,30,42
37,15,36,full_threshold_0p5,17,14,11,10
37,15,36,cropped_threshold_0p5,16,13,10,9
37,15,36,cropped_calibrated,2,1,2,1
37,15,36,cropped_fixed_budget,35,45,23,26
37,16,50,full_threshold_0p5,18,15,12,12
37,16,50,cropped_threshold_0p5,17,14,11,11
37,16,50,cropped_calibrated,6,5,6,5
37,16,50,cropped_fixed_budget,35,45,33,44
37,17,68,full_threshold_0p5,30,27,16,16
37,17,68,cropped_threshold_0p5,23,21,16,16
37,17,68,cropped_calibrated,6,5,6,5
37,17,68,cropped_fixed_budget,39,45,30,39
37,18,65,full_threshold_0p5,22,20,14,14
37,18,65,cropped_threshold_0p5,22,20,14,14
37,18,65,cropped_calibrated,2,1,2,1
37,18,65,cropped_fixed_budget,38,45,27,37
37,19,96,full_threshold_0p5,20,21,16,19
37,19,96,cropped_threshold_0p5,20,21,16,19
37,19,96,cropped_calibrated,0,0,0,0
37,19,96,cropped_fixed_budget,41,45,26,36
38,0,30,full_threshold_0p5,27,23,18,17
38,0,30,cropped_threshold_0p5,20,18,18,17
38,0,30,cropped_calibrated,3,2,3,2
38,0,30,cropped_fixed_budget,29,45,29,45
38,1,71,full_threshold_0p5,31,24,10,10
38,1,71,cropped_threshold_0p5,31,24,10,10
38,1,71,cropped_calibrated,4,3,4,3
38,1,71,cropped_fixed_budget,43,45,34,40
38,2,73,full_threshold_0p5,52,56,47,53
38,2,73,cropped_threshold_0p5,52,56,47,53
38,2,73,cropped_calibrated,7,5,5,4
38,2,73,cropped_fixed_budget,43,45,37,41
38,3,92,full_threshold_0p5,37,34,15,17
38,3,92,cropped_threshold_0p5,37,34,15,17
38,3,92,cropped_calibrated,3,2,3,2
38,3,92,cropped_fixed_budget,42,45,36,42
38,4,86,full_threshold_0p5,28,25,21,21
38,4,86,cropped_threshold_0p5,26,24,21,21
38,4,86,cropped_calibrated,6,3,2,1
38,4,86,cropped_fixed_budget,33,45,33,45
38,5,25,full_threshold_0p5,60,88,53,82
38,5,25,cropped_threshold_0p5,25,40,25,40
38,5,25,cropped_calibrated,0,0,0,0
38,5,25,cropped_fixed_budget,25,45,25,45
38,6,74,full_threshold_0p5,43,56,43,56
38,6,74,cropped_threshold_0p5,42,55,42,55
38,6,74,cropped_calibrated,6,3,2,1
38,6,74,cropped_fixed_budget,41,45,41,45
38,7,23,full_threshold_0p5,13,11,11,10
38,7,23,cropped_threshold_0p5,11,10,11,10
38,7,23,cropped_calibrated,4,3,4,3
38,7,23,cropped_fixed_budget,23,45,23,45
38,8,49,full_threshold_0p5,11,7,5,4
38,8,49,cropped_threshold_0p5,11,7,5,4
38,8,49,cropped_calibrated,2,1,2,1
38,8,49,cropped_fixed_budget,38,45,33,41
38,9,85,full_threshold_0p5,83,133,83,133
38,9,85,cropped_threshold_0p5,81,131,81,131
38,9,85,cropped_calibrated,11,7,4,3
38,9,85,cropped_fixed_budget,45,45,25,29
38,10,74,full_threshold_0p5,29,28,17,20
38,10,74,cropped_threshold_0p5,29,28,17,20
38,10,74,cropped_calibrated,5,3,3,2
38,10,74,cropped_fixed_budget,42,45,34,40
38,11,48,full_threshold_0p5,36,29,13,12
38,11,48,cropped_threshold_0p5,35,28,12,11
38,11,48,cropped_calibrated,5,3,3,2
38,11,48,cropped_fixed_budget,44,45,44,45
38,12,95,full_threshold_0p5,27,24,12,13
38,12,95,cropped_threshold_0p5,26,23,11,12
38,12,95,cropped_calibrated,4,2,2,1
38,12,95,cropped_fixed_budget,42,45,37,41
38,13,58,full_threshold_0p5,20,21,16,19
38,13,58,cropped_threshold_0p5,20,21,16,19
38,13,58,cropped_calibrated,3,2,3,2
38,13,58,cropped_fixed_budget,36,45,32,43
38,14,43,full_threshold_0p5,20,20,16,18
38,14,43,cropped_threshold_0p5,18,19,16,18
38,14,43,cropped_calibrated,2,1,2,1
38,14,43,cropped_fixed_budget,31,45,31,45
38,15,36,full_threshold_0p5,98,644,98,644
38,15,36,cropped_threshold_0p5,36,210,36,210
38,15,36,cropped_calibrated,21,19,14,13
38,15,36,cropped_fixed_budget,34,45,32,44
38,16,50,full_threshold_0p5,15,15,13,14
38,16,50,cropped_threshold_0p5,15,15,13,14
38,16,50,cropped_calibrated,2,1,2,1
38,16,50,cropped_fixed_budget,32,45,30,44
38,17,68,full_threshold_0p5,26,24,15,16
38,17,68,cropped_threshold_0p5,26,24,15,16
38,17,68,cropped_calibrated,3,2,3,2
38,17,68,cropped_fixed_budget,39,45,25,32
38,18,65,full_threshold_0p5,15,13,12,11
38,18,65,cropped_threshold_0p5,14,12,11,10
38,18,65,cropped_calibrated,4,3,4,3
38,18,65,cropped_fixed_budget,37,45,25,36
38,19,96,full_threshold_0p5,55,58,42,48
38,19,96,cropped_threshold_0p5,55,58,42,48
38,19,96,cropped_calibrated,4,3,4,3
38,19,96,cropped_fixed_budget,48,45,19,18
39,0,30,full_threshold_0p5,45,57,34,50
39,0,30,cropped_threshold_0p5,26,41,26,41
39,0,30,cropped_calibrated,6,3,2,1
39,0,30,cropped_fixed_budget,27,45,27,45
39,1,71,full_threshold_0p5,48,46,27,29
39,1,71,cropped_threshold_0p5,37,35,27,29
39,1,71,cropped_calibrated,5,4,5,4
39,1,71,cropped_fixed_budget,45,45,34,38
39,2,73,full_threshold_0p5,69,81,60,75
39,2,73,cropped_threshold_0p5,63,76,58,73
39,2,73,cropped_calibrated,10,7,4,3
39,2,73,cropped_fixed_budget,41,45,36,42
39,3,92,full_threshold_0p5,24,21,18,18
39,3,92,cropped_threshold_0p5,22,20,18,18
39,3,92,cropped_calibrated,2,1,2,1
39,3,92,cropped_fixed_budget,43,45,25,32
39,4,86,full_threshold_0p5,29,25,12,12
39,4,86,cropped_threshold_0p5,29,25,12,12
39,4,86,cropped_calibrated,7,4,3,2
39,4,86,cropped_fixed_budget,38,45,35,43
39,5,25,full_threshold_0p5,27,24,17,17
39,5,25,cropped_threshold_0p5,16,16,16,16
39,5,25,cropped_calibrated,3,2,3,2
39,5,25,cropped_fixed_budget,25,45,25,45
39,6,74,full_threshold_0p5,22,19,14,14
39,6,74,cropped_threshold_0p5,22,19,14,14
39,6,74,cropped_calibrated,5,3,3,2
39,6,74,cropped_fixed_budget,44,45,20,27
39,7,23,full_threshold_0p5,14,11,8,8
39,7,23,cropped_threshold_0p5,8,8,8,8
39,7,23,cropped_calibrated,2,1,2,1
39,7,23,cropped_fixed_budget,23,45,23,45
39,8,49,full_threshold_0p5,13,12,13,12
39,8,49,cropped_threshold_0p5,13,12,13,12
39,8,49,cropped_calibrated,3,2,3,2
39,8,49,cropped_fixed_budget,40,45,30,37
39,9,85,full_threshold_0p5,11,11,11,11
39,9,85,cropped_threshold_0p5,11,11,11,11
39,9,85,cropped_calibrated,2,1,2,1
39,9,85,cropped_fixed_budget,45,45,21,29
39,10,74,full_threshold_0p5,10,9,8,8
39,10,74,cropped_threshold_0p5,8,8,8,8
39,10,74,cropped_calibrated,4,3,4,3
39,10,74,cropped_fixed_budget,35,45,33,44
39,11,48,full_threshold_0p5,33,25,13,12
39,11,48,cropped_threshold_0p5,26,20,13,12
39,11,48,cropped_calibrated,4,2,2,1
39,11,48,cropped_fixed_budget,42,45,37,42
39,12,95,full_threshold_0p5,23,20,19,18
39,12,95,cropped_threshold_0p5,23,20,19,18
39,12,95,cropped_calibrated,2,1,2,1
39,12,95,cropped_fixed_budget,43,45,28,35
39,13,58,full_threshold_0p5,93,273,93,273
39,13,58,cropped_threshold_0p5,58,195,58,195
39,13,58,cropped_calibrated,21,16,9,8
39,13,58,cropped_fixed_budget,39,45,36,43
39,14,43,full_threshold_0p5,18,17,11,12
39,14,43,cropped_threshold_0p5,17,16,11,12
39,14,43,cropped_calibrated,2,1,2,1
39,14,43,cropped_fixed_budget,36,45,34,44
39,15,36,full_threshold_0p5,48,48,32,36
39,15,36,cropped_threshold_0p5,24,27,24,27
39,15,36,cropped_calibrated,5,4,5,4
39,15,36,cropped_fixed_budget,32,45,32,45
39,16,50,full_threshold_0p5,15,15,11,13
39,16,50,cropped_threshold_0p5,15,15,11,13
39,16,50,cropped_calibrated,2,1,2,1
39,16,50,cropped_fixed_budget,35,45,35,45
39,17,68,full_threshold_0p5,87,98,87,98
39,17,68,cropped_threshold_0p5,68,76,68,76
39,17,68,cropped_calibrated,2,1,2,1
39,17,68,cropped_fixed_budget,47,45,35,36
39,18,65,full_threshold_0p5,33,30,18,20
39,18,65,cropped_threshold_0p5,33,30,18,20
39,18,65,cropped_calibrated,3,2,3,2
39,18,65,cropped_fixed_budget,42,45,21,26
39,19,96,full_threshold_0p5,98,4744,98,4744
39,19,96,cropped_threshold_0p5,96,4551,96,4551
39,19,96,cropped_calibrated,96,3964,96,3964
39,19,96,cropped_fixed_budget,52,45,20,19
40,0,30,full_threshold_0p5,19,16,15,14
40,0,30,cropped_threshold_0p5,15,14,15,14
40,0,30,cropped_calibrated,4,3,4,3
40,0,30,cropped_fixed_budget,28,45,28,45
40,1,71,full_threshold_0p5,17,16,15,15
40,1,71,cropped_threshold_0p5,17,16,15,15
40,1,71,cropped_calibrated,3,2,3,2
40,1,71,cropped_fixed_budget,36,45,34,44
40,2,73,full_threshold_0p5,53,52,26,32
40,2,73,cropped_threshold_0p5,45,46,26,32
40,2,73,cropped_calibrated,6,5,6,5
40,2,73,cropped_fixed_budget,44,45,26,32
40,3,92,full_threshold_0p5,19,16,12,11
40,3,92,cropped_threshold_0p5,19,16,12,11
40,3,92,cropped_calibrated,4,2,2,1
40,3,92,cropped_fixed_budget,43,45,29,37
40,4,86,full_threshold_0p5,78,81,76,80
40,4,86,cropped_threshold_0p5,76,80,76,80
40,4,86,cropped_calibrated,11,7,3,2
40,4,86,cropped_fixed_budget,50,45,36,35
40,5,25,full_threshold_0p5,16,16,16,16
40,5,25,cropped_threshold_0p5,16,16,16,16
40,5,25,cropped_calibrated,4,3,4,3
40,5,25,cropped_fixed_budget,25,45,25,45
40,6,74,full_threshold_0p5,81,159,81,159
40,6,74,cropped_threshold_0p5,74,148,74,148
40,6,74,cropped_calibrated,10,7,5,4
40,6,74,cropped_fixed_budget,46,45,28,31
40,7,23,full_threshold_0p5,56,56,56,56
40,7,23,cropped_threshold_0p5,23,23,23,23
40,7,23,cropped_calibrated,6,4,4,3
40,7,23,cropped_fixed_budget,23,45,23,45
40,8,49,full_threshold_0p5,33,27,11,11
40,8,49,cropped_threshold_0p5,24,21,11,11
40,8,49,cropped_calibrated,3,2,3,2
40,8,49,cropped_fixed_budget,43,45,28,33
40,9,85,full_threshold_0p5,42,47,40,46
40,9,85,cropped_threshold_0p5,41,45,39,44
40,9,85,cropped_calibrated,5,4,5,4
40,9,85,cropped_fixed_budget,41,45,39,44
40,10,74,full_threshold_0p5,30,28,15,16
40,10,74,cropped_threshold_0p5,29,27,14,15
40,10,74,cropped_calibrated,7,5,5,4
40,10,74,cropped_fixed_budget,40,45,40,45
40,11,48,full_threshold_0p5,34,27,11,12
40,11,48,cropped_threshold_0p5,19,16,11,12
40,11,48,cropped_calibrated,5,3,3,2
40,11,48,cropped_fixed_budget,42,45,30,36
40,12,95,full_threshold_0p5,18,17,14,15
40,12,95,cropped_threshold_0p5,17,16,13,14
40,12,95,cropped_calibrated,5,4,5,4
40,12,95,cropped_fixed_budget,47,45,27,32
40,13,58,full_threshold_0p5,45,44,45,44
40,13,58,cropped_threshold_0p5,45,44,45,44
40,13,58,cropped_calibrated,13,10,6,5
40,13,58,cropped_fixed_budget,46,45,46,45
40,14,43,full_threshold_0p5,33,30,25,25
40,14,43,cropped_threshold_0p5,28,26,24,24
40,14,43,cropped_calibrated,7,6,7,6
40,14,43,cropped_fixed_budget,37,45,37,45
40,15,36,full_threshold_0p5,33,26,12,12
40,15,36,cropped_threshold_0p5,20,18,12,12
40,15,36,cropped_calibrated,3,2,3,2
40,15,36,cropped_fixed_budget,32,45,30,44
40,16,50,full_threshold_0p5,21,20,16,17
40,16,50,cropped_threshold_0p5,20,19,15,16
40,16,50,cropped_calibrated,2,1,2,1
40,16,50,cropped_fixed_budget,36,45,31,41
40,17,68,full_threshold_0p5,39,35,14,14
40,17,68,cropped_threshold_0p5,38,34,14,14
40,17,68,cropped_calibrated,3,2,3,2
40,17,68,cropped_fixed_budget,48,45,25,25
40,18,65,full_threshold_0p5,98,4415,98,4415
40,18,65,cropped_threshold_0p5,65,1802,65,1802
40,18,65,cropped_calibrated,38,39,31,35
40,18,65,cropped_fixed_budget,41,45,35,41
40,19,96,full_threshold_0p5,25,24,25,24
40,19,96,cropped_threshold_0p5,24,23,24,23
40,19,96,cropped_calibrated,7,4,3,2
40,19,96,cropped_fixed_budget,40,45,30,40
41,0,30,full_threshold_0p5,18,18,14,16
41,0,30,cropped_threshold_0p5,14,16,14,16
41,0,30,cropped_calibrated,2,1,2,1
41,0,30,cropped_fixed_budget,27,45,27,45
41,1,71,full_threshold_0p5,12,10,10,9
41,1,71,cropped_threshold_0p5,11,9,9,8
41,1,71,cropped_calibrated,4,3,4,3
41,1,71,cropped_fixed_budget,41,45,23,31
41,2,73,full_threshold_0p5,11,12,11,12
41,2,73,cropped_threshold_0p5,10,11,10,11
41,2,73,cropped_calibrated,2,1,2,1
41,2,73,cropped_fixed_budget,39,45,18,18
41,3,92,full_threshold_0p5,74,135,74,135
41,3,92,cropped_threshold_0p5,73,134,73,134
41,3,92,cropped_calibrated,2,1,2,1
41,3,92,cropped_fixed_budget,43,45,33,39
41,4,86,full_threshold_0p5,35,37,28,33
41,4,86,cropped_threshold_0p5,35,37,28,33
41,4,86,cropped_calibrated,2,1,2,1
41,4,86,cropped_fixed_budget,41,45,38,43
41,5,25,full_threshold_0p5,98,4740,98,4740
41,5,25,cropped_threshold_0p5,25,287,25,287
41,5,25,cropped_calibrated,25,257,25,257
41,5,25,cropped_fixed_budget,22,45,22,45
41,6,74,full_threshold_0p5,24,19,14,13
41,6,74,cropped_threshold_0p5,20,16,14,13
41,6,74,cropped_calibrated,3,2,3,2
41,6,74,cropped_fixed_budget,43,45,31,38
41,7,23,full_threshold_0p5,53,47,34,34
41,7,23,cropped_threshold_0p5,15,15,15,15
41,7,23,cropped_calibrated,9,5,3,2
41,7,23,cropped_fixed_budget,23,45,23,45
41,8,49,full_threshold_0p5,14,13,14,13
41,8,49,cropped_threshold_0p5,13,12,13,12
41,8,49,cropped_calibrated,4,3,4,3
41,8,49,cropped_fixed_budget,33,45,23,39
41,9,85,full_threshold_0p5,47,49,47,49
41,9,85,cropped_threshold_0p5,45,47,45,47
41,9,85,cropped_calibrated,14,9,5,4
41,9,85,cropped_fixed_budget,45,45,45,45
41,10,74,full_threshold_0p5,26,27,22,24
41,10,74,cropped_threshold_0p5,26,27,22,24
41,10,74,cropped_calibrated,9,7,5,4
41,10,74,cropped_fixed_budget,40,45,27,36
41,11,48,full_threshold_0p5,16,17,16,17
41,11,48,cropped_threshold_0p5,15,16,15,16
41,11,48,cropped_calibrated,6,4,4,3
41,11,48,cropped_fixed_budget,34,45,28,41
41,12,95,full_threshold_0p5,15,14,15,14
41,12,95,cropped_threshold_0p5,14,13,14,13
41,12,95,cropped_calibrated,6,4,3,2
41,12,95,cropped_fixed_budget,40,45,25,35
41,13,58,full_threshold_0p5,18,14,8,7
41,13,58,cropped_threshold_0p5,18,14,8,7
41,13,58,cropped_calibrated,4,2,2,1
41,13,58,cropped_fixed_budget,41,45,28,35
41,14,43,full_threshold_0p5,97,119,71,96
41,14,43,cropped_threshold_0p5,43,63,41,62
41,14,43,cropped_calibrated,6,3,2,1
41,14,43,cropped_fixed_budget,38,45,35,43
41,15,36,full_threshold_0p5,10,10,10,10
41,15,36,cropped_threshold_0p5,10,10,10,10
41,15,36,cropped_calibrated,2,1,2,1
41,15,36,cropped_fixed_budget,32,45,32,45
41,16,50,full_threshold_0p5,23,22,19,19
41,16,50,cropped_threshold_0p5,19,19,19,19
41,16,50,cropped_calibrated,2,1,2,1
41,16,50,cropped_fixed_budget,37,45,37,45
41,17,68,full_threshold_0p5,55,55,28,28
41,17,68,cropped_threshold_0p5,53,53,26,26
41,17,68,cropped_calibrated,5,4,5,4
41,17,68,cropped_fixed_budget,49,45,22,21
41,18,65,full_threshold_0p5,17,17,17,17
41,18,65,cropped_threshold_0p5,16,16,16,16
41,18,65,cropped_calibrated,5,4,5,4
41,18,65,cropped_fixed_budget,40,45,30,39
41,19,96,full_threshold_0p5,54,59,47,55
41,19,96,cropped_threshold_0p5,52,58,47,55
41,19,96,cropped_calibrated,2,1,2,1
41,19,96,cropped_fixed_budget,44,45,42,44
42,0,30,full_threshold_0p5,13,14,13,14
42,0,30,cropped_threshold_0p5,13,14,13,14
42,0,30,cropped_calibrated,2,1,2,1
42,0,30,cropped_fixed_budget,25,45,25,45
42,1,71,full_threshold_0p5,39,33,19,20
42,1,71,cropped_threshold_0p5,37,31,18,19
42,1,71,cropped_calibrated,4,3,4,3
42,1,71,cropped_fixed_budget,47,45,27,31
42,2,73,full_threshold_0p5,33,29,20,21
42,2,73,cropped_threshold_0p5,29,27,20,21
42,2,73,cropped_calibrated,3,2,3,2
42,2,73,cropped_fixed_budget,42,45,26,31
42,3,92,full_threshold_0p5,81,91,45,48
42,3,92,cropped_threshold_0p5,78,88,42,45
42,3,92,cropped_calibrated,9,5,3,2
42,3,92,cropped_fixed_budget,58,45,18,18
42,4,86,full_threshold_0p5,21,18,13,12
42,4,86,cropped_threshold_0p5,20,17,12,11
42,4,86,cropped_calibrated,5,4,5,4
42,4,86,cropped_fixed_budget,37,45,37,45
42,5,25,full_threshold_0p5,24,22,17,18
42,5,25,cropped_threshold_0p5,15,16,15,16
42,5,25,cropped_calibrated,4,3,4,3
42,5,25,cropped_fixed_budget,24,45,24,45
42,6,74,full_threshold_0p5,26,24,14,15
42,6,74,cropped_threshold_0p5,26,24,14,15
42,6,74,cropped_calibrated,2,1,2,1
42,6,74,cropped_fixed_budget,42,45,20,21
42,7,23,full_threshold_0p5,13,14,13,14
42,7,23,cropped_threshold_0p5,12,13,12,13
42,7,23,cropped_calibrated,3,2,3,2
42,7,23,cropped_fixed_budget,22,45,22,45
42,8,49,full_threshold_0p5,23,19,13,13
42,8,49,cropped_threshold_0p5,20,17,13,13
42,8,49,cropped_calibrated,2,1,2,1
42,8,49,cropped_fixed_budget,42,45,34,40
42,9,85,full_threshold_0p5,22,21,22,21
42,9,85,cropped_threshold_0p5,21,20,21,20
42,9,85,cropped_calibrated,5,3,3,2
42,9,85,cropped_fixed_budget,38,45,31,41
42,10,74,full_threshold_0p5,23,22,12,14
42,10,74,cropped_threshold_0p5,20,19,12,14
42,10,74,cropped_calibrated,4,3,4,3
42,10,74,cropped_fixed_budget,46,45,16,24
42,11,48,full_threshold_0p5,25,23,13,15
42,11,48,cropped_threshold_0p5,23,20,11,12
42,11,48,cropped_calibrated,4,2,2,1
42,11,48,cropped_fixed_budget,33,45,24,39
42,12,95,full_threshold_0p5,20,15,10,9
42,12,95,cropped_threshold_0p5,20,15,10,9
42,12,95,cropped_calibrated,4,3,4,3
42,12,95,cropped_fixed_budget,41,45,18,25
42,13,58,full_threshold_0p5,50,58,38,42
42,13,58,cropped_threshold_0p5,49,57,38,42
42,13,58,cropped_calibrated,19,14,8,7
42,13,58,cropped_fixed_budget,46,45,32,33
42,14,43,full_threshold_0p5,30,29,24,26
42,14,43,cropped_threshold_0p5,26,27,24,26
42,14,43,cropped_calibrated,10,8,6,5
42,14,43,cropped_fixed_budget,36,45,36,45
42,15,36,full_threshold_0p5,14,14,14,14
42,15,36,cropped_threshold_0p5,13,13,13,13
42,15,36,cropped_calibrated,4,3,4,3
42,15,36,cropped_fixed_budget,31,45,29,44
42,16,50,full_threshold_0p5,74,64,34,33
42,16,50,cropped_threshold_0p5,41,38,30,29
42,16,50,cropped_calibrated,9,6,4,3
42,16,50,cropped_fixed_budget,45,45,39,40
42,17,68,full_threshold_0p5,12,13,12,13
42,17,68,cropped_threshold_0p5,11,12,11,12
42,17,68,cropped_calibrated,4,3,4,3
42,17,68,cropped_fixed_budget,41,45,23,31
42,18,65,full_threshold_0p5,57,57,57,57
42,18,65,cropped_threshold_0p5,57,57,57,57
42,18,65,cropped_calibrated,8,5,4,3
42,18,65,cropped_fixed_budget,47,45,43,42
42,19,96,full_threshold_0p5,17,15,15,14
42,19,96,cropped_threshold_0p5,15,14,15,14
42,19,96,cropped_calibrated,5,4,5,4
42,19,96,cropped_fixed_budget,44,45,34,39
43,0,30,full_threshold_0p5,75,74,71,72
43,0,30,cropped_threshold_0p5,25,26,25,26
43,0,30,cropped_calibrated,5,4,5,4
43,0,30,cropped_fixed_budget,30,45,30,45
43,1,71,full_threshold_0p5,9,7,7,6
43,1,71,cropped_threshold_0p5,7,6,7,6
43,1,71,cropped_calibrated,2,1,2,1
43,1,71,cropped_fixed_budget,35,45,30,42
43,2,73,full_threshold_0p5,16,15,11,12
43,2,73,cropped_threshold_0p5,16,15,11,12
43,2,73,cropped_calibrated,2,1,2,1
43,2,73,cropped_fixed_budget,41,45,21,29
43,3,92,full_threshold_0p5,98,4605,98,4605
43,3,92,cropped_threshold_0p5,92,4041,92,4041
43,3,92,cropped_calibrated,89,163,89,163
43,3,92,cropped_fixed_budget,55,45,15,15
43,4,86,full_threshold_0p5,19,19,17,18
43,4,86,cropped_threshold_0p5,18,18,16,17
43,4,86,cropped_calibrated,6,5,6,5
43,4,86,cropped_fixed_budget,37,45,25,37
43,5,25,full_threshold_0p5,48,51,27,33
43,5,25,cropped_threshold_0p5,19,25,19,25
43,5,25,cropped_calibrated,5,4,5,4
43,5,25,cropped_fixed_budget,25,45,25,45
43,6,74,full_threshold_0p5,31,31,14,19
43,6,74,cropped_threshold_0p5,30,30,13,18
43,6,74,cropped_calibrated,6,5,6,5
43,6,74,cropped_fixed_budget,43,45,27,34
43,7,23,full_threshold_0p5,56,57,52,55
43,7,23,cropped_threshold_0p5,21,22,21,22
43,7,23,cropped_calibrated,7,4,3,2
43,7,23,cropped_fixed_budget,23,45,23,45
43,8,49,full_threshold_0p5,70,69,63,65
43,8,49,cropped_threshold_0p5,44,42,37,38
43,8,49,cropped_calibrated,7,5,5,4
43,8,49,cropped_fixed_budget,44,45,42,44
43,9,85,full_threshold_0p5,22,19,16,16
43,9,85,cropped_threshold_0p5,19,17,15,15
43,9,85,cropped_calibrated,4,3,4,3
43,9,85,cropped_fixed_budget,42,45,32,39
43,10,74,full_threshold_0p5,28,28,23,24
43,10,74,cropped_threshold_0p5,28,28,23,24
43,10,74,cropped_calibrated,4,2,2,1
43,10,74,cropped_fixed_budget,37,45,30,39
43,11,48,full_threshold_0p5,30,26,19,19
43,11,48,cropped_threshold_0p5,29,25,18,18
43,11,48,cropped_calibrated,2,1,2,1
43,11,48,cropped_fixed_budget,40,45,40,45
43,12,95,full_threshold_0p5,14,14,12,13
43,12,95,cropped_threshold_0p5,12,13,12,13
43,12,95,cropped_calibrated,4,3,4,3
43,12,95,cropped_fixed_budget,34,45,18,33
43,13,58,full_threshold_0p5,27,22,8,9
43,13,58,cropped_threshold_0p5,23,20,8,9
43,13,58,cropped_calibrated,3,2,3,2
43,13,58,cropped_fixed_budget,41,45,33,38
43,14,43,full_threshold_0p5,53,66,51,65
43,14,43,cropped_threshold_0p5,38,47,38,47
43,14,43,cropped_calibrated,5,4,5,4
43,14,43,cropped_fixed_budget,38,45,38,45
43,15,36,full_threshold_0p5,19,20,19,20
43,15,36,cropped_threshold_0p5,18,19,18,19
43,15,36,cropped_calibrated,8,6,5,4
43,15,36,cropped_fixed_budget,30,45,30,45
43,16,50,full_threshold_0p5,41,39,14,16
43,16,50,cropped_threshold_0p5,28,29,14,16
43,16,50,cropped_calibrated,4,2,2,1
43,16,50,cropped_fixed_budget,37,45,22,27
43,17,68,full_threshold_0p5,19,16,12,11
43,17,68,cropped_threshold_0p5,14,12,12,11
43,17,68,cropped_calibrated,7,5,4,3
43,17,68,cropped_fixed_budget,50,45,24,29
43,18,65,full_threshold_0p5,27,32,22,28
43,18,65,cropped_threshold_0p5,22,28,22,28
43,18,65,cropped_calibrated,3,2,3,2
43,18,65,cropped_fixed_budget,34,45,34,45
43,19,96,full_threshold_0p5,32,29,22,23
43,19,96,cropped_threshold_0p5,32,29,22,23
43,19,96,cropped_calibrated,4,2,2,1
43,19,96,cropped_fixed_budget,43,45,38,42
44,0,30,full_threshold_0p5,19,17,15,15
44,0,30,cropped_threshold_0p5,14,14,14,14
44,0,30,cropped_calibrated,6,4,4,3
44,0,30,cropped_fixed_budget,28,45,28,45
44,1,71,full_threshold_0p5,50,45,29,31
44,1,71,cropped_threshold_0p5,36,36,29,31
44,1,71,cropped_calibrated,6,4,4,3
44,1,71,cropped_fixed_budget,43,45,34,39
44,2,73,full_threshold_0p5,20,16,12,11
44,2,73,cropped_threshold_0p5,20,16,12,11
44,2,73,cropped_calibrated,2,1,2,1
44,2,73,cropped_fixed_budget,40,45,37,43
44,3,92,full_threshold_0p5,52,51,40,43
44,3,92,cropped_threshold_0p5,52,51,40,43
44,3,92,cropped_calibrated,5,3,3,2
44,3,92,cropped_fixed_budget,46,45,30,33
44,4,86,full_threshold_0p5,24,19,10,9
44,4,86,cropped_threshold_0p5,24,19,10,9
44,4,86,cropped_calibrated,3,2,3,2
44,4,86,cropped_fixed_budget,48,45,16,17
44,5,25,full_threshold_0p5,98,340,98,340
44,5,25,cropped_threshold_0p5,25,78,25,78
44,5,25,cropped_calibrated,9,7,7,6
44,5,25,cropped_fixed_budget,25,45,25,45
44,6,74,full_threshold_0p5,17,17,13,14
44,6,74,cropped_threshold_0p5,17,17,13,14
44,6,74,cropped_calibrated,4,2,2,1
44,6,74,cropped_fixed_budget,32,45,28,43
44,7,23,full_threshold_0p5,30,29,28,28
44,7,23,cropped_threshold_0p5,22,22,22,22
44,7,23,cropped_calibrated,2,1,2,1
44,7,23,cropped_fixed_budget,23,45,23,45
44,8,49,full_threshold_0p5,98,4695,98,4695
44,8,49,cropped_threshold_0p5,49,1125,49,1125
44,8,49,cropped_calibrated,47,145,47,145
44,8,49,cropped_fixed_budget,39,45,34,41
44,9,85,full_threshold_0p5,75,69,26,25
44,9,85,cropped_threshold_0p5,65,59,26,25
44,9,85,cropped_calibrated,6,4,4,3
44,9,85,cropped_fixed_budget,55,45,15,14
44,10,74,full_threshold_0p5,10,10,10,10
44,10,74,cropped_threshold_0p5,10,10,10,10
44,10,74,cropped_calibrated,3,2,3,2
44,10,74,cropped_fixed_budget,40,45,20,31
44,11,48,full_threshold_0p5,21,15,10,9
44,11,48,cropped_threshold_0p5,21,15,10,9
44,11,48,cropped_calibrated,2,1,2,1
44,11,48,cropped_fixed_budget,40,45,38,44
44,12,95,full_threshold_0p5,66,76,60,72
44,12,95,cropped_threshold_0p5,64,75,60,72
44,12,95,cropped_calibrated,3,2,3,2
44,12,95,cropped_fixed_budget,47,45,28,31
44,13,58,full_threshold_0p5,39,33,11,10
44,13,58,cropped_threshold_0p5,39,33,11,10
44,13,58,cropped_calibrated,4,2,2,1
44,13,58,cropped_fixed_budget,45,45,19,18
44,14,43,full_threshold_0p5,50,54,46,52
44,14,43,cropped_threshold_0p5,39,45,39,45
44,14,43,cropped_calibrated,6,5,6,5
44,14,43,cropped_fixed_budget,39,45,39,45
44,15,36,full_threshold_0p5,29,28,29,28
44,15,36,cropped_threshold_0p5,29,28,29,28
44,15,36,cropped_calibrated,12,9,8,7
44,15,36,cropped_fixed_budget,32,45,32,45
44,16,50,full_threshold_0p5,38,35,18,20
44,16,50,cropped_threshold_0p5,35,33,18,20
44,16,50,cropped_calibrated,4,3,4,3
44,16,50,cropped_fixed_budget,40,45,28,33
44,17,68,full_threshold_0p5,28,25,19,20
44,17,68,cropped_threshold_0p5,28,25,19,20
44,17,68,cropped_calibrated,5,3,3,2
44,17,68,cropped_fixed_budget,43,45,39,43
44,18,65,full_threshold_0p5,39,32,13,12
44,18,65,cropped_threshold_0p5,31,26,10,10
44,18,65,cropped_calibrated,3,2,3,2
44,18,65,cropped_fixed_budget,48,45,26,28
44,19,96,full_threshold_0p5,28,27,20,21
44,19,96,cropped_threshold_0p5,28,27,20,21
44,19,96,cropped_calibrated,3,2,3,2
44,19,96,cropped_fixed_budget,44,45,32,37
45,0,30,full_threshold_0p5,78,77,56,56
45,0,30,cropped_threshold_0p5,26,25,20,20
45,0,30,cropped_calibrated,3,2,3,2
45,0,30,cropped_fixed_budget,30,45,30,45
45,1,71,full_threshold_0p5,84,92,84,92
45,1,71,cropped_threshold_0p5,68,76,68,76
45,1,71,cropped_calibrated,2,1,2,1
45,1,71,cropped_fixed_budget,48,45,29,30
45,2,73,full_threshold_0p5,98,4596,98,4596
45,2,73,cropped_threshold_0p5,73,2487,73,2487
45,2,73,cropped_calibrated,65,88,54,79
45,2,73,cropped_fixed_budget,52,45,29,29
45,3,92,full_threshold_0p5,31,31,19,23
45,3,92,cropped_threshold_0p5,31,31,19,23
45,3,92,cropped_calibrated,2,1,2,1
45,3,92,cropped_fixed_budget,39,45,28,38
45,4,86,full_threshold_0p5,20,14,8,8
45,4,86,cropped_threshold_0p5,20,14,8,8
45,4,86,cropped_calibrated,2,1,2,1
45,4,86,cropped_fixed_budget,43,45,34,40
45,5,25,full_threshold_0p5,96,96,96,96
45,5,25,cropped_threshold_0p5,25,25,25,25
45,5,25,cropped_calibrated,10,6,3,2
45,5,25,cropped_fixed_budget,25,45,25,45
45,6,74,full_threshold_0p5,97,348,97,348
45,6,74,cropped_threshold_0p5,74,296,74,296
45,6,74,cropped_calibrated,29,21,7,6
45,6,74,cropped_fixed_budget,46,45,27,28
45,7,23,full_threshold_0p5,98,4743,98,4743
45,7,23,cropped_threshold_0p5,23,243,23,243
45,7,23,cropped_calibrated,23,165,23,165
45,7,23,cropped_fixed_budget,22,45,22,45
45,8,49,full_threshold_0p5,47,46,32,35
45,8,49,cropped_threshold_0p5,34,36,31,34
45,8,49,cropped_calibrated,7,4,3,2
45,8,49,cropped_fixed_budget,40,45,40,45
45,9,85,full_threshold_0p5,82,141,74,136
45,9,85,cropped_threshold_0p5,80,140,74,136
45,9,85,cropped_calibrated,9,6,3,2
45,9,85,cropped_fixed_budget,49,45,18,18
45,10,74,full_threshold_0p5,62,59,54,54
45,10,74,cropped_threshold_0p5,60,58,54,54
45,10,74,cropped_calibrated,6,4,4,3
45,10,74,cropped_fixed_budget,49,45,43,42
45,11,48,full_threshold_0p5,50,49,45,46
45,11,48,cropped_threshold_0p5,41,42,41,42
45,11,48,cropped_calibrated,3,2,3,2
45,11,48,cropped_fixed_budget,43,45,41,44
45,12,95,full_threshold_0p5,79,81,77,80
45,12,95,cropped_threshold_0p5,77,79,75,78
45,12,95,cropped_calibrated,4,2,2,1
45,12,95,cropped_fixed_budget,58,45,15,14
45,13,58,full_threshold_0p5,31,25,16,15
45,13,58,cropped_threshold_0p5,24,20,16,15
45,13,58,cropped_calibrated,4,3,4,3
45,13,58,cropped_fixed_budget,41,45,28,36
45,14,43,full_threshold_0p5,80,76,41,40
45,14,43,cropped_threshold_0p5,40,36,31,30
45,14,43,cropped_calibrated,6,4,4,3
45,14,43,cropped_fixed_budget,43,45,41,44
45,15,36,full_threshold_0p5,23,23,19,21
45,15,36,cropped_threshold_0p5,19,21,19,21
45,15,36,cropped_calibrated,4,3,4,3
45,15,36,cropped_fixed_budget,33,45,30,43
45,16,50,full_threshold_0p5,24,23,22,22
45,16,50,cropped_threshold_0p5,23,21,21,20
45,16,50,cropped_calibrated,5,3,3,2
45,16,50,cropped_fixed_budget,36,45,31,41
45,17,68,full_threshold_0p5,32,32,14,17
45,17,68,cropped_threshold_0p5,25,27,14,17
45,17,68,cropped_calibrated,4,3,4,3
45,17,68,cropped_fixed_budget,41,45,41,45
45,18,65,full_threshold_0p5,18,15,10,10
45,18,65,cropped_threshold_0p5,16,14,10,10
45,18,65,cropped_calibrated,2,1,2,1
45,18,65,cropped_fixed_budget,40,45,25,35
45,19,96,full_threshold_0p5,19,19,19,19
45,19,96,cropped_threshold_0p5,18,18,18,18
45,19,96,cropped_calibrated,6,5,6,5
45,19,96,cropped_fixed_budget,37,45,26,37
46,0,30,full_threshold_0p5,57,62,55,61
46,0,30,cropped_threshold_0p5,28,31,28,31
46,0,30,cropped_calibrated,8,5,4,3
46,0,30,cropped_fixed_budget,30,45,30,45
46,1,71,full_threshold_0p5,29,26,11,12
46,1,71,cropped_threshold_0p5,28,25,10,11
46,1,71,cropped_calibrated,5,4,5,4
46,1,71,cropped_fixed_budget,44,45,33,36
46,2,73,full_threshold_0p5,33,27,12,11
46,2,73,cropped_threshold_0p5,30,25,12,11
46,2,73,cropped_calibrated,2,1,2,1
46,2,73,cropped_fixed_budget,45,45,33,36
46,3,92,full_threshold_0p5,98,4736,98,4736
46,3,92,cropped_threshold_0p5,92,4169,92,4169
46,3,92,cropped_calibrated,92,532,92,532
46,3,92,cropped_fixed_budget,39,45,32,41
46,4,86,full_threshold_0p5,25,25,23,24
46,4,86,cropped_threshold_0p5,23,24,23,24
46,4,86,cropped_calibrated,9,6,5,4
46,4,86,cropped_fixed_budget,43,45,26,34
46,5,25,full_threshold_0p5,18,18,15,16
46,5,25,cropped_threshold_0p5,14,15,14,15
46,5,25,cropped_calibrated,6,5,6,5
46,5,25,cropped_fixed_budget,25,45,25,45
46,6,74,full_threshold_0p5,88,93,67,77
46,6,74,cropped_threshold_0p5,70,77,59,69
46,6,74,cropped_calibrated,8,6,4,3
46,6,74,cropped_fixed_budget,48,45,40,40
46,7,23,full_threshold_0p5,14,16,14,16
46,7,23,cropped_threshold_0p5,14,16,14,16
46,7,23,cropped_calibrated,4,3,4,3
46,7,23,cropped_fixed_budget,23,45,23,45
46,8,49,full_threshold_0p5,50,48,29,36
46,8,49,cropped_threshold_0p5,35,40,29,36
46,8,49,cropped_calibrated,5,3,3,2
46,8,49,cropped_fixed_budget,37,45,35,44
46,9,85,full_threshold_0p5,47,44,34,34
46,9,85,cropped_threshold_0p5,47,44,34,34
46,9,85,cropped_calibrated,2,1,2,1
46,9,85,cropped_fixed_budget,47,45,34,35
46,10,74,full_threshold_0p5,70,96,55,86
46,10,74,cropped_threshold_0p5,58,87,54,85
46,10,74,cropped_calibrated,9,5,3,2
46,10,74,cropped_fixed_budget,39,45,37,44
46,11,48,full_threshold_0p5,26,20,9,8
46,11,48,cropped_threshold_0p5,19,16,9,8
46,11,48,cropped_calibrated,2,1,2,1
46,11,48,cropped_fixed_budget,36,45,31,42
46,12,95,full_threshold_0p5,90,97,52,64
46,12,95,cropped_threshold_0p5,87,95,52,64
46,12,95,cropped_calibrated,0,0,0,0
46,12,95,cropped_fixed_budget,48,45,29,33
46,13,58,full_threshold_0p5,45,56,37,50
46,13,58,cropped_threshold_0p5,39,46,33,42
46,13,58,cropped_calibrated,2,1,2,1
46,13,58,cropped_fixed_budget,38,45,32,41
46,14,43,full_threshold_0p5,14,12,8,9
46,14,43,cropped_threshold_0p5,14,12,8,9
46,14,43,cropped_calibrated,2,1,2,1
46,14,43,cropped_fixed_budget,34,45,34,45
46,15,36,full_threshold_0p5,21,22,19,21
46,15,36,cropped_threshold_0p5,19,21,19,21
46,15,36,cropped_calibrated,6,5,6,5
46,15,36,cropped_fixed_budget,25,45,25,45
46,16,50,full_threshold_0p5,46,39,16,16
46,16,50,cropped_threshold_0p5,26,23,16,16
46,16,50,cropped_calibrated,4,2,2,1
46,16,50,cropped_fixed_budget,38,45,36,44
46,17,68,full_threshold_0p5,23,21,15,16
46,17,68,cropped_threshold_0p5,22,20,14,15
46,17,68,cropped_calibrated,4,3,4,3
46,17,68,cropped_fixed_budget,46,45,20,19
46,18,65,full_threshold_0p5,27,19,10,9
46,18,65,cropped_threshold_0p5,27,19,10,9
46,18,65,cropped_calibrated,2,1,2,1
46,18,65,cropped_fixed_budget,42,45,33,39
46,19,96,full_threshold_0p5,30,28,26,26
46,19,96,cropped_threshold_0p5,30,28,26,26
46,19,96,cropped_calibrated,3,2,3,2
46,19,96,cropped_fixed_budget,40,45,38,44
47,0,30,full_threshold_0p5,87,85,56,59
47,0,30,cropped_threshold_0p5,26,28,26,28
47,0,30,cropped_calibrated,4,2,2,1
47,0,30,cropped_fixed_budget,30,45,30,45
47,1,71,full_threshold_0p5,16,12,6,5
47,1,71,cropped_threshold_0p5,14,11,6,5
47,1,71,cropped_calibrated,2,1,2,1
47,1,71,cropped_fixed_budget,38,45,24,35
47,2,73,full_threshold_0p5,92,92,92,92
47,2,73,cropped_threshold_0p5,73,73,73,73
47,2,73,cropped_calibrated,4,3,4,3
47,2,73,cropped_fixed_budget,51,45,25,24
47,3,92,full_threshold_0p5,18,15,13,12
47,3,92,cropped_threshold_0p5,18,15,13,12
47,3,92,cropped_calibrated,4,2,2,1
47,3,92,cropped_fixed_budget,35,45,33,44
47,4,86,full_threshold_0p5,13,12,11,11
47,4,86,cropped_threshold_0p5,12,11,10,10
47,4,86,cropped_calibrated,3,2,3,2
47,4,86,cropped_fixed_budget,42,45,21,31
47,5,25,full_threshold_0p5,65,61,38,40
47,5,25,cropped_threshold_0p5,19,21,19,21
47,5,25,cropped_calibrated,12,7,4,3
47,5,25,cropped_fixed_budget,25,45,25,45
47,6,74,full_threshold_0p5,19,16,13,13
47,6,74,cropped_threshold_0p5,17,15,13,13
47,6,74,cropped_calibrated,3,2,3,2
47,6,74,cropped_fixed_budget,44,45,18,26
47,7,23,full_threshold_0p5,23,21,14,15
47,7,23,cropped_threshold_0p5,17,17,12,13
47,7,23,cropped_calibrated,3,2,3,2
47,7,23,cropped_fixed_budget,23,45,23,45
47,8,49,full_threshold_0p5,19,17,12,13
47,8,49,cropped_threshold_0p5,14,14,12,13
47,8,49,cropped_calibrated,3,2,3,2
47,8,49,cropped_fixed_budget,35,45,31,42
47,9,85,full_threshold_0p5,74,83,74,83
47,9,85,cropped_threshold_0p5,74,83,74,83
47,9,85,cropped_calibrated,6,5,6,5
47,9,85,cropped_fixed_budget,49,45,23,22
47,10,74,full_threshold_0p5,10,9,10,9
47,10,74,cropped_threshold_0p5,9,8,9,8
47,10,74,cropped_calibrated,3,2,3,2
47,10,74,cropped_fixed_budget,41,45,32,39
47,11,48,full_threshold_0p5,72,86,72,86
47,11,48,cropped_threshold_0p5,46,57,46,57
47,11,48,cropped_calibrated,7,5,5,4
47,11,48,cropped_fixed_budget,43,45,41,44
47,12,95,full_threshold_0p5,38,33,27,26
47,12,95,cropped_threshold_0p5,36,32,27,26
47,12,95,cropped_calibrated,7,5,5,4
47,12,95,cropped_fixed_budget,48,45,30,32
47,13,58,full_threshold_0p5,33,25,12,12
47,13,58,cropped_threshold_0p5,22,19,12,12
47,13,58,cropped_calibrated,2,1,2,1
47,13,58,cropped_fixed_budget,45,45,26,29
47,14,43,full_threshold_0p5,42,41,33,35
47,14,43,cropped_threshold_0p5,40,40,33,35
47,14,43,cropped_calibrated,4,2,2,1
47,14,43,cropped_fixed_budget,42,45,42,45
47,15,36,full_threshold_0p5,17,15,13,13
47,15,36,cropped_threshold_0p5,16,14,12,12
47,15,36,cropped_calibrated,5,4,5,4
47,15,36,cropped_fixed_budget,33,45,33,45
47,16,50,full_threshold_0p5,21,19,14,13
47,16,50,cropped_threshold_0p5,21,19,14,13
47,16,50,cropped_calibrated,2,1,2,1
47,16,50,cropped_fixed_budget,40,45,40,45
47,17,68,full_threshold_0p5,20,19,11,12
47,17,68,cropped_threshold_0p5,20,19,11,12
47,17,68,cropped_calibrated,2,1,2,1
47,17,68,cropped_fixed_budget,40,45,38,44
47,18,65,full_threshold_0p5,95,240,95,240
47,18,65,cropped_threshold_0p5,65,187,65,187
47,18,65,cropped_calibrated,15,10,5,4
47,18,65,cropped_fixed_budget,50,45,20,22
47,19,96,full_threshold_0p5,19,20,17,19
47,19,96,cropped_threshold_0p5,19,20,17,19
47,19,96,cropped_calibrated,3,2,3,2
47,19,96,cropped_fixed_budget,41,45,34,41
48,0,30,full_threshold_0p5,33,30,19,21
48,0,30,cropped_threshold_0p5,19,21,19,21
48,0,30,cropped_calibrated,6,4,4,3
48,0,30,cropped_fixed_budget,27,45,27,45
48,1,71,full_threshold_0p5,43,36,18,18
48,1,71,cropped_threshold_0p5,43,36,18,18
48,1,71,cropped_calibrated,6,3,2,1
48,1,71,cropped_fixed_budget,45,45,35,38
48,2,73,full_threshold_0p5,98,524,98,524
48,2,73,cropped_threshold_0p5,73,434,73,434
48,2,73,cropped_calibrated,24,18,12,11
48,2,73,cropped_fixed_budget,43,45,43,45
48,3,92,full_threshold_0p5,21,19,12,13
48,3,92,cropped_threshold_0p5,21,19,12,13
48,3,92,cropped_calibrated,2,1,2,1
48,3,92,cropped_fixed_budget,39,45,16,24
48,4,86,full_threshold_0p5,58,51,33,33
48,4,86,cropped_threshold_0p5,56,50,33,33
48,4,86,cropped_calibrated,10,8,8,7
48,4,86,cropped_fixed_budget,53,45,28,28
48,5,25,full_threshold_0p5,31,32,22,27
48,5,25,cropped_threshold_0p5,21,26,21,26
48,5,25,cropped_calibrated,8,5,3,2
48,5,25,cropped_fixed_budget,23,45,23,45
48,6,74,full_threshold_0p5,35,34,35,34
48,6,74,cropped_threshold_0p5,34,33,34,33
48,6,74,cropped_calibrated,11,8,7,6
48,6,74,cropped_fixed_budget,35,45,35,45
48,7,23,full_threshold_0p5,78,77,76,76
48,7,23,cropped_threshold_0p5,23,23,23,23
48,7,23,cropped_calibrated,13,9,6,5
48,7,23,cropped_fixed_budget,23,45,23,45
48,8,49,full_threshold_0p5,73,82,71,81
48,8,49,cropped_threshold_0p5,46,53,46,53
48,8,49,cropped_calibrated,3,2,3,2
48,8,49,cropped_fixed_budget,42,45,28,32
48,9,85,full_threshold_0p5,48,49,35,39
48,9,85,cropped_threshold_0p5,48,49,35,39
48,9,85,cropped_calibrated,0,0,0,0
48,9,85,cropped_fixed_budget,46,45,31,34
48,10,74,full_threshold_0p5,25,21,14,14
48,10,74,cropped_threshold_0p5,25,21,14,14
48,10,74,cropped_calibrated,4,3,4,3
48,10,74,cropped_fixed_budget,43,45,27,32
48,11,48,full_threshold_0p5,27,23,14,14
48,11,48,cropped_threshold_0p5,25,22,14,14
48,11,48,cropped_calibrated,2,1,2,1
48,11,48,cropped_fixed_budget,36,45,32,43
48,12,95,full_threshold_0p5,43,41,21,24
48,12,95,cropped_threshold_0p5,41,40,21,24
48,12,95,cropped_calibrated,5,3,3,2
48,12,95,cropped_fixed_budget,46,45,24,28
48,13,58,full_threshold_0p5,45,44,45,44
48,13,58,cropped_threshold_0p5,45,44,45,44
48,13,58,cropped_calibrated,10,7,4,3
48,13,58,cropped_fixed_budget,45,45,45,45
48,14,43,full_threshold_0p5,55,63,44,51
48,14,43,cropped_threshold_0p5,40,43,30,32
48,14,43,cropped_calibrated,7,4,3,2
48,14,43,cropped_fixed_budget,40,45,30,34
48,15,36,full_threshold_0p5,98,4716,98,4716
48,15,36,cropped_threshold_0p5,36,594,36,594
48,15,36,cropped_calibrated,36,174,36,174
48,15,36,cropped_fixed_budget,31,45,31,45
48,16,50,full_threshold_0p5,43,41,27,30
48,16,50,cropped_threshold_0p5,31,33,27,30
48,16,50,cropped_calibrated,4,3,4,3
48,16,50,cropped_fixed_budget,39,45,31,39
48,17,68,full_threshold_0p5,15,13,13,12
48,17,68,cropped_threshold_0p5,14,12,12,11
48,17,68,cropped_calibrated,2,1,2,1
48,17,68,cropped_fixed_budget,35,45,28,40
48,18,65,full_threshold_0p5,13,13,8,10
48,18,65,cropped_threshold_0p5,13,13,8,10
48,18,65,cropped_calibrated,2,1,2,1
48,18,65,cropped_fixed_budget,34,45,32,44
48,19,96,full_threshold_0p5,98,4748,98,4748
48,19,96,cropped_threshold_0p5,96,4555,96,4555
48,19,96,cropped_calibrated,96,4477,96,4477
48,19,96,cropped_fixed_budget,48,45,35,34
49,0,30,full_threshold_0p5,92,95,42,49
49,0,30,cropped_threshold_0p5,29,34,29,34
49,0,30,cropped_calibrated,4,2,2,1
49,0,30,cropped_fixed_budget,30,45,30,45
49,1,71,full_threshold_0p5,17,17,17,17
49,1,71,cropped_threshold_0p5,16,16,16,16
49,1,71,cropped_calibrated,4,3,4,3
49,1,71,cropped_fixed_budget,34,45,29,42
49,2,73,full_threshold_0p5,94,412,94,412
49,2,73,cropped_threshold_0p5,73,379,73,379
49,2,73,cropped_calibrated,34,28,16,16
49,2,73,cropped_fixed_budget,46,45,32,34
49,3,92,full_threshold_0p5,16,17,16,17
49,3,92,cropped_threshold_0p5,15,16,15,16
49,3,92,cropped_calibrated,5,4,5,4
49,3,92,cropped_fixed_budget,37,45,27,38
49,4,86,full_threshold_0p5,38,36,20,22
49,4,86,cropped_threshold_0p5,36,35,20,22
49,4,86,cropped_calibrated,2,1,2,1
49,4,86,cropped_fixed_budget,44,45,31,34
49,5,25,full_threshold_0p5,14,13,14,13
49,5,25,cropped_threshold_0p5,13,12,13,12
49,5,25,cropped_calibrated,6,4,4,3
49,5,25,cropped_fixed_budget,23,45,23,45
49,6,74,full_threshold_0p5,89,152,82,147
49,6,74,cropped_threshold_0p5,73,133,71,132
49,6,74,cropped_calibrated,7,5,5,4
49,6,74,cropped_fixed_budget,50,45,22,22
49,7,23,full_threshold_0p5,45,49,42,47
49,7,23,cropped_threshold_0p5,22,23,22,23
49,7,23,cropped_calibrated,3,2,3,2
49,7,23,cropped_fixed_budget,23,45,23,45
49,8,49,full_threshold_0p5,21,20,17,17
49,8,49,cropped_threshold_0p5,17,17,17,17
49,8,49,cropped_calibrated,2,1,2,1
49,8,49,cropped_fixed_budget,40,45,36,43
49,9,85,full_threshold_0p5,73,73,55,58
49,9,85,cropped_threshold_0p5,71,72,55,58
49,9,85,cropped_calibrated,2,1,2,1
49,9,85,cropped_fixed_budget,49,45,29,30
49,10,74,full_threshold_0p5,27,23,12,12
49,10,74,cropped_threshold_0p5,27,23,12,12
49,10,74,cropped_calibrated,2,1,2,1
49,10,74,cropped_fixed_budget,38,45,36,44
49,11,48,full_threshold_0p5,13,11,11,10
49,11,48,cropped_threshold_0p5,11,10,11,10
49,11,48,cropped_calibrated,2,1,2,1
49,11,48,cropped_fixed_budget,32,45,32,45
49,12,95,full_threshold_0p5,93,102,93,102
49,12,95,cropped_threshold_0p5,92,101,92,101
49,12,95,cropped_calibrated,6,3,2,1
49,12,95,cropped_fixed_budget,58,45,16,15
49,13,58,full_threshold_0p5,66,60,20,19
49,13,58,cropped_threshold_0p5,51,46,16,16
49,13,58,cropped_calibrated,9,7,6,5
49,13,58,cropped_fixed_budget,51,45,16,16
49,14,43,full_threshold_0p5,36,31,12,13
49,14,43,cropped_threshold_0p5,24,21,12,13
49,14,43,cropped_calibrated,4,3,4,3
49,14,43,cropped_fixed_budget,39,45,30,39
49,15,36,full_threshold_0p5,50,51,32,40
49,15,36,cropped_threshold_0p5,27,35,27,35
49,15,36,cropped_calibrated,10,8,6,5
49,15,36,cropped_fixed_budget,32,45,32,45
49,16,50,full_threshold_0p5,52,70,44,65
49,16,50,cropped_threshold_0p5,41,61,37,58
49,16,50,cropped_calibrated,0,0,0,0
49,16,50,cropped_fixed_budget,38,45,34,42
49,17,68,full_threshold_0p5,15,14,15,14
49,17,68,cropped_threshold_0p5,15,14,15,14
49,17,68,cropped_calibrated,4,3,4,3
49,17,68,cropped_fixed_budget,39,45,37,44
49,18,65,full_threshold_0p5,21,16,10,10
49,18,65,cropped_threshold_0p5,19,15,10,10
49,18,65,cropped_calibrated,2,1,2,1
49,18,65,cropped_fixed_budget,41,45,19,26
49,19,96,full_threshold_0p5,97,207,97,207
49,19,96,cropped_threshold_0p5,95,205,95,205
49,19,96,cropped_calibrated,7,5,4,3
49,19,96,cropped_fixed_budget,51,45,33,34
