repo,dataset,model,method,label,seed,started,code_commit,confidence,branches,note,archive_path
defog,AIDS,DeFoG,DeFoG,experiments/defog_independent_20260922/seed_3,,2026-09-20 02:56,"c631697 (campaign pin, not recorded per run)",inferred from campaign,feat/frozen-graphvae-benchmark,MirzaeiSfu/defog fork,AIDS/experiments/defog_independent_20260922/seed_3
defog,AIDS,DeFoG,DeFoG,experiments/defog_independent_20260922/seed_3/generation,,2026-09-20 20:04,"c631697 (campaign pin, not recorded per run)",inferred from campaign,feat/frozen-graphvae-benchmark,MirzaeiSfu/defog fork,AIDS/experiments/defog_independent_20260922/seed_3/generation
defog,AIDS,DeFoG,DeFoG,experiments/defog_independent_20260922/seed_4,,2026-09-22 07:20,"c631697 (campaign pin, not recorded per run)",inferred from campaign,feat/frozen-graphvae-benchmark,MirzaeiSfu/defog fork,AIDS/experiments/defog_independent_20260922/seed_4
defog,AIDS,DeFoG,DeFoG,experiments/defog_independent_20260922/seed_4/generation,,2026-09-23 00:33,"c631697 (campaign pin, not recorded per run)",inferred from campaign,feat/frozen-graphvae-benchmark,MirzaeiSfu/defog fork,AIDS/experiments/defog_independent_20260922/seed_4/generation
defog,AIDS,DeFoG,DeFoG,experiments/defog_independent_20260922/seed_5,,2026-09-22 07:20,"c631697 (campaign pin, not recorded per run)",inferred from campaign,feat/frozen-graphvae-benchmark,MirzaeiSfu/defog fork,AIDS/experiments/defog_independent_20260922/seed_5
defog,AIDS,DeFoG,DeFoG,experiments/defog_independent_20260922/seed_5/generation,,2026-09-22 22:40,"c631697 (campaign pin, not recorded per run)",inferred from campaign,feat/frozen-graphvae-benchmark,MirzaeiSfu/defog fork,AIDS/experiments/defog_independent_20260922/seed_5/generation
defog,AIDS,DeFoG,DeFoG,sources/cs-cl-09/aids_defog_independent_20260919/seed_3,,2026-09-20 02:56,"c631697 (campaign pin, not recorded per run)",inferred from campaign,feat/frozen-graphvae-benchmark,MirzaeiSfu/defog fork,AIDS/sources/cs-cl-09/aids_defog_independent_20260919/seed_3
defog,AIDS,DeFoG,DeFoG,sources/cs-cl-09/aids_defog_independent_20260919/seed_3/generation,,2026-09-20 20:04,"c631697 (campaign pin, not recorded per run)",inferred from campaign,feat/frozen-graphvae-benchmark,MirzaeiSfu/defog fork,AIDS/sources/cs-cl-09/aids_defog_independent_20260919/seed_3/generation
defog,AIDS,DeFoG,DeFoG,sources/cs-cl-09/aids_defog_independent_20260919_invalid_pre_seedfix_20260920/seed_3,,2026-09-19 13:41,"c631697 (campaign pin, not recorded per run)",inferred from campaign,feat/frozen-graphvae-benchmark,MirzaeiSfu/defog fork,AIDS/sources/cs-cl-09/aids_defog_independent_20260919_invalid_pre_seedfix_20260920/seed_3
defog,AIDS,DeFoG,DeFoG,sources/cs-cl-18/aids_common_eval_10k_20260917/defog/raw/seed_1,,2026-09-17 09:57,"c631697 (campaign pin, not recorded per run)",inferred from campaign,feat/frozen-graphvae-benchmark,MirzaeiSfu/defog fork,AIDS/sources/cs-cl-18/aids_common_eval_10k_20260917/defog/raw/seed_1
defog,AIDS,DeFoG,DeFoG,sources/cs-cl-18/aids_common_eval_10k_20260917/defog/raw/seed_2,,2026-09-17 11:19,"c631697 (campaign pin, not recorded per run)",inferred from campaign,feat/frozen-graphvae-benchmark,MirzaeiSfu/defog fork,AIDS/sources/cs-cl-18/aids_common_eval_10k_20260917/defog/raw/seed_2
defog,AIDS,DeFoG,DeFoG,sources/cs-cl-18/aids_common_eval_10k_20260917/defog/seedfix_20260919/raw/checkpoint_1_gen,,2026-09-19 12:58,"c631697 (campaign pin, not recorded per run)",inferred from campaign,feat/frozen-graphvae-benchmark,MirzaeiSfu/defog fork,AIDS/sources/cs-cl-18/aids_common_eval_10k_20260917/defog/seedfix_20260919/raw/checkpoint_1_generation_9101
defog,AIDS,DeFoG,DeFoG,sources/cs-cl-18/aids_common_eval_10k_20260917/defog/seedfix_20260919/raw/checkpoint_2_gen,,2026-09-19 14:09,"c631697 (campaign pin, not recorded per run)",inferred from campaign,feat/frozen-graphvae-benchmark,MirzaeiSfu/defog fork,AIDS/sources/cs-cl-18/aids_common_eval_10k_20260917/defog/seedfix_20260919/raw/checkpoint_2_generation_9102
defog,AIDS,DeFoG,DeFoG,sources/cs-cl-18/aids_false_defog_3seed_20260912/runs/defog/seed_0,,2026-09-12 02:29,"c631697 (campaign pin, not recorded per run)",inferred from campaign,feat/frozen-graphvae-benchmark,MirzaeiSfu/defog fork,AIDS/sources/cs-cl-18/aids_false_defog_3seed_20260912/runs/defog/seed_0
defog,AIDS,DeFoG,DeFoG,sources/cs-cl-18/aids_false_defog_3seed_20260912/runs/defog/seed_2,,2026-09-12 21:54,"c631697 (campaign pin, not recorded per run)",inferred from campaign,feat/frozen-graphvae-benchmark,MirzaeiSfu/defog fork,AIDS/sources/cs-cl-18/aids_false_defog_3seed_20260912/runs/defog/seed_2
defog,AIDS,DeFoG,DeFoG,sources/cs-cl-19/aids_false_defog_3seed_20260912/runs/defog/seed_1,,2026-09-12 02:31,"c631697 (campaign pin, not recorded per run)",inferred from campaign,feat/frozen-graphvae-benchmark,MirzaeiSfu/defog fork,AIDS/sources/cs-cl-19/aids_false_defog_3seed_20260912/runs/defog/seed_1
GraphVAE-REQ,AIDS,GraphVAE-REQ,GraphVAE (motif=False),aids-graphvae-false-seed-0,0,2026-09-12 02:31,b7268544a,inferred: newest commit before the run with an identical main.py argument set,"main, feat/motif-core-v1, main",run started from a copy without .git; main.py arguments identical in 55 commits from 9f01785b4 (2026-08-26 05:07) to bc16804e3 (2026-09-30 09:56); other modules not verified,AIDS/sources/cs-cl-18/aids_false_defog_3seed_20260912/runs/graphvae_false/seed_0
GraphVAE-REQ,AIDS,GraphVAE-REQ,GraphVAE (motif=False),aids-graphvae-false-seed-1,1,2026-09-12 13:49,NOT IN GIT,exact argparse match to an on-disk copy,,adds --alpha_degree_distribution_loss and --alpha_edge_density_loss; code location: cs-cl-18 and cs-cl-19:/local-scratch2/mirzaei/mutag_edgefeat_campaign_20260910/source/GraphVAE-REQ/ (identical main.py also in cs-cl-18 aids_common_eval_10k_20260917/source/GraphVAE-REQ/),AIDS/sources/cs-cl-19/aids_false_defog_3seed_20260912/runs/graphvae_false/seed_1
GraphVAE-REQ,AIDS,GraphVAE-REQ,GraphVAE (motif=False),aids-graphvae-false-seed-2,2,2026-09-12 12:11,NOT IN GIT,exact argparse match to an on-disk copy,,adds --alpha_degree_distribution_loss and --alpha_edge_density_loss; code location: cs-cl-18 and cs-cl-19:/local-scratch2/mirzaei/mutag_edgefeat_campaign_20260910/source/GraphVAE-REQ/ (identical main.py also in cs-cl-18 aids_common_eval_10k_20260917/source/GraphVAE-REQ/),AIDS/sources/cs-cl-18/aids_false_defog_3seed_20260912/runs/graphvae_false/seed_2
GraphVAE-REQ,AIDS,GraphVAE-REQ,GraphVAE (motif=False),solar-aids-setting01-seed0,0,2026-07-14 16:08,3fb44e6b6,exact (recorded at launch),"main, feat/attr-f1pr-bayesian-optimization, feat/defog-baseline, feat/defog-fair",working tree had 14 uncommitted change(s); see git_diff.patch in the run folder; adds --motif_prune_max_total_values (not in any commit),AIDS/sources/gather/setting_01/seed_0
GraphVAE-REQ,AIDS,GraphVAE-REQ,GraphVAE (motif=False),solar-aids-setting01-seed1,1,2026-07-14 16:08,3fb44e6b6,exact (recorded at launch),"main, feat/attr-f1pr-bayesian-optimization, feat/defog-baseline, feat/defog-fair",working tree had 14 uncommitted change(s); see git_diff.patch in the run folder; adds --motif_prune_max_total_values (not in any commit),AIDS/sources/gather/setting_01/seed_1
GraphVAE-REQ,AIDS,GraphVAE-REQ,GraphVAE (motif=False),solar-aids-setting01-seed2,2,2026-07-14 16:08,3fb44e6b6,exact (recorded at launch),"main, feat/attr-f1pr-bayesian-optimization, feat/defog-baseline, feat/defog-fair",working tree had 14 uncommitted change(s); see git_diff.patch in the run folder; adds --motif_prune_max_total_values (not in any commit),AIDS/sources/gather/setting_01/seed_2
GraphVAE-REQ,AIDS,GraphVAE-REQ,GraphVAE+RG motif=True (mode option not yet in code) (lambda=0.1),solar-aids-setting03-seed0,0,2026-07-14 16:08,3fb44e6b6,exact (recorded at launch),"main, feat/attr-f1pr-bayesian-optimization, feat/defog-baseline, feat/defog-fair",working tree had 14 uncommitted change(s); see git_diff.patch in the run folder; adds --motif_prune_max_total_values (not in any commit),AIDS/sources/gather/setting_03/seed_0
GraphVAE-REQ,AIDS,GraphVAE-REQ,GraphVAE+RG motif=True (mode option not yet in code) (lambda=0.1),solar-aids-setting03-seed1,1,2026-07-14 16:08,3fb44e6b6,exact (recorded at launch),"main, feat/attr-f1pr-bayesian-optimization, feat/defog-baseline, feat/defog-fair",working tree had 14 uncommitted change(s); see git_diff.patch in the run folder; adds --motif_prune_max_total_values (not in any commit),AIDS/sources/gather/setting_03/seed_1
GraphVAE-REQ,AIDS,GraphVAE-REQ,GraphVAE+RG motif=True (mode option not yet in code) (lambda=0.1),solar-aids-setting03-seed2,2,2026-07-14 16:08,3fb44e6b6,exact (recorded at launch),"main, feat/attr-f1pr-bayesian-optimization, feat/defog-baseline, feat/defog-fair",working tree had 14 uncommitted change(s); see git_diff.patch in the run folder; adds --motif_prune_max_total_values (not in any commit),AIDS/sources/gather/setting_03/seed_2
GraphVAE-REQ,AIDS,GraphVAE-REQ,GraphVAE+RG motif=True full_matrix (lambda=0.1),mutag-edgefeat-full-matrix-20k,0,2026-09-10 06:20,b7268544a,inferred: newest commit before the run with an identical main.py argument set,"main, feat/motif-core-v1, main",run started from a copy without .git; main.py arguments identical in 55 commits from 9f01785b4 (2026-08-26 05:07) to bc16804e3 (2026-09-30 09:56); other modules not verified,AIDS/sources/cs-cl-18/aids_common_eval_10k_20260917/source/GraphVAE-REQ/runs/mutag_edgefeat_campaign_20260910/full_matrix/seed_0
GraphVAE-REQ,AIDS,GraphVAE-REQ,GraphVAE+RG motif=True full_matrix (lambda=0.1),mutag-edgefeat-full-matrix-20k,0,2026-09-10 06:16,b7268544a,inferred: newest commit before the run with an identical main.py argument set,"main, feat/motif-core-v1, main",run started from a copy without .git; main.py arguments identical in 55 commits from 9f01785b4 (2026-08-26 05:07) to bc16804e3 (2026-09-30 09:56); other modules not verified,AIDS/sources/cs-cl-18/aids_common_eval_10k_20260917/source/GraphVAE-REQ/runs/mutag_edgefeat_campaign_20260910/smoke_graphvae/seed_0
GraphVAE-REQ,AIDS,GraphVAE-REQ,GraphVAE+RG motif=True full_matrix (lambda=0.1),ptc-aids-motif-AIDS-full_matrix-m0.1-s0,0,2026-09-04 09:41,NOT IN GIT,exact argparse match to an on-disk copy,,"adds --motif_prune_score_threshold; code location: cs-cl-17:/var/tmp/mirzaei_archive/ali/GraphVAE-REQ-kia-motif-20260904-cl17/ (main.py, motif_counting/motif_counter.py dated 2026-09-04 09:38)",AIDS/sources/cs-cl-18/collected_ptc_aids_motif_20260905/solar/runs/aids/motif_0.1/full_matrix/seed_0
GraphVAE-REQ,AIDS,GraphVAE-REQ,GraphVAE+RG motif=True full_matrix (lambda=0.1),ptc-aids-motif-AIDS-full_matrix-m0.1-s1,1,2026-09-04 09:41,NOT IN GIT,exact argparse match to an on-disk copy,,"adds --motif_prune_score_threshold; code location: cs-cl-17:/var/tmp/mirzaei_archive/ali/GraphVAE-REQ-kia-motif-20260904-cl17/ (main.py, motif_counting/motif_counter.py dated 2026-09-04 09:38)",AIDS/sources/cs-cl-18/collected_ptc_aids_motif_20260905/solar/runs/aids/motif_0.1/full_matrix/seed_1
GraphVAE-REQ,AIDS,GraphVAE-REQ,GraphVAE+RG motif=True full_matrix (lambda=0.1),ptc-aids-motif-AIDS-full_matrix-m0.1-s2,2,2026-09-04 09:42,NOT IN GIT,exact argparse match to an on-disk copy,,"adds --motif_prune_score_threshold; code location: cs-cl-17:/var/tmp/mirzaei_archive/ali/GraphVAE-REQ-kia-motif-20260904-cl17/ (main.py, motif_counting/motif_counter.py dated 2026-09-04 09:38)",AIDS/sources/cs-cl-18/collected_ptc_aids_motif_20260905/solar/runs/aids/motif_0.1/full_matrix/seed_2
GraphVAE-REQ,AIDS,GraphVAE-REQ,GraphVAE+RG motif=True full_matrix (lambda=0.1),ptc-aids-motif-PTC-full_matrix-m0.1-s0,0,2026-09-04 09:41,NOT IN GIT,exact argparse match to an on-disk copy,,"adds --motif_prune_score_threshold; code location: cs-cl-17:/var/tmp/mirzaei_archive/ali/GraphVAE-REQ-kia-motif-20260904-cl17/ (main.py, motif_counting/motif_counter.py dated 2026-09-04 09:38)",AIDS/sources/cs-cl-18/collected_ptc_aids_motif_20260905/solar/runs/ptc/motif_0.1/full_matrix/seed_0
GraphVAE-REQ,AIDS,GraphVAE-REQ,GraphVAE+RG motif=True full_matrix (lambda=0.1),ptc-aids-motif-PTC-full_matrix-m0.1-s1,1,2026-09-04 21:45,NOT IN GIT,exact argparse match to an on-disk copy,,"adds --motif_prune_score_threshold and --resume_from_latest_checkpoint; code location: cs-cl-13:/localhome/mirzaei/solar_patch_work/ (main.py 2026-09-04 15:17, data.py 15:19) laid over the GraphVAE-REQ-kia-motif-20260904-cl17 tree",AIDS/sources/cs-cl-18/collected_ptc_aids_motif_20260905/solar/runs/ptc/motif_0.1/full_matrix/seed_1
GraphVAE-REQ,AIDS,GraphVAE-REQ,GraphVAE+RG motif=True full_matrix (lambda=0.1),ptc-aids-motif-PTC-full_matrix-m0.1-s2,2,2026-09-04 15:36,NOT IN GIT,exact argparse match to an on-disk copy,,"adds --motif_prune_score_threshold and --resume_from_latest_checkpoint; code location: cs-cl-13:/localhome/mirzaei/solar_patch_work/ (main.py 2026-09-04 15:17, data.py 15:19) laid over the GraphVAE-REQ-kia-motif-20260904-cl17 tree",AIDS/sources/cs-cl-18/collected_ptc_aids_motif_20260905/solar/runs/ptc/motif_0.1/full_matrix/seed_2
GraphVAE-REQ,AIDS,GraphVAE-REQ,GraphVAE+RG motif=True full_matrix (lambda=0.1),ptc-cl17-full_matrix-m0.1-s0,0,2026-09-04 14:47,NOT IN GIT,exact argparse match to an on-disk copy,,"adds --motif_prune_score_threshold; code location: cs-cl-17:/var/tmp/mirzaei_archive/ali/GraphVAE-REQ-kia-motif-20260904-cl17/ (main.py, motif_counting/motif_counter.py dated 2026-09-04 09:38)",AIDS/sources/cs-cl-18/collected_ptc_aids_motif_20260905/cs-cl-17/runs/ptc/motif_0.1/full_matrix/seed_0
GraphVAE-REQ,AIDS,GraphVAE-REQ,GraphVAE+RG motif=True full_matrix (lambda=0.15),mutag-edgefeat-full-matrix-20k,0,2026-09-12 05:44,NOT IN GIT,exact argparse match to an on-disk copy,,adds --alpha_degree_distribution_loss and --alpha_edge_density_loss; code location: cs-cl-18 and cs-cl-19:/local-scratch2/mirzaei/mutag_edgefeat_campaign_20260910/source/GraphVAE-REQ/ (identical main.py also in cs-cl-18 aids_common_eval_10k_20260917/source/GraphVAE-REQ/),AIDS/sources/cs-cl-18/aids_common_eval_10k_20260917/source/GraphVAE-REQ/runs/mutag_topology_loss_smoke_20260912/seed_0
GraphVAE-REQ,AIDS,GraphVAE-REQ,GraphVAE+RG motif=True total_count (lambda=0.1),ptc-aids-motif-AIDS-total_count-m0.1-s0,0,2026-09-04 09:41,NOT IN GIT,exact argparse match to an on-disk copy,,"adds --motif_prune_score_threshold; code location: cs-cl-17:/var/tmp/mirzaei_archive/ali/GraphVAE-REQ-kia-motif-20260904-cl17/ (main.py, motif_counting/motif_counter.py dated 2026-09-04 09:38)",AIDS/sources/cs-cl-18/collected_ptc_aids_motif_20260905/solar/runs/aids/motif_0.1/total_count/seed_0
GraphVAE-REQ,AIDS,GraphVAE-REQ,GraphVAE+RG motif=True total_count (lambda=0.1),ptc-aids-motif-AIDS-total_count-m0.1-s1,1,2026-09-04 09:41,NOT IN GIT,exact argparse match to an on-disk copy,,"adds --motif_prune_score_threshold; code location: cs-cl-17:/var/tmp/mirzaei_archive/ali/GraphVAE-REQ-kia-motif-20260904-cl17/ (main.py, motif_counting/motif_counter.py dated 2026-09-04 09:38)",AIDS/sources/cs-cl-18/collected_ptc_aids_motif_20260905/solar/runs/aids/motif_0.1/total_count/seed_1
GraphVAE-REQ,AIDS,GraphVAE-REQ,GraphVAE+RG motif=True total_count (lambda=0.1),ptc-aids-motif-AIDS-total_count-m0.1-s2,2,2026-09-04 14:06,NOT IN GIT,exact argparse match to an on-disk copy,,"adds --motif_prune_score_threshold; code location: cs-cl-17:/var/tmp/mirzaei_archive/ali/GraphVAE-REQ-kia-motif-20260904-cl17/ (main.py, motif_counting/motif_counter.py dated 2026-09-04 09:38)",AIDS/sources/cs-cl-18/collected_ptc_aids_motif_20260905/solar/runs/aids/motif_0.1/total_count/seed_2
GraphVAE-REQ,AIDS,GraphVAE-REQ,GraphVAE+RG motif=True total_count (lambda=0.1),ptc-aids-motif-PTC-total_count-m0.1-s0,0,2026-09-04 09:41,NOT IN GIT,exact argparse match to an on-disk copy,,"adds --motif_prune_score_threshold; code location: cs-cl-17:/var/tmp/mirzaei_archive/ali/GraphVAE-REQ-kia-motif-20260904-cl17/ (main.py, motif_counting/motif_counter.py dated 2026-09-04 09:38)",AIDS/sources/cs-cl-18/collected_ptc_aids_motif_20260905/solar/runs/ptc/motif_0.1/total_count/seed_0
GraphVAE-REQ,AIDS,GraphVAE-REQ,GraphVAE+RG motif=True total_count (lambda=0.1),ptc-aids-motif-PTC-total_count-m0.1-s1,1,2026-09-04 21:37,NOT IN GIT,exact argparse match to an on-disk copy,,"adds --motif_prune_score_threshold and --resume_from_latest_checkpoint; code location: cs-cl-13:/localhome/mirzaei/solar_patch_work/ (main.py 2026-09-04 15:17, data.py 15:19) laid over the GraphVAE-REQ-kia-motif-20260904-cl17 tree",AIDS/sources/cs-cl-18/collected_ptc_aids_motif_20260905/solar/runs/ptc/motif_0.1/total_count/seed_1
GraphVAE-REQ,AIDS,GraphVAE-REQ,GraphVAE+RG motif=True total_count (lambda=0.1),ptc-aids-motif-PTC-total_count-m0.1-s2,2,2026-09-05 21:52,NOT IN GIT,exact argparse match to an on-disk copy,,"adds --motif_prune_score_threshold and --resume_from_latest_checkpoint; code location: cs-cl-13:/localhome/mirzaei/solar_patch_work/ (main.py 2026-09-04 15:17, data.py 15:19) laid over the GraphVAE-REQ-kia-motif-20260904-cl17 tree",AIDS/sources/cs-cl-18/collected_ptc_aids_motif_20260905/solar/runs/ptc/motif_0.1/total_count/seed_2
GraphVAE-REQ,AIDS,GraphVAE-REQ,GraphVAE+RG motif=True total_count (lambda=0.1),ptc-cl17-total_count-m0.1-s0,0,2026-09-04 14:47,NOT IN GIT,exact argparse match to an on-disk copy,,"adds --motif_prune_score_threshold; code location: cs-cl-17:/var/tmp/mirzaei_archive/ali/GraphVAE-REQ-kia-motif-20260904-cl17/ (main.py, motif_counting/motif_counter.py dated 2026-09-04 09:38)",AIDS/sources/cs-cl-18/collected_ptc_aids_motif_20260905/cs-cl-17/runs/ptc/motif_0.1/total_count/seed_0
,AIDS,LGD,LGD (LGD_3SEED_CAMPAIGN_20260920),GraphVAEReq-diffusion-AIDS_seed0,,2026-09-20,zhouc20/LatentGraphDiffusion f597e1d + local changes,exact (campaign repo state),,OLD campaign with the epoch-0 encoder-selection bug; superseded by LGD_FIX_20260924,AIDS/experiments/lgd/GraphVAEReq-diffusion-AIDS_seed0
,AIDS,LGD,LGD (LGD_3SEED_CAMPAIGN_20260920),GraphVAEReq-diffusion-AIDS_seed1,,2026-09-20,zhouc20/LatentGraphDiffusion f597e1d + local changes,exact (campaign repo state),,OLD campaign with the epoch-0 encoder-selection bug; superseded by LGD_FIX_20260924,AIDS/experiments/lgd/GraphVAEReq-diffusion-AIDS_seed1
,AIDS,LGD,LGD (LGD_3SEED_CAMPAIGN_20260920),GraphVAEReq-diffusion-AIDS_seed2,,2026-09-20,zhouc20/LatentGraphDiffusion f597e1d + local changes,exact (campaign repo state),,OLD campaign with the epoch-0 encoder-selection bug; superseded by LGD_FIX_20260924,AIDS/experiments/lgd/GraphVAEReq-diffusion-AIDS_seed2
,AIDS,LGD,LGD (LGD_3SEED_CAMPAIGN_20260920),GraphVAEReq-encoder-AIDS_seed0,,2026-09-20,zhouc20/LatentGraphDiffusion f597e1d + local changes,exact (campaign repo state),,OLD campaign with the epoch-0 encoder-selection bug; superseded by LGD_FIX_20260924,AIDS/experiments/lgd/GraphVAEReq-encoder-AIDS_seed0
,AIDS,LGD,LGD (LGD_3SEED_CAMPAIGN_20260920),GraphVAEReq-encoder-AIDS_seed1,,2026-09-20,zhouc20/LatentGraphDiffusion f597e1d + local changes,exact (campaign repo state),,OLD campaign with the epoch-0 encoder-selection bug; superseded by LGD_FIX_20260924,AIDS/experiments/lgd/GraphVAEReq-encoder-AIDS_seed1
,AIDS,LGD,LGD (LGD_3SEED_CAMPAIGN_20260920),GraphVAEReq-encoder-AIDS_seed2,,2026-09-20,zhouc20/LatentGraphDiffusion f597e1d + local changes,exact (campaign repo state),,OLD campaign with the epoch-0 encoder-selection bug; superseded by LGD_FIX_20260924,AIDS/experiments/lgd/GraphVAEReq-encoder-AIDS_seed2
defog,GRID,DeFoG,DeFoG,experiments/defog/seed_0/generation,,2026-09-05 22:28,c631697b9,exact (job_record.json),feat/frozen-graphvae-benchmark,MirzaeiSfu/defog fork,GRID/experiments/defog/seed_0/generation
defog,GRID,DeFoG,DeFoG,experiments/defog/seed_0/training,,2026-09-03 09:55,c631697b9,exact (job_record.json),feat/frozen-graphvae-benchmark,MirzaeiSfu/defog fork,GRID/experiments/defog/seed_0/training
defog,GRID,DeFoG,DeFoG,experiments/defog/seed_4/generation,,2026-09-15 21:26,c631697b9,exact (job_record.json),feat/frozen-graphvae-benchmark,MirzaeiSfu/defog fork,GRID/experiments/defog/seed_4/generation
defog,GRID,DeFoG,DeFoG,experiments/defog/seed_4/training,,2026-09-13 15:21,c631697b9,exact (job_record.json),feat/frozen-graphvae-benchmark,MirzaeiSfu/defog fork,GRID/experiments/defog/seed_4/training
defog,GRID,DeFoG,DeFoG,experiments/defog/seed_5/generation,,2026-09-20 05:04,c631697b9,exact (job_record.json),feat/frozen-graphvae-benchmark,MirzaeiSfu/defog fork,GRID/experiments/defog/seed_5/generation
defog,GRID,DeFoG,DeFoG,experiments/defog/seed_5/training,,2026-09-17 22:42,c631697b9,exact (job_record.json),feat/frozen-graphvae-benchmark,MirzaeiSfu/defog fork,GRID/experiments/defog/seed_5/training
GraphVAE-REQ,GRID,GraphVAE-REQ,GraphVAE (motif=False),grid-motif-false-3seed,0,2026-08-28 10:19,90ee5d6bd,inferred: newest commit before the run with an identical main.py argument set,"main, feat/defog-baseline, feat/defog-fair-benchmark, feat/motif-core-v1, main",run started from a copy without .git; main.py arguments identical in 55 commits from 9f01785b4 (2026-08-26 05:07) to bc16804e3 (2026-09-30 09:56); other modules not verified,GRID/experiments/graphvae/motif_false/seed_0
GraphVAE-REQ,GRID,GraphVAE-REQ,GraphVAE (motif=False),grid-motif-false-3seed,1,2026-08-28 12:54,90ee5d6bd,inferred: newest commit before the run with an identical main.py argument set,"main, feat/defog-baseline, feat/defog-fair-benchmark, feat/motif-core-v1, main",run started from a copy without .git; main.py arguments identical in 55 commits from 9f01785b4 (2026-08-26 05:07) to bc16804e3 (2026-09-30 09:56); other modules not verified,GRID/experiments/graphvae/motif_false/seed_1
GraphVAE-REQ,GRID,GraphVAE-REQ,GraphVAE (motif=False),grid-motif-false-3seed,2,2026-08-28 15:33,90ee5d6bd,inferred: newest commit before the run with an identical main.py argument set,"main, feat/defog-baseline, feat/defog-fair-benchmark, feat/motif-core-v1, main",run started from a copy without .git; main.py arguments identical in 55 commits from 9f01785b4 (2026-08-26 05:07) to bc16804e3 (2026-09-30 09:56); other modules not verified,GRID/experiments/graphvae/motif_false/seed_2
GraphVAE-REQ,GRID,GraphVAE-REQ,GraphVAE+RG motif=True full_matrix (lambda=0.1),grid-linkcorr-motif-true-full_matrix-3seed,0,2026-08-30 04:33,90ee5d6bd,inferred: newest commit before the run with an identical main.py argument set,"main, feat/defog-baseline, feat/defog-fair-benchmark, feat/motif-core-v1, main",run started from a copy without .git; main.py arguments identical in 55 commits from 9f01785b4 (2026-08-26 05:07) to bc16804e3 (2026-09-30 09:56); other modules not verified,GRID/experiments/graphvae/motif_true_full_matrix/seed_0
GraphVAE-REQ,GRID,GraphVAE-REQ,GraphVAE+RG motif=True full_matrix (lambda=0.1),grid-linkcorr-motif-true-full_matrix-3seed,1,2026-08-30 08:19,613fe9e7d,inferred: newest commit before the run with an identical main.py argument set,"main, feat/defog-baseline, feat/defog-fair-benchmark, feat/motif-core-v1, main",run started from a copy without .git; main.py arguments identical in 55 commits from 9f01785b4 (2026-08-26 05:07) to bc16804e3 (2026-09-30 09:56); other modules not verified,GRID/experiments/graphvae/motif_true_full_matrix/seed_1
GraphVAE-REQ,GRID,GraphVAE-REQ,GraphVAE+RG motif=True full_matrix (lambda=0.1),grid-linkcorr-motif-true-full_matrix-3seed,2,2026-08-30 12:04,b0348ce15,inferred: newest commit before the run with an identical main.py argument set,"main, feat/defog-baseline, feat/defog-fair-benchmark, feat/motif-core-v1, main",run started from a copy without .git; main.py arguments identical in 55 commits from 9f01785b4 (2026-08-26 05:07) to bc16804e3 (2026-09-30 09:56); other modules not verified,GRID/experiments/graphvae/motif_true_full_matrix/seed_2
GraphVAE-REQ,GRID,GraphVAE-REQ,GraphVAE+RG motif=True total_count (lambda=0.1),grid-linkcorr-motif-true-total_count-3seed,0,2026-08-30 04:33,90ee5d6bd,inferred: newest commit before the run with an identical main.py argument set,"main, feat/defog-baseline, feat/defog-fair-benchmark, feat/motif-core-v1, main",run started from a copy without .git; main.py arguments identical in 55 commits from 9f01785b4 (2026-08-26 05:07) to bc16804e3 (2026-09-30 09:56); other modules not verified,GRID/experiments/graphvae/motif_true_total_count/seed_0
GraphVAE-REQ,GRID,GraphVAE-REQ,GraphVAE+RG motif=True total_count (lambda=0.1),grid-linkcorr-motif-true-total_count-3seed,1,2026-08-30 08:32,b0348ce15,inferred: newest commit before the run with an identical main.py argument set,"main, feat/defog-baseline, feat/defog-fair-benchmark, feat/motif-core-v1, main",run started from a copy without .git; main.py arguments identical in 55 commits from 9f01785b4 (2026-08-26 05:07) to bc16804e3 (2026-09-30 09:56); other modules not verified,GRID/experiments/graphvae/motif_true_total_count/seed_1
GraphVAE-REQ,GRID,GraphVAE-REQ,GraphVAE+RG motif=True total_count (lambda=0.1),grid-linkcorr-motif-true-total_count-3seed,2,2026-08-30 12:28,b0348ce15,inferred: newest commit before the run with an identical main.py argument set,"main, feat/defog-baseline, feat/defog-fair-benchmark, feat/motif-core-v1, main",run started from a copy without .git; main.py arguments identical in 55 commits from 9f01785b4 (2026-08-26 05:07) to bc16804e3 (2026-09-30 09:56); other modules not verified,GRID/experiments/graphvae/motif_true_total_count/seed_2
defog,LOBSTER,DeFoG,DeFoG,experiments/defog/seed_0/generation,,2026-09-03 10:40,c631697b9,exact (job_record.json),feat/frozen-graphvae-benchmark,MirzaeiSfu/defog fork,LOBSTER/experiments/defog/seed_0/generation
defog,LOBSTER,DeFoG,DeFoG,experiments/defog/seed_0/training,,2026-09-03 09:55,c631697b9,exact (job_record.json),feat/frozen-graphvae-benchmark,MirzaeiSfu/defog fork,LOBSTER/experiments/defog/seed_0/training
defog,LOBSTER,DeFoG,DeFoG,experiments/defog/seed_1/generation,,2026-09-03 11:31,c631697b9,exact (job_record.json),feat/frozen-graphvae-benchmark,MirzaeiSfu/defog fork,LOBSTER/experiments/defog/seed_1/generation
defog,LOBSTER,DeFoG,DeFoG,experiments/defog/seed_1/training,,2026-09-03 10:46,c631697b9,exact (job_record.json),feat/frozen-graphvae-benchmark,MirzaeiSfu/defog fork,LOBSTER/experiments/defog/seed_1/training
defog,LOBSTER,DeFoG,DeFoG,experiments/defog/seed_2/generation,,2026-09-03 12:22,c631697b9,exact (job_record.json),feat/frozen-graphvae-benchmark,MirzaeiSfu/defog fork,LOBSTER/experiments/defog/seed_2/generation
defog,LOBSTER,DeFoG,DeFoG,experiments/defog/seed_2/training,,2026-09-03 11:37,c631697b9,exact (job_record.json),feat/frozen-graphvae-benchmark,MirzaeiSfu/defog fork,LOBSTER/experiments/defog/seed_2/training
GraphVAE-REQ,LOBSTER,GraphVAE-REQ,GraphVAE (motif=False),lobster-motif-false-3seed,0,2026-08-28 10:19,90ee5d6bd,inferred: newest commit before the run with an identical main.py argument set,"main, feat/defog-baseline, feat/defog-fair-benchmark, feat/motif-core-v1, main",run started from a copy without .git; main.py arguments identical in 55 commits from 9f01785b4 (2026-08-26 05:07) to bc16804e3 (2026-09-30 09:56); other modules not verified,LOBSTER/experiments/graphvae/motif_false/seed_0
GraphVAE-REQ,LOBSTER,GraphVAE-REQ,GraphVAE (motif=False),lobster-motif-false-3seed,1,2026-08-28 10:35,90ee5d6bd,inferred: newest commit before the run with an identical main.py argument set,"main, feat/defog-baseline, feat/defog-fair-benchmark, feat/motif-core-v1, main",run started from a copy without .git; main.py arguments identical in 55 commits from 9f01785b4 (2026-08-26 05:07) to bc16804e3 (2026-09-30 09:56); other modules not verified,LOBSTER/experiments/graphvae/motif_false/seed_1
GraphVAE-REQ,LOBSTER,GraphVAE-REQ,GraphVAE (motif=False),lobster-motif-false-3seed,2,2026-08-28 10:51,90ee5d6bd,inferred: newest commit before the run with an identical main.py argument set,"main, feat/defog-baseline, feat/defog-fair-benchmark, feat/motif-core-v1, main",run started from a copy without .git; main.py arguments identical in 55 commits from 9f01785b4 (2026-08-26 05:07) to bc16804e3 (2026-09-30 09:56); other modules not verified,LOBSTER/experiments/graphvae/motif_false/seed_2
GraphVAE-REQ,LOBSTER,GraphVAE-REQ,GraphVAE+RG motif=True full_matrix (lambda=0.1),lobster-linkcorr-motif-true-full_matrix-3seed,0,2026-08-30 04:53,90ee5d6bd,inferred: newest commit before the run with an identical main.py argument set,"main, feat/defog-baseline, feat/defog-fair-benchmark, feat/motif-core-v1, main",run started from a copy without .git; main.py arguments identical in 55 commits from 9f01785b4 (2026-08-26 05:07) to bc16804e3 (2026-09-30 09:56); other modules not verified,LOBSTER/experiments/graphvae/motif_true_full_matrix/seed_0
GraphVAE-REQ,LOBSTER,GraphVAE-REQ,GraphVAE+RG motif=True full_matrix (lambda=0.1),lobster-linkcorr-motif-true-full_matrix-3seed,1,2026-08-30 05:33,90ee5d6bd,inferred: newest commit before the run with an identical main.py argument set,"main, feat/defog-baseline, feat/defog-fair-benchmark, feat/motif-core-v1, main",run started from a copy without .git; main.py arguments identical in 55 commits from 9f01785b4 (2026-08-26 05:07) to bc16804e3 (2026-09-30 09:56); other modules not verified,LOBSTER/experiments/graphvae/motif_true_full_matrix/seed_1
GraphVAE-REQ,LOBSTER,GraphVAE-REQ,GraphVAE+RG motif=True full_matrix (lambda=0.1),lobster-linkcorr-motif-true-full_matrix-3seed,2,2026-08-30 06:12,613fe9e7d,inferred: newest commit before the run with an identical main.py argument set,"main, feat/defog-baseline, feat/defog-fair-benchmark, feat/motif-core-v1, main",run started from a copy without .git; main.py arguments identical in 55 commits from 9f01785b4 (2026-08-26 05:07) to bc16804e3 (2026-09-30 09:56); other modules not verified,LOBSTER/experiments/graphvae/motif_true_full_matrix/seed_2
GraphVAE-REQ,LOBSTER,GraphVAE-REQ,GraphVAE+RG motif=True total_count (lambda=0.1),lobster-linkcorr-motif-true-total_count-3seed,0,2026-08-30 04:33,90ee5d6bd,inferred: newest commit before the run with an identical main.py argument set,"main, feat/defog-baseline, feat/defog-fair-benchmark, feat/motif-core-v1, main",run started from a copy without .git; main.py arguments identical in 55 commits from 9f01785b4 (2026-08-26 05:07) to bc16804e3 (2026-09-30 09:56); other modules not verified,LOBSTER/experiments/graphvae/motif_true_total_count/seed_0
GraphVAE-REQ,LOBSTER,GraphVAE-REQ,GraphVAE+RG motif=True total_count (lambda=0.1),lobster-linkcorr-motif-true-total_count-3seed,1,2026-08-30 05:13,90ee5d6bd,inferred: newest commit before the run with an identical main.py argument set,"main, feat/defog-baseline, feat/defog-fair-benchmark, feat/motif-core-v1, main",run started from a copy without .git; main.py arguments identical in 55 commits from 9f01785b4 (2026-08-26 05:07) to bc16804e3 (2026-09-30 09:56); other modules not verified,LOBSTER/experiments/graphvae/motif_true_total_count/seed_1
GraphVAE-REQ,LOBSTER,GraphVAE-REQ,GraphVAE+RG motif=True total_count (lambda=0.1),lobster-linkcorr-motif-true-total_count-3seed,2,2026-08-30 05:52,613fe9e7d,inferred: newest commit before the run with an identical main.py argument set,"main, feat/defog-baseline, feat/defog-fair-benchmark, feat/motif-core-v1, main",run started from a copy without .git; main.py arguments identical in 55 commits from 9f01785b4 (2026-08-26 05:07) to bc16804e3 (2026-09-30 09:56); other modules not verified,LOBSTER/experiments/graphvae/motif_true_total_count/seed_2
,LOBSTER,LGD,LGD (LGD_3SEED_CAMPAIGN_20260920),GraphVAEReq-diffusion-LOBSTER_seed0,,2026-09-20,zhouc20/LatentGraphDiffusion f597e1d + local changes,exact (campaign repo state),,OLD campaign with the epoch-0 encoder-selection bug; superseded by LGD_FIX_20260924,LOBSTER/experiments/lgd/GraphVAEReq-diffusion-LOBSTER_seed0
,LOBSTER,LGD,LGD (LGD_3SEED_CAMPAIGN_20260920),GraphVAEReq-diffusion-LOBSTER_seed1,,2026-09-20,zhouc20/LatentGraphDiffusion f597e1d + local changes,exact (campaign repo state),,OLD campaign with the epoch-0 encoder-selection bug; superseded by LGD_FIX_20260924,LOBSTER/experiments/lgd/GraphVAEReq-diffusion-LOBSTER_seed1
,LOBSTER,LGD,LGD (LGD_3SEED_CAMPAIGN_20260920),GraphVAEReq-encoder-LOBSTER_seed0,,2026-09-20,zhouc20/LatentGraphDiffusion f597e1d + local changes,exact (campaign repo state),,OLD campaign with the epoch-0 encoder-selection bug; superseded by LGD_FIX_20260924,LOBSTER/experiments/lgd/GraphVAEReq-encoder-LOBSTER_seed0
,LOBSTER,LGD,LGD (LGD_3SEED_CAMPAIGN_20260920),GraphVAEReq-encoder-LOBSTER_seed1,,2026-09-20,zhouc20/LatentGraphDiffusion f597e1d + local changes,exact (campaign repo state),,OLD campaign with the epoch-0 encoder-selection bug; superseded by LGD_FIX_20260924,LOBSTER/experiments/lgd/GraphVAEReq-encoder-LOBSTER_seed1
,LOBSTER,LGD,LGD (LGD_3SEED_CAMPAIGN_20260920),diffusion_seed_2,,2026-09-20,zhouc20/LatentGraphDiffusion f597e1d + local changes,exact (campaign repo state),,OLD campaign with the epoch-0 encoder-selection bug; superseded by LGD_FIX_20260924,LOBSTER/experiments/lgd/diffusion_seed_2
,LOBSTER,LGD,LGD (LGD_3SEED_CAMPAIGN_20260920),encoder_seed_2,,2026-09-20,zhouc20/LatentGraphDiffusion f597e1d + local changes,exact (campaign repo state),,OLD campaign with the epoch-0 encoder-selection bug; superseded by LGD_FIX_20260924,LOBSTER/experiments/lgd/encoder_seed_2
,LOBSTER,LGD,LGD (LGD_3SEED_CAMPAIGN_20260920),frozen_dataset,,2026-09-20,zhouc20/LatentGraphDiffusion f597e1d + local changes,exact (campaign repo state),,OLD campaign with the epoch-0 encoder-selection bug; superseded by LGD_FIX_20260924,LOBSTER/experiments/lgd/frozen_dataset
,LOBSTER,LGD,LGD (LGD_3SEED_CAMPAIGN_20260920),source_cs-cl-26,,2026-09-20,zhouc20/LatentGraphDiffusion f597e1d + local changes,exact (campaign repo state),,OLD campaign with the epoch-0 encoder-selection bug; superseded by LGD_FIX_20260924,LOBSTER/experiments/lgd/source_cs-cl-26
defog,MUTAG,DeFoG,DeFoG,sources/cs-cl-09/mutag_defog_edgefeat_seeds_20260913/outputs/2026-09-13/06-50-55-mutag-mut,,2026-09-13 06:50,"c631697 (campaign pin, not recorded per run)",inferred from campaign,feat/frozen-graphvae-benchmark,MirzaeiSfu/defog fork,MUTAG/sources/cs-cl-09/mutag_defog_edgefeat_seeds_20260913/outputs/2026-09-13/06-50-55-mutag-mutag_edgefeat_seed0_eval39
defog,MUTAG,DeFoG,DeFoG,sources/cs-cl-09/mutag_defog_edgefeat_seeds_20260913/seed_0_full20k,,2026-09-13 01:13,"c631697 (campaign pin, not recorded per run)",inferred from campaign,feat/frozen-graphvae-benchmark,MirzaeiSfu/defog fork,MUTAG/sources/cs-cl-09/mutag_defog_edgefeat_seeds_20260913/seed_0_full20k
defog,MUTAG,DeFoG,DeFoG,sources/cs-cl-09/mutag_defog_replacement_seed3_20260912/final_samples_generation_seed_1003,,2026-09-12 07:24,"c631697 (campaign pin, not recorded per run)",inferred from campaign,feat/frozen-graphvae-benchmark,MirzaeiSfu/defog fork,MUTAG/sources/cs-cl-09/mutag_defog_replacement_seed3_20260912/final_samples_generation_seed_1003
defog,MUTAG,DeFoG,DeFoG,sources/cs-cl-09/mutag_defog_replacement_seed3_20260912/train_seed_3,,2026-09-12 01:59,"c631697 (campaign pin, not recorded per run)",inferred from campaign,feat/frozen-graphvae-benchmark,MirzaeiSfu/defog fork,MUTAG/sources/cs-cl-09/mutag_defog_replacement_seed3_20260912/train_seed_3
defog,MUTAG,DeFoG,DeFoG,sources/cs-cl-09/mutag_edgefeat_campaign_20260910/runs/defog/seed_2,,2026-09-10 06:21,"c631697 (campaign pin, not recorded per run)",inferred from campaign,feat/frozen-graphvae-benchmark,MirzaeiSfu/defog fork,MUTAG/sources/cs-cl-09/mutag_edgefeat_campaign_20260910/runs/defog/seed_2
defog,MUTAG,DeFoG,DeFoG,sources/cs-cl-09/mutag_nodefeat_3way_20260910/runs/defog/seed_2,,2026-09-10 19:28,"c631697 (campaign pin, not recorded per run)",inferred from campaign,feat/frozen-graphvae-benchmark,MirzaeiSfu/defog fork,MUTAG/sources/cs-cl-09/mutag_nodefeat_3way_20260910/runs/defog/seed_2
defog,MUTAG,DeFoG,DeFoG,sources/cs-cl-18/mutag_edgefeat_campaign_20260910/runs/defog/seed_0,,2026-09-10 06:20,"c631697 (campaign pin, not recorded per run)",inferred from campaign,feat/frozen-graphvae-benchmark,MirzaeiSfu/defog fork,MUTAG/sources/cs-cl-18/mutag_edgefeat_campaign_20260910/runs/defog/seed_0
defog,MUTAG,DeFoG,DeFoG,sources/cs-cl-18/mutag_edgefeat_campaign_20260910/smoke/defog,,2026-09-10 06:15,"c631697 (campaign pin, not recorded per run)",inferred from campaign,feat/frozen-graphvae-benchmark,MirzaeiSfu/defog fork,MUTAG/sources/cs-cl-18/mutag_edgefeat_campaign_20260910/smoke/defog
defog,MUTAG,DeFoG,DeFoG,sources/cs-cl-18/mutag_nodefeat_3way_20260910/runs/defog/seed_0,,2026-09-10 18:17,"c631697 (campaign pin, not recorded per run)",inferred from campaign,feat/frozen-graphvae-benchmark,MirzaeiSfu/defog fork,MUTAG/sources/cs-cl-18/mutag_nodefeat_3way_20260910/runs/defog/seed_0
defog,MUTAG,DeFoG,DeFoG,sources/cs-cl-19/mutag_defog_edgeaware_correlation_20260913/outputs/2026-09-13/00-47-35-mu,,2026-09-13 00:47,"c631697 (campaign pin, not recorded per run)",inferred from campaign,feat/frozen-graphvae-benchmark,MirzaeiSfu/defog fork,MUTAG/sources/cs-cl-19/mutag_defog_edgeaware_correlation_20260913/outputs/2026-09-13/00-47-35-mutag-mutag_edgecorr_regenerate
defog,MUTAG,DeFoG,DeFoG,sources/cs-cl-19/mutag_defog_edgefeat_seeds_20260913/seed_1,,2026-09-13 01:01,"c631697 (campaign pin, not recorded per run)",inferred from campaign,feat/frozen-graphvae-benchmark,MirzaeiSfu/defog fork,MUTAG/sources/cs-cl-19/mutag_defog_edgefeat_seeds_20260913/seed_1
defog,MUTAG,DeFoG,DeFoG,sources/cs-cl-19/mutag_defog_edgefeat_seeds_20260913/seed_2,,2026-09-13 01:01,"c631697 (campaign pin, not recorded per run)",inferred from campaign,feat/frozen-graphvae-benchmark,MirzaeiSfu/defog fork,MUTAG/sources/cs-cl-19/mutag_defog_edgefeat_seeds_20260913/seed_2
defog,MUTAG,DeFoG,DeFoG,sources/cs-cl-19/mutag_defog_independent_20260919/seed_1,,2026-09-20 02:56,"c631697 (campaign pin, not recorded per run)",inferred from campaign,feat/frozen-graphvae-benchmark,MirzaeiSfu/defog fork,MUTAG/sources/cs-cl-19/mutag_defog_independent_20260919/seed_1
defog,MUTAG,DeFoG,DeFoG,sources/cs-cl-19/mutag_defog_independent_20260919/seed_1/generation,,2026-09-20 06:32,"c631697 (campaign pin, not recorded per run)",inferred from campaign,feat/frozen-graphvae-benchmark,MirzaeiSfu/defog fork,MUTAG/sources/cs-cl-19/mutag_defog_independent_20260919/seed_1/generation
defog,MUTAG,DeFoG,DeFoG,sources/cs-cl-19/mutag_defog_independent_20260919/seed_2,,2026-09-20 02:56,"c631697 (campaign pin, not recorded per run)",inferred from campaign,feat/frozen-graphvae-benchmark,MirzaeiSfu/defog fork,MUTAG/sources/cs-cl-19/mutag_defog_independent_20260919/seed_2
defog,MUTAG,DeFoG,DeFoG,sources/cs-cl-19/mutag_defog_independent_20260919/seed_2/generation,,2026-09-20 06:09,"c631697 (campaign pin, not recorded per run)",inferred from campaign,feat/frozen-graphvae-benchmark,MirzaeiSfu/defog fork,MUTAG/sources/cs-cl-19/mutag_defog_independent_20260919/seed_2/generation
defog,MUTAG,DeFoG,DeFoG,sources/cs-cl-19/mutag_defog_independent_20260919_invalid_pre_seedfix_20260920/seed_1,,2026-09-19 13:24,"c631697 (campaign pin, not recorded per run)",inferred from campaign,feat/frozen-graphvae-benchmark,MirzaeiSfu/defog fork,MUTAG/sources/cs-cl-19/mutag_defog_independent_20260919_invalid_pre_seedfix_20260920/seed_1
defog,MUTAG,DeFoG,DeFoG,sources/cs-cl-19/mutag_defog_independent_20260919_invalid_pre_seedfix_20260920/seed_2,,2026-09-19 13:24,"c631697 (campaign pin, not recorded per run)",inferred from campaign,feat/frozen-graphvae-benchmark,MirzaeiSfu/defog fork,MUTAG/sources/cs-cl-19/mutag_defog_independent_20260919_invalid_pre_seedfix_20260920/seed_2
defog,MUTAG,DeFoG,DeFoG,sources/cs-cl-19/mutag_edgefeat_campaign_20260910/runs/defog/seed_1,,2026-09-10 06:20,"c631697 (campaign pin, not recorded per run)",inferred from campaign,feat/frozen-graphvae-benchmark,MirzaeiSfu/defog fork,MUTAG/sources/cs-cl-19/mutag_edgefeat_campaign_20260910/runs/defog/seed_1
defog,MUTAG,DeFoG,DeFoG,sources/cs-cl-19/mutag_nodefeat_3way_20260910/runs/defog/seed_1,,2026-09-10 18:32,"c631697 (campaign pin, not recorded per run)",inferred from campaign,feat/frozen-graphvae-benchmark,MirzaeiSfu/defog fork,MUTAG/sources/cs-cl-19/mutag_nodefeat_3way_20260910/runs/defog/seed_1
GraphVAE-REQ,MUTAG,GraphVAE-REQ,GraphVAE (motif=False),mutag-edgefeat-full-matrix-20k,0,2026-09-12 05:25,b7268544a,inferred: newest commit before the run with an identical main.py argument set,"main, feat/motif-core-v1, main",run started from a copy without .git; main.py arguments identical in 55 commits from 9f01785b4 (2026-08-26 05:07) to bc16804e3 (2026-09-30 09:56); other modules not verified,MUTAG/sources/cs-cl-18/mutag_threshold_calibration_20260912/cache_build/seed_0
GraphVAE-REQ,MUTAG,GraphVAE-REQ,GraphVAE (motif=False),mutag-nodefeat-3way-graphvae_motif_false-seed-0,0,2026-09-10 17:55,b7268544a,inferred: newest commit before the run with an identical main.py argument set,"main, feat/motif-core-v1, main",run started from a copy without .git; main.py arguments identical in 55 commits from 9f01785b4 (2026-08-26 05:07) to bc16804e3 (2026-09-30 09:56); other modules not verified,MUTAG/sources/cs-cl-18/mutag_nodefeat_3way_20260910/runs/graphvae_motif_false/seed_0
GraphVAE-REQ,MUTAG,GraphVAE-REQ,GraphVAE (motif=False),mutag-nodefeat-3way-graphvae_motif_false-seed-1,1,2026-09-10 18:07,b7268544a,inferred: newest commit before the run with an identical main.py argument set,"main, feat/motif-core-v1, main",run started from a copy without .git; main.py arguments identical in 55 commits from 9f01785b4 (2026-08-26 05:07) to bc16804e3 (2026-09-30 09:56); other modules not verified,MUTAG/sources/cs-cl-19/mutag_nodefeat_3way_20260910/runs/graphvae_motif_false/seed_1
GraphVAE-REQ,MUTAG,GraphVAE-REQ,GraphVAE (motif=False),mutag-nodefeat-3way-graphvae_motif_false-seed-2,2,2026-09-10 18:47,b7268544a,inferred: newest commit before the run with an identical main.py argument set,"main, feat/motif-core-v1, main",run started from a copy without .git; main.py arguments identical in 55 commits from 9f01785b4 (2026-08-26 05:07) to bc16804e3 (2026-09-30 09:56); other modules not verified,MUTAG/sources/cs-cl-09/mutag_nodefeat_3way_20260910/runs/graphvae_motif_false/seed_2
GraphVAE-REQ,MUTAG,GraphVAE-REQ,GraphVAE (motif=False),solar-mutag-setting01-pruned-seed0,0,2026-07-16 07:37,c10bff58b,exact (recorded at launch),"main, feat/attr-f1pr-bayesian-optimization, feat/defog-baseline, feat/defog-fair",working tree had 504 uncommitted change(s); see git_diff.patch in the run folder,MUTAG/sources/gather/setting_01/seed_0
GraphVAE-REQ,MUTAG,GraphVAE-REQ,GraphVAE (motif=False),solar-mutag-setting01-pruned-seed1,1,2026-07-16 07:37,c10bff58b,exact (recorded at launch),"main, feat/attr-f1pr-bayesian-optimization, feat/defog-baseline, feat/defog-fair",working tree had 504 uncommitted change(s); see git_diff.patch in the run folder,MUTAG/sources/gather/setting_01/seed_1
GraphVAE-REQ,MUTAG,GraphVAE-REQ,GraphVAE (motif=False),solar-mutag-setting01-pruned-seed2,2,2026-07-16 07:37,c10bff58b,exact (recorded at launch),"main, feat/attr-f1pr-bayesian-optimization, feat/defog-baseline, feat/defog-fair",working tree had 504 uncommitted change(s); see git_diff.patch in the run folder,MUTAG/sources/gather/setting_01/seed_2
GraphVAE-REQ,MUTAG,GraphVAE-REQ,GraphVAE+RG motif=True (mode option not yet in code) (lambda=0.1),solar-mutag-setting03-pruned-seed0,0,2026-07-16 07:37,c10bff58b,exact (recorded at launch),"main, feat/attr-f1pr-bayesian-optimization, feat/defog-baseline, feat/defog-fair",working tree had 504 uncommitted change(s); see git_diff.patch in the run folder,MUTAG/sources/gather/setting_03/seed_0
GraphVAE-REQ,MUTAG,GraphVAE-REQ,GraphVAE+RG motif=True (mode option not yet in code) (lambda=0.1),solar-mutag-setting03-pruned-seed1,1,2026-07-16 07:37,c10bff58b,exact (recorded at launch),"main, feat/attr-f1pr-bayesian-optimization, feat/defog-baseline, feat/defog-fair",working tree had 504 uncommitted change(s); see git_diff.patch in the run folder,MUTAG/sources/gather/setting_03/seed_1
GraphVAE-REQ,MUTAG,GraphVAE-REQ,GraphVAE+RG motif=True (mode option not yet in code) (lambda=0.1),solar-mutag-setting03-pruned-seed2,2,2026-07-16 07:37,c10bff58b,exact (recorded at launch),"main, feat/attr-f1pr-bayesian-optimization, feat/defog-baseline, feat/defog-fair",working tree had 504 uncommitted change(s); see git_diff.patch in the run folder,MUTAG/sources/gather/setting_03/seed_2
GraphVAE-REQ,MUTAG,GraphVAE-REQ,GraphVAE+RG motif=True full_matrix (lambda=0.01),mutag-edgefeat-cpsmoothed-full-motif001-seed-0,0,2026-09-11 01:21,b7268544a,inferred: newest commit before the run with an identical main.py argument set,"main, feat/motif-core-v1, main",run started from a copy without .git; main.py arguments identical in 55 commits from 9f01785b4 (2026-08-26 05:07) to bc16804e3 (2026-09-30 09:56); other modules not verified,MUTAG/sources/cs-cl-18/mutag_edgefeat_motif001_3seed_20260911/runs/full_matrix/seed_0
GraphVAE-REQ,MUTAG,GraphVAE-REQ,GraphVAE+RG motif=True full_matrix (lambda=0.01),mutag-edgefeat-cpsmoothed-full-motif001-seed-1,1,2026-09-11 01:21,b7268544a,inferred: newest commit before the run with an identical main.py argument set,"main, feat/motif-core-v1, main",run started from a copy without .git; main.py arguments identical in 55 commits from 9f01785b4 (2026-08-26 05:07) to bc16804e3 (2026-09-30 09:56); other modules not verified,MUTAG/sources/cs-cl-19/mutag_edgefeat_motif001_3seed_20260911/runs/full_matrix/seed_1
GraphVAE-REQ,MUTAG,GraphVAE-REQ,GraphVAE+RG motif=True full_matrix (lambda=0.01),mutag-edgefeat-cpsmoothed-full-motif001-seed-2,2,2026-09-11 01:21,b7268544a,inferred: newest commit before the run with an identical main.py argument set,"main, feat/motif-core-v1, main",run started from a copy without .git; main.py arguments identical in 55 commits from 9f01785b4 (2026-08-26 05:07) to bc16804e3 (2026-09-30 09:56); other modules not verified,MUTAG/sources/cs-cl-09/mutag_edgefeat_motif001_3seed_20260911/runs/full_matrix/seed_2
GraphVAE-REQ,MUTAG,GraphVAE-REQ,GraphVAE+RG motif=True full_matrix (lambda=0.05),mutag-edgefeat-cpsmoothed-full-motif005-seed-0,0,2026-09-11 15:23,b7268544a,inferred: newest commit before the run with an identical main.py argument set,"main, feat/motif-core-v1, main",run started from a copy without .git; main.py arguments identical in 55 commits from 9f01785b4 (2026-08-26 05:07) to bc16804e3 (2026-09-30 09:56); other modules not verified,MUTAG/sources/cs-cl-18/mutag_edgefeat_weight_sweep_20260911/motif_005/runs/full_matrix/seed_0
GraphVAE-REQ,MUTAG,GraphVAE-REQ,GraphVAE+RG motif=True full_matrix (lambda=0.05),mutag-edgefeat-cpsmoothed-full-motif005-seed-1,1,2026-09-11 15:32,b7268544a,inferred: newest commit before the run with an identical main.py argument set,"main, feat/motif-core-v1, main",run started from a copy without .git; main.py arguments identical in 55 commits from 9f01785b4 (2026-08-26 05:07) to bc16804e3 (2026-09-30 09:56); other modules not verified,MUTAG/sources/cs-cl-19/mutag_edgefeat_weight_sweep_20260911/motif_005/runs/full_matrix/seed_1
GraphVAE-REQ,MUTAG,GraphVAE-REQ,GraphVAE+RG motif=True full_matrix (lambda=0.05),mutag-edgefeat-cpsmoothed-full-motif005-seed-2,2,2026-09-11 16:16,b7268544a,inferred: newest commit before the run with an identical main.py argument set,"main, feat/motif-core-v1, main",run started from a copy without .git; main.py arguments identical in 55 commits from 9f01785b4 (2026-08-26 05:07) to bc16804e3 (2026-09-30 09:56); other modules not verified,MUTAG/sources/cs-cl-09/mutag_edgefeat_weight_sweep_20260911/motif_005/runs/full_matrix/seed_2
GraphVAE-REQ,MUTAG,GraphVAE-REQ,GraphVAE+RG motif=True full_matrix (lambda=0.1),mutag-edgefeat-full-matrix-20k,0,2026-09-10 06:20,b7268544a,inferred: newest commit before the run with an identical main.py argument set,"main, feat/motif-core-v1, main",run started from a copy without .git; main.py arguments identical in 55 commits from 9f01785b4 (2026-08-26 05:07) to bc16804e3 (2026-09-30 09:56); other modules not verified,MUTAG/sources/cs-cl-18/mutag_edgefeat_campaign_20260910/source/GraphVAE-REQ/runs/mutag_edgefeat_campaign_20260910/full_matrix/seed_0
GraphVAE-REQ,MUTAG,GraphVAE-REQ,GraphVAE+RG motif=True full_matrix (lambda=0.1),mutag-edgefeat-full-matrix-20k,0,2026-09-10 06:16,b7268544a,inferred: newest commit before the run with an identical main.py argument set,"main, feat/motif-core-v1, main",run started from a copy without .git; main.py arguments identical in 55 commits from 9f01785b4 (2026-08-26 05:07) to bc16804e3 (2026-09-30 09:56); other modules not verified,MUTAG/sources/cs-cl-18/mutag_edgefeat_campaign_20260910/source/GraphVAE-REQ/runs/mutag_edgefeat_campaign_20260910/smoke_graphvae/seed_0
GraphVAE-REQ,MUTAG,GraphVAE-REQ,GraphVAE+RG motif=True full_matrix (lambda=0.1),mutag-edgefeat-full-matrix-20k,1,2026-09-10 06:21,b7268544a,inferred: newest commit before the run with an identical main.py argument set,"main, feat/motif-core-v1, main",run started from a copy without .git; main.py arguments identical in 55 commits from 9f01785b4 (2026-08-26 05:07) to bc16804e3 (2026-09-30 09:56); other modules not verified,MUTAG/sources/cs-cl-19/mutag_edgefeat_campaign_20260910/source/GraphVAE-REQ/runs/mutag_edgefeat_campaign_20260910/full_matrix/seed_1
GraphVAE-REQ,MUTAG,GraphVAE-REQ,GraphVAE+RG motif=True full_matrix (lambda=0.1),mutag-edgefeat-full-matrix-20k,2,2026-09-10 06:21,b7268544a,inferred: newest commit before the run with an identical main.py argument set,"main, feat/motif-core-v1, main",run started from a copy without .git; main.py arguments identical in 55 commits from 9f01785b4 (2026-08-26 05:07) to bc16804e3 (2026-09-30 09:56); other modules not verified,MUTAG/sources/cs-cl-09/mutag_edgefeat_campaign_20260910/source/GraphVAE-REQ/runs/mutag_edgefeat_campaign_20260910/full_matrix/seed_2
GraphVAE-REQ,MUTAG,GraphVAE-REQ,GraphVAE+RG motif=True full_matrix (lambda=0.1),mutag-nodefeat-3way-graphvae_motif_true_full-seed-0,0,2026-09-10 16:52,b7268544a,inferred: newest commit before the run with an identical main.py argument set,"main, feat/motif-core-v1, main",run started from a copy without .git; main.py arguments identical in 55 commits from 9f01785b4 (2026-08-26 05:07) to bc16804e3 (2026-09-30 09:56); other modules not verified,MUTAG/sources/cs-cl-18/mutag_nodefeat_3way_20260910/runs/graphvae_motif_true_full/seed_0
GraphVAE-REQ,MUTAG,GraphVAE-REQ,GraphVAE+RG motif=True full_matrix (lambda=0.1),mutag-nodefeat-3way-graphvae_motif_true_full-seed-1,1,2026-09-10 16:52,b7268544a,inferred: newest commit before the run with an identical main.py argument set,"main, feat/motif-core-v1, main",run started from a copy without .git; main.py arguments identical in 55 commits from 9f01785b4 (2026-08-26 05:07) to bc16804e3 (2026-09-30 09:56); other modules not verified,MUTAG/sources/cs-cl-19/mutag_nodefeat_3way_20260910/runs/graphvae_motif_true_full/seed_1
GraphVAE-REQ,MUTAG,GraphVAE-REQ,GraphVAE+RG motif=True full_matrix (lambda=0.1),mutag-nodefeat-3way-graphvae_motif_true_full-seed-2,2,2026-09-10 16:52,b7268544a,inferred: newest commit before the run with an identical main.py argument set,"main, feat/motif-core-v1, main",run started from a copy without .git; main.py arguments identical in 55 commits from 9f01785b4 (2026-08-26 05:07) to bc16804e3 (2026-09-30 09:56); other modules not verified,MUTAG/sources/cs-cl-09/mutag_nodefeat_3way_20260910/runs/graphvae_motif_true_full/seed_2
GraphVAE-REQ,MUTAG,GraphVAE-REQ,GraphVAE+RG motif=True full_matrix (lambda=0.1),mutag-smoothed-full-matrix-20k,0,2026-08-30 03:50,90ee5d6bd,inferred: newest commit before the run with an identical main.py argument set,"main, feat/defog-baseline, feat/defog-fair-benchmark, feat/motif-core-v1, main",run started from a copy without .git; main.py arguments identical in 55 commits from 9f01785b4 (2026-08-26 05:07) to bc16804e3 (2026-09-30 09:56); other modules not verified,MUTAG/sources/legacy_fb_cs-cl-18/count_distance_3seed/mutag/cache_prep/seed_0
GraphVAE-REQ,MUTAG,GraphVAE-REQ,GraphVAE+RG motif=True full_matrix (lambda=0.1),mutag-smoothed-full-matrix-20k,0,2026-08-25 19:42,9f01785b4,"inferred (low): run predates every commit with this main.py, so the code was committed after the run; first such commit shown","main, feat/defog-baseline, feat/defog-fair-benchmark, feat/motif-core-v1, main",run started from a copy without .git; main.py arguments identical in 55 commits from 9f01785b4 (2026-08-26 05:07) to bc16804e3 (2026-09-30 09:56); other modules not verified,MUTAG/sources/legacy_fb_cs-cl-18/multihop_smoothed/mutag/full_matrix/seed_0
GraphVAE-REQ,MUTAG,GraphVAE-REQ,GraphVAE+RG motif=True full_matrix (lambda=0.1),mutag-smoothed-full-matrix-20k,1,2026-08-25 19:42,9f01785b4,"inferred (low): run predates every commit with this main.py, so the code was committed after the run; first such commit shown","main, feat/defog-baseline, feat/defog-fair-benchmark, feat/motif-core-v1, main",run started from a copy without .git; main.py arguments identical in 55 commits from 9f01785b4 (2026-08-26 05:07) to bc16804e3 (2026-09-30 09:56); other modules not verified,MUTAG/sources/legacy_fb_cs-cl-18/multihop_smoothed/mutag/full_matrix/seed_1
GraphVAE-REQ,MUTAG,GraphVAE-REQ,GraphVAE+RG motif=True full_matrix (lambda=0.1),mutag-smoothed-full-matrix-20k,2,2026-08-29 14:46,90ee5d6bd,inferred: newest commit before the run with an identical main.py argument set,"main, feat/defog-baseline, feat/defog-fair-benchmark, feat/motif-core-v1, main",run started from a copy without .git; main.py arguments identical in 55 commits from 9f01785b4 (2026-08-26 05:07) to bc16804e3 (2026-09-30 09:56); other modules not verified,MUTAG/sources/legacy_fb_cs-cl-18/multihop_smoothed/mutag/full_matrix/seed_2
GraphVAE-REQ,MUTAG,GraphVAE-REQ,GraphVAE+RG motif=True full_matrix (lambda=0.15),mutag-edgefeat-cpsmoothed-full-motif015-seed-0,0,2026-09-11 16:23,b7268544a,inferred: newest commit before the run with an identical main.py argument set,"main, feat/motif-core-v1, main",run started from a copy without .git; main.py arguments identical in 55 commits from 9f01785b4 (2026-08-26 05:07) to bc16804e3 (2026-09-30 09:56); other modules not verified,MUTAG/sources/cs-cl-18/mutag_edgefeat_weight_sweep_20260911/motif_015/runs/full_matrix/seed_0
GraphVAE-REQ,MUTAG,GraphVAE-REQ,GraphVAE+RG motif=True full_matrix (lambda=0.15),mutag-edgefeat-cpsmoothed-full-motif015-seed-1,1,2026-09-11 16:37,b7268544a,inferred: newest commit before the run with an identical main.py argument set,"main, feat/motif-core-v1, main",run started from a copy without .git; main.py arguments identical in 55 commits from 9f01785b4 (2026-08-26 05:07) to bc16804e3 (2026-09-30 09:56); other modules not verified,MUTAG/sources/cs-cl-19/mutag_edgefeat_weight_sweep_20260911/motif_015/runs/full_matrix/seed_1
GraphVAE-REQ,MUTAG,GraphVAE-REQ,GraphVAE+RG motif=True full_matrix (lambda=0.15),mutag-edgefeat-cpsmoothed-full-motif015-seed-2,2,2026-09-11 18:00,b7268544a,inferred: newest commit before the run with an identical main.py argument set,"main, feat/motif-core-v1, main",run started from a copy without .git; main.py arguments identical in 55 commits from 9f01785b4 (2026-08-26 05:07) to bc16804e3 (2026-09-30 09:56); other modules not verified,MUTAG/sources/cs-cl-09/mutag_edgefeat_weight_sweep_20260911/motif_015/runs/full_matrix/seed_2
GraphVAE-REQ,MUTAG,GraphVAE-REQ,GraphVAE+RG motif=True full_matrix (lambda=0.15),mutag-edgefeat-full-matrix-20k,0,2026-09-12 05:44,NOT IN GIT,exact argparse match to an on-disk copy,,adds --alpha_degree_distribution_loss and --alpha_edge_density_loss; code location: cs-cl-18 and cs-cl-19:/local-scratch2/mirzaei/mutag_edgefeat_campaign_20260910/source/GraphVAE-REQ/ (identical main.py also in cs-cl-18 aids_common_eval_10k_20260917/source/GraphVAE-REQ/),MUTAG/sources/cs-cl-18/mutag_edgefeat_campaign_20260910/source/GraphVAE-REQ/runs/mutag_topology_loss_smoke_20260912/seed_0
GraphVAE-REQ,MUTAG,GraphVAE-REQ,GraphVAE+RG motif=True full_matrix (lambda=0.15),mutag-edgefeat-full-matrix-topology-aware-20k,0,2026-09-12 06:42,NOT IN GIT,exact argparse match to an on-disk copy,,adds --alpha_degree_distribution_loss and --alpha_edge_density_loss; code location: cs-cl-18 and cs-cl-19:/local-scratch2/mirzaei/mutag_edgefeat_campaign_20260910/source/GraphVAE-REQ/ (identical main.py also in cs-cl-18 aids_common_eval_10k_20260917/source/GraphVAE-REQ/),MUTAG/sources/cs-cl-18/mutag_topology_aware_20260912/full_matrix/seed_0
GraphVAE-REQ,MUTAG,GraphVAE-REQ,GraphVAE+RG motif=True full_matrix (lambda=0.15),mutag-edgefeat-full-matrix-topology-aware-20k,1,2026-09-12 06:42,NOT IN GIT,exact argparse match to an on-disk copy,,adds --alpha_degree_distribution_loss and --alpha_edge_density_loss; code location: cs-cl-18 and cs-cl-19:/local-scratch2/mirzaei/mutag_edgefeat_campaign_20260910/source/GraphVAE-REQ/ (identical main.py also in cs-cl-18 aids_common_eval_10k_20260917/source/GraphVAE-REQ/),MUTAG/sources/cs-cl-19/mutag_topology_aware_20260912/full_matrix/seed_1
GraphVAE-REQ,MUTAG,GraphVAE-REQ,GraphVAE+RG motif=True full_matrix (lambda=0.15),mutag-edgefeat-full-matrix-topology-aware-20k,2,2026-09-12 06:42,NOT IN GIT,exact argparse match to an on-disk copy,,adds --alpha_degree_distribution_loss and --alpha_edge_density_loss; code location: cs-cl-18 and cs-cl-19:/local-scratch2/mirzaei/mutag_edgefeat_campaign_20260910/source/GraphVAE-REQ/ (identical main.py also in cs-cl-18 aids_common_eval_10k_20260917/source/GraphVAE-REQ/),MUTAG/sources/cs-cl-09/mutag_topology_aware_20260912/full_matrix/seed_2
GraphVAE-REQ,MUTAG,GraphVAE-REQ,GraphVAE+RG motif=True full_matrix (lambda=0.2),mutag-edgefeat-cpsmoothed-full-motif02-seed-0,0,2026-09-11 14:20,b7268544a,inferred: newest commit before the run with an identical main.py argument set,"main, feat/motif-core-v1, main",run started from a copy without .git; main.py arguments identical in 55 commits from 9f01785b4 (2026-08-26 05:07) to bc16804e3 (2026-09-30 09:56); other modules not verified,MUTAG/sources/cs-cl-18/mutag_edgefeat_motif02_3seed_20260911/runs/full_matrix/seed_0
GraphVAE-REQ,MUTAG,GraphVAE-REQ,GraphVAE+RG motif=True full_matrix (lambda=0.2),mutag-edgefeat-cpsmoothed-full-motif02-seed-1,1,2026-09-11 14:20,b7268544a,inferred: newest commit before the run with an identical main.py argument set,"main, feat/motif-core-v1, main",run started from a copy without .git; main.py arguments identical in 55 commits from 9f01785b4 (2026-08-26 05:07) to bc16804e3 (2026-09-30 09:56); other modules not verified,MUTAG/sources/cs-cl-19/mutag_edgefeat_motif02_3seed_20260911/runs/full_matrix/seed_1
GraphVAE-REQ,MUTAG,GraphVAE-REQ,GraphVAE+RG motif=True full_matrix (lambda=0.2),mutag-edgefeat-cpsmoothed-full-motif02-seed-2,2,2026-09-11 14:20,b7268544a,inferred: newest commit before the run with an identical main.py argument set,"main, feat/motif-core-v1, main",run started from a copy without .git; main.py arguments identical in 55 commits from 9f01785b4 (2026-08-26 05:07) to bc16804e3 (2026-09-30 09:56); other modules not verified,MUTAG/sources/cs-cl-09/mutag_edgefeat_motif02_3seed_20260911/runs/full_matrix/seed_2
GraphVAE-REQ,MUTAG,GraphVAE-REQ,GraphVAE+RG motif=True full_matrix (lambda=0.25),mutag-edgefeat-cpsmoothed-full-motif025-seed-0,0,2026-09-12 01:59,b7268544a,inferred: newest commit before the run with an identical main.py argument set,"main, feat/motif-core-v1, main",run started from a copy without .git; main.py arguments identical in 55 commits from 9f01785b4 (2026-08-26 05:07) to bc16804e3 (2026-09-30 09:56); other modules not verified,MUTAG/sources/cs-cl-18/mutag_edgefeat_motif025_3seed_20260912/runs/full_matrix/seed_0
GraphVAE-REQ,MUTAG,GraphVAE-REQ,GraphVAE+RG motif=True full_matrix (lambda=0.25),mutag-edgefeat-cpsmoothed-full-motif025-seed-1,1,2026-09-12 01:59,b7268544a,inferred: newest commit before the run with an identical main.py argument set,"main, feat/motif-core-v1, main",run started from a copy without .git; main.py arguments identical in 55 commits from 9f01785b4 (2026-08-26 05:07) to bc16804e3 (2026-09-30 09:56); other modules not verified,MUTAG/sources/cs-cl-19/mutag_edgefeat_motif025_3seed_20260912/runs/full_matrix/seed_1
GraphVAE-REQ,MUTAG,GraphVAE-REQ,GraphVAE+RG motif=True full_matrix (lambda=0.25),mutag-edgefeat-cpsmoothed-full-motif025-seed-2,2,2026-09-12 01:59,b7268544a,inferred: newest commit before the run with an identical main.py argument set,"main, feat/motif-core-v1, main",run started from a copy without .git; main.py arguments identical in 55 commits from 9f01785b4 (2026-08-26 05:07) to bc16804e3 (2026-09-30 09:56); other modules not verified,MUTAG/sources/cs-cl-09/mutag_edgefeat_motif025_3seed_20260912/runs/full_matrix/seed_2
GraphVAE-REQ,MUTAG,GraphVAE-REQ,GraphVAE+RG motif=True full_matrix (lambda=0.3),mutag-edgefeat-cpsmoothed-full-motif030-seed-0,0,2026-09-11 17:23,b7268544a,inferred: newest commit before the run with an identical main.py argument set,"main, feat/motif-core-v1, main",run started from a copy without .git; main.py arguments identical in 55 commits from 9f01785b4 (2026-08-26 05:07) to bc16804e3 (2026-09-30 09:56); other modules not verified,MUTAG/sources/cs-cl-18/mutag_edgefeat_weight_sweep_20260911/motif_030/runs/full_matrix/seed_0
GraphVAE-REQ,MUTAG,GraphVAE-REQ,GraphVAE+RG motif=True full_matrix (lambda=0.3),mutag-edgefeat-cpsmoothed-full-motif030-seed-1,1,2026-09-11 17:40,b7268544a,inferred: newest commit before the run with an identical main.py argument set,"main, feat/motif-core-v1, main",run started from a copy without .git; main.py arguments identical in 55 commits from 9f01785b4 (2026-08-26 05:07) to bc16804e3 (2026-09-30 09:56); other modules not verified,MUTAG/sources/cs-cl-19/mutag_edgefeat_weight_sweep_20260911/motif_030/runs/full_matrix/seed_1
GraphVAE-REQ,MUTAG,GraphVAE-REQ,GraphVAE+RG motif=True full_matrix (lambda=0.3),mutag-edgefeat-cpsmoothed-full-motif030-seed-2,2,2026-09-11 19:43,b7268544a,inferred: newest commit before the run with an identical main.py argument set,"main, feat/motif-core-v1, main",run started from a copy without .git; main.py arguments identical in 55 commits from 9f01785b4 (2026-08-26 05:07) to bc16804e3 (2026-09-30 09:56); other modules not verified,MUTAG/sources/cs-cl-09/mutag_edgefeat_weight_sweep_20260911/motif_030/runs/full_matrix/seed_2
GraphVAE-REQ,MUTAG,GraphVAE-REQ,GraphVAE+RG motif=True full_matrix (lambda=0.75),mutag-edgefeat-full-matrix-20k,0,2026-09-12 15:04,NOT IN GIT,exact argparse match to an on-disk copy,,adds --alpha_degree_distribution_loss and --alpha_edge_density_loss; code location: cs-cl-18 and cs-cl-19:/local-scratch2/mirzaei/mutag_edgefeat_campaign_20260910/source/GraphVAE-REQ/ (identical main.py also in cs-cl-18 aids_common_eval_10k_20260917/source/GraphVAE-REQ/),MUTAG/sources/cs-cl-09/mutag_motif_weight_075_20260912/full_matrix/seed_0
GraphVAE-REQ,MUTAG,GraphVAE-REQ,GraphVAE+RG motif=True full_matrix (lambda=1.5),mutag-edgefeat-full-cpsmoothed-motif15-seed0,0,2026-09-13 00:36,NOT IN GIT,exact argparse match to an on-disk copy,,adds --alpha_degree_distribution_loss and --alpha_edge_density_loss; code location: cs-cl-18 and cs-cl-19:/local-scratch2/mirzaei/mutag_edgefeat_campaign_20260910/source/GraphVAE-REQ/ (identical main.py also in cs-cl-18 aids_common_eval_10k_20260917/source/GraphVAE-REQ/),MUTAG/sources/cs-cl-09/mutag_motif_weight_15_20260913/full_matrix/seed_0
,MUTAG,LGD,LGD (LGD_3SEED_CAMPAIGN_20260920),GraphVAEReq-diffusion-MUTAG_seed0,,2026-09-20,zhouc20/LatentGraphDiffusion f597e1d + local changes,exact (campaign repo state),,OLD campaign with the epoch-0 encoder-selection bug; superseded by LGD_FIX_20260924,MUTAG/experiments/lgd/GraphVAEReq-diffusion-MUTAG_seed0
,MUTAG,LGD,LGD (LGD_3SEED_CAMPAIGN_20260920),GraphVAEReq-diffusion-MUTAG_seed1,,2026-09-20,zhouc20/LatentGraphDiffusion f597e1d + local changes,exact (campaign repo state),,OLD campaign with the epoch-0 encoder-selection bug; superseded by LGD_FIX_20260924,MUTAG/experiments/lgd/GraphVAEReq-diffusion-MUTAG_seed1
,MUTAG,LGD,LGD (LGD_3SEED_CAMPAIGN_20260920),GraphVAEReq-diffusion-MUTAG_seed2,,2026-09-20,zhouc20/LatentGraphDiffusion f597e1d + local changes,exact (campaign repo state),,OLD campaign with the epoch-0 encoder-selection bug; superseded by LGD_FIX_20260924,MUTAG/experiments/lgd/GraphVAEReq-diffusion-MUTAG_seed2
,MUTAG,LGD,LGD (LGD_3SEED_CAMPAIGN_20260920),GraphVAEReq-encoder-MUTAG_seed0,,2026-09-20,zhouc20/LatentGraphDiffusion f597e1d + local changes,exact (campaign repo state),,OLD campaign with the epoch-0 encoder-selection bug; superseded by LGD_FIX_20260924,MUTAG/experiments/lgd/GraphVAEReq-encoder-MUTAG_seed0
,MUTAG,LGD,LGD (LGD_3SEED_CAMPAIGN_20260920),GraphVAEReq-encoder-MUTAG_seed1,,2026-09-20,zhouc20/LatentGraphDiffusion f597e1d + local changes,exact (campaign repo state),,OLD campaign with the epoch-0 encoder-selection bug; superseded by LGD_FIX_20260924,MUTAG/experiments/lgd/GraphVAEReq-encoder-MUTAG_seed1
,MUTAG,LGD,LGD (LGD_3SEED_CAMPAIGN_20260920),GraphVAEReq-encoder-MUTAG_seed2,,2026-09-20,zhouc20/LatentGraphDiffusion f597e1d + local changes,exact (campaign repo state),,OLD campaign with the epoch-0 encoder-selection bug; superseded by LGD_FIX_20260924,MUTAG/experiments/lgd/GraphVAEReq-encoder-MUTAG_seed2
,MUTAG,LGD,LGD (LGD_3SEED_CAMPAIGN_20260920),frozen_dataset,,2026-09-20,zhouc20/LatentGraphDiffusion f597e1d + local changes,exact (campaign repo state),,OLD campaign with the epoch-0 encoder-selection bug; superseded by LGD_FIX_20260924,MUTAG/experiments/lgd/frozen_dataset
,MUTAG,LGD,LGD (LGD_3SEED_CAMPAIGN_20260920),source_cs-cl-16,,2026-09-20,zhouc20/LatentGraphDiffusion f597e1d + local changes,exact (campaign repo state),,OLD campaign with the epoch-0 encoder-selection bug; superseded by LGD_FIX_20260924,MUTAG/experiments/lgd/source_cs-cl-16
,MUTAG,LGD,LGD (LGD_3SEED_CAMPAIGN_20260920),source_cs-cl-18,,2026-09-20,zhouc20/LatentGraphDiffusion f597e1d + local changes,exact (campaign repo state),,OLD campaign with the epoch-0 encoder-selection bug; superseded by LGD_FIX_20260924,MUTAG/experiments/lgd/source_cs-cl-18
defog,OGB,DeFoG,DeFoG,evaluations/defog_seed_0,,2026-09-22 07:10,"c631697 (campaign pin, not recorded per run)",inferred from campaign,feat/frozen-graphvae-benchmark,MirzaeiSfu/defog fork,OGB/evaluations/defog_seed_0
defog,OGB,DeFoG,DeFoG,evaluations/defog_seed_1,,2026-09-22 06:34,"c631697 (campaign pin, not recorded per run)",inferred from campaign,feat/frozen-graphvae-benchmark,MirzaeiSfu/defog fork,OGB/evaluations/defog_seed_1
defog,OGB,DeFoG,DeFoG,evaluations/defog_seed_2,,2026-09-22 07:10,"c631697 (campaign pin, not recorded per run)",inferred from campaign,feat/frozen-graphvae-benchmark,MirzaeiSfu/defog fork,OGB/evaluations/defog_seed_2
defog,OGB,DeFoG,DeFoG,sources/cs-cl-13/defog_ogbg_3seed_20260920/runs/seed_0,,2026-09-20 11:18,"c631697 (campaign pin, not recorded per run)",inferred from campaign,feat/frozen-graphvae-benchmark,MirzaeiSfu/defog fork,OGB/sources/cs-cl-13/defog_ogbg_3seed_20260920/runs/seed_0
defog,OGB,DeFoG,DeFoG,sources/cs-cl-13/defog_ogbg_3seed_20260920/runs/seed_0_vizfix,,2026-09-20 14:45,"c631697 (campaign pin, not recorded per run)",inferred from campaign,feat/frozen-graphvae-benchmark,MirzaeiSfu/defog fork,OGB/sources/cs-cl-13/defog_ogbg_3seed_20260920/runs/seed_0_vizfix
defog,OGB,DeFoG,DeFoG,sources/cs-cl-13/defog_ogbg_3seed_20260920/runs/seed_1,,2026-09-20 11:18,"c631697 (campaign pin, not recorded per run)",inferred from campaign,feat/frozen-graphvae-benchmark,MirzaeiSfu/defog fork,OGB/sources/cs-cl-13/defog_ogbg_3seed_20260920/runs/seed_1
defog,OGB,DeFoG,DeFoG,sources/cs-cl-13/defog_ogbg_3seed_20260920/runs/seed_1_vizfix,,2026-09-20 14:45,"c631697 (campaign pin, not recorded per run)",inferred from campaign,feat/frozen-graphvae-benchmark,MirzaeiSfu/defog fork,OGB/sources/cs-cl-13/defog_ogbg_3seed_20260920/runs/seed_1_vizfix
defog,OGB,DeFoG,DeFoG,sources/cs-cl-13/defog_ogbg_3seed_20260920/runs/seed_2,,2026-09-20 11:43,"c631697 (campaign pin, not recorded per run)",inferred from campaign,feat/frozen-graphvae-benchmark,MirzaeiSfu/defog fork,OGB/sources/cs-cl-13/defog_ogbg_3seed_20260920/runs/seed_2
defog,OGB,DeFoG,DeFoG,sources/cs-cl-13/defog_ogbg_3seed_20260920/runs/seed_2_vizfix,,2026-09-20 14:55,"c631697 (campaign pin, not recorded per run)",inferred from campaign,feat/frozen-graphvae-benchmark,MirzaeiSfu/defog fork,OGB/sources/cs-cl-13/defog_ogbg_3seed_20260920/runs/seed_2_vizfix
defog,OGB,DeFoG,DeFoG,sources/cs-cl-17/defog_ogbg_3seed_20260920/runs/seed_0,,2026-09-20 11:18,"c631697 (campaign pin, not recorded per run)",inferred from campaign,feat/frozen-graphvae-benchmark,MirzaeiSfu/defog fork,OGB/sources/cs-cl-17/defog_ogbg_3seed_20260920/runs/seed_0
defog,OGB,DeFoG,DeFoG,sources/cs-cl-17/defog_ogbg_3seed_20260920/runs/seed_0_vizfix,,2026-09-20 14:45,"c631697 (campaign pin, not recorded per run)",inferred from campaign,feat/frozen-graphvae-benchmark,MirzaeiSfu/defog fork,OGB/sources/cs-cl-17/defog_ogbg_3seed_20260920/runs/seed_0_vizfix
defog,OGB,DeFoG,DeFoG,sources/cs-cl-17/defog_ogbg_3seed_20260920/runs/seed_1,,2026-09-20 11:18,"c631697 (campaign pin, not recorded per run)",inferred from campaign,feat/frozen-graphvae-benchmark,MirzaeiSfu/defog fork,OGB/sources/cs-cl-17/defog_ogbg_3seed_20260920/runs/seed_1
defog,OGB,DeFoG,DeFoG,sources/cs-cl-17/defog_ogbg_3seed_20260920/runs/seed_1_vizfix,,2026-09-20 14:45,"c631697 (campaign pin, not recorded per run)",inferred from campaign,feat/frozen-graphvae-benchmark,MirzaeiSfu/defog fork,OGB/sources/cs-cl-17/defog_ogbg_3seed_20260920/runs/seed_1_vizfix
defog,OGB,DeFoG,DeFoG,sources/cs-cl-17/defog_ogbg_3seed_20260920/runs/seed_2,,2026-09-20 11:43,"c631697 (campaign pin, not recorded per run)",inferred from campaign,feat/frozen-graphvae-benchmark,MirzaeiSfu/defog fork,OGB/sources/cs-cl-17/defog_ogbg_3seed_20260920/runs/seed_2
defog,OGB,DeFoG,DeFoG,sources/cs-cl-18/defog_ogbg_3seed_20260920/runs/seed_2,,2026-09-20 08:20,"c631697 (campaign pin, not recorded per run)",inferred from campaign,feat/frozen-graphvae-benchmark,MirzaeiSfu/defog fork,OGB/sources/cs-cl-18/defog_ogbg_3seed_20260920/runs/seed_2
defog,OGB,DeFoG,DeFoG,sources/cs-cl-19/defog_ogbg_3seed_20260920/runs/seed_0,,2026-09-20 08:20,"c631697 (campaign pin, not recorded per run)",inferred from campaign,feat/frozen-graphvae-benchmark,MirzaeiSfu/defog fork,OGB/sources/cs-cl-19/defog_ogbg_3seed_20260920/runs/seed_0
defog,OGB,DeFoG,DeFoG,sources/cs-cl-19/defog_ogbg_3seed_20260920/runs/seed_1,,2026-09-20 08:28,"c631697 (campaign pin, not recorded per run)",inferred from campaign,feat/frozen-graphvae-benchmark,MirzaeiSfu/defog fork,OGB/sources/cs-cl-19/defog_ogbg_3seed_20260920/runs/seed_1
GraphVAE-REQ,OGB,GraphVAE-REQ,GraphVAE (motif=False),ogbg-molbbbp-graphvae,0,2026-07-12 09:03,2a80b0aa0,"inferred (low): run predates every commit with this main.py, so the code was committed after the run; first such commit shown","main, feat/attr-f1pr-bayesian-optimization, feat/defog-baseline, feat/defog-fair",run started from a copy without .git; main.py arguments identical in 1 commits from 2a80b0aa0 (2026-07-12 11:38) to 2a80b0aa0 (2026-07-12 11:38); other modules not verified,OGB/sources/cs-cl-17/ogb_vram_20260712_083826/GraphVAE-REQ-main-check/runs/ogb_normal_timing_3ep/out/seed_0
GraphVAE-REQ,OGB,GraphVAE-REQ,GraphVAE (motif=False),ogbg-molbbbp-table2-01-graphvae,0,2026-07-12 17:26,2a80b0aa0,inferred: newest commit before the run with an identical main.py argument set,"main, feat/attr-f1pr-bayesian-optimization, feat/defog-baseline, feat/defog-fair",run started from a copy without .git; main.py arguments identical in 1 commits from 2a80b0aa0 (2026-07-12 11:38) to 2a80b0aa0 (2026-07-12 11:38); other modules not verified,OGB/sources/gather/setting_01/seed_0
GraphVAE-REQ,OGB,GraphVAE-REQ,GraphVAE (motif=False),ogbg-molbbbp-table2-01-graphvae,1,2026-07-12 17:26,2a80b0aa0,inferred: newest commit before the run with an identical main.py argument set,"main, feat/attr-f1pr-bayesian-optimization, feat/defog-baseline, feat/defog-fair",run started from a copy without .git; main.py arguments identical in 1 commits from 2a80b0aa0 (2026-07-12 11:38) to 2a80b0aa0 (2026-07-12 11:38); other modules not verified,OGB/sources/gather/setting_01/seed_1
GraphVAE-REQ,OGB,GraphVAE-REQ,GraphVAE (motif=False),ogbg-molbbbp-table2-01-graphvae,2,2026-07-12 17:27,2a80b0aa0,inferred: newest commit before the run with an identical main.py argument set,"main, feat/attr-f1pr-bayesian-optimization, feat/defog-baseline, feat/defog-fair",run started from a copy without .git; main.py arguments identical in 1 commits from 2a80b0aa0 (2026-07-12 11:38) to 2a80b0aa0 (2026-07-12 11:38); other modules not verified,OGB/sources/gather/setting_01/seed_2
GraphVAE-REQ,OGB,GraphVAE-REQ,GraphVAE+RG motif=True (mode option not yet in code) (lambda=0.0),ogbg-molbbbp-graphvae,0,2026-07-12 08:50,2a80b0aa0,"inferred (low): run predates every commit with this main.py, so the code was committed after the run; first such commit shown","main, feat/attr-f1pr-bayesian-optimization, feat/defog-baseline, feat/defog-fair",run started from a copy without .git; main.py arguments identical in 1 commits from 2a80b0aa0 (2026-07-12 11:38) to 2a80b0aa0 (2026-07-12 11:38); other modules not verified,OGB/sources/cs-cl-17/ogb_vram_20260712_083826/GraphVAE-REQ-main-check/runs/ogb_timing_2ep_bs50/out/seed_0
GraphVAE-REQ,OGB,GraphVAE-REQ,GraphVAE+RG motif=True (mode option not yet in code) (lambda=0.0),ogbg-molbbbp-graphvae,0,2026-07-12 08:49,2a80b0aa0,"inferred (low): run predates every commit with this main.py, so the code was committed after the run; first such commit shown","main, feat/attr-f1pr-bayesian-optimization, feat/defog-baseline, feat/defog-fair",run started from a copy without .git; main.py arguments identical in 1 commits from 2a80b0aa0 (2026-07-12 11:38) to 2a80b0aa0 (2026-07-12 11:38); other modules not verified,OGB/sources/cs-cl-17/ogb_vram_20260712_083826/GraphVAE-REQ-main-check/runs/ogb_timing_5ep/out/seed_0
GraphVAE-REQ,OGB,GraphVAE-REQ,GraphVAE+RG motif=True (mode option not yet in code) (lambda=0.0),ogbg-molbbbp-graphvae,0,2026-07-12 08:40,2a80b0aa0,"inferred (low): run predates every commit with this main.py, so the code was committed after the run; first such commit shown","main, feat/attr-f1pr-bayesian-optimization, feat/defog-baseline, feat/defog-fair",run started from a copy without .git; main.py arguments identical in 1 commits from 2a80b0aa0 (2026-07-12 11:38) to 2a80b0aa0 (2026-07-12 11:38); other modules not verified,OGB/sources/cs-cl-17/ogb_vram_20260712_083826/GraphVAE-REQ-main-check/runs/ogb_vram_benchmark/out/seed_0
GraphVAE-REQ,OGB,GraphVAE-REQ,GraphVAE+RG motif=True (mode option not yet in code) (lambda=0.0),ogbg-molbbbp-graphvae,0,2026-07-12 08:42,2a80b0aa0,"inferred (low): run predates every commit with this main.py, so the code was committed after the run; first such commit shown","main, feat/attr-f1pr-bayesian-optimization, feat/defog-baseline, feat/defog-fair",run started from a copy without .git; main.py arguments identical in 1 commits from 2a80b0aa0 (2026-07-12 11:38) to 2a80b0aa0 (2026-07-12 11:38); other modules not verified,OGB/sources/cs-cl-17/ogb_vram_20260712_083826/GraphVAE-REQ-main-check/runs/ogb_vram_benchmark_99/out/seed_0
GraphVAE-REQ,OGB,GraphVAE-REQ,GraphVAE+RG motif=True (mode option not yet in code) (lambda=0.0),ogbg-molbbbp-graphvae,0,2026-07-12 08:36,2a80b0aa0,"inferred (low): run predates every commit with this main.py, so the code was committed after the run; first such commit shown","main, feat/attr-f1pr-bayesian-optimization, feat/defog-baseline, feat/defog-fair",run started from a copy without .git; main.py arguments identical in 1 commits from 2a80b0aa0 (2026-07-12 11:38) to 2a80b0aa0 (2026-07-12 11:38); other modules not verified,OGB/sources/cs-cl-17/ogb_vram_benchmark/GraphVAE-REQ-main-check/runs/ogb_vram_benchmark/out/seed_0
GraphVAE-REQ,OGB,GraphVAE-REQ,GraphVAE+RG motif=True (mode option not yet in code) (lambda=0.1),ogbg-molbbbp-table2-03-graphvae-motif-original-no-temp,0,2026-07-14 08:41,2a80b0aa0,inferred: newest commit before the run with an identical main.py argument set,"main, feat/attr-f1pr-bayesian-optimization, feat/defog-baseline, feat/defog-fair",run started from a copy without .git; main.py arguments identical in 1 commits from 2a80b0aa0 (2026-07-12 11:38) to 2a80b0aa0 (2026-07-12 11:38); other modules not verified,OGB/sources/cs-cl-17/ogb_table2_20260712/GraphVAE-REQ-main-check/runs/cluster_tests/ogbg_molbbbp_table2/03_graphvae_motif_original_no_temp/seed_0
GraphVAE-REQ,OGB,GraphVAE-REQ,GraphVAE+RG motif=True (mode option not yet in code) (lambda=0.1),ogbg-molbbbp-table2-03-graphvae-motif-original-no-temp,0,2026-07-14 08:39,2a80b0aa0,inferred: newest commit before the run with an identical main.py argument set,"main, feat/attr-f1pr-bayesian-optimization, feat/defog-baseline, feat/defog-fair",run started from a copy without .git; main.py arguments identical in 1 commits from 2a80b0aa0 (2026-07-12 11:38) to 2a80b0aa0 (2026-07-12 11:38); other modules not verified,OGB/sources/cs-cl-17/ogb_table2_20260712/GraphVAE-REQ-main-check/runs/cluster_tests/ogbg_molbbbp_table2/03_graphvae_motif_original_no_temp/seed_0_corrupt_shared_cache_20260714
GraphVAE-REQ,OGB,GraphVAE-REQ,GraphVAE+RG motif=True (mode option not yet in code) (lambda=0.1),ogbg-molbbbp-table2-03-graphvae-motif-original-no-temp,0,2026-07-14 08:29,2a80b0aa0,inferred: newest commit before the run with an identical main.py argument set,"main, feat/attr-f1pr-bayesian-optimization, feat/defog-baseline, feat/defog-fair",run started from a copy without .git; main.py arguments identical in 1 commits from 2a80b0aa0 (2026-07-12 11:38) to 2a80b0aa0 (2026-07-12 11:38); other modules not verified,OGB/sources/cs-cl-17/ogb_table2_20260712/GraphVAE-REQ-main-check/runs/cluster_tests/ogbg_molbbbp_table2/03_graphvae_motif_original_no_temp/seed_0_wrong_batch1000_20260714
GraphVAE-REQ,OGB,GraphVAE-REQ,GraphVAE+RG motif=True (mode option not yet in code) (lambda=0.1),ogbg-molbbbp-table2-03-graphvae-motif-original-no-temp,0,2026-07-14 08:41,2a80b0aa0,inferred: newest commit before the run with an identical main.py argument set,"main, feat/attr-f1pr-bayesian-optimization, feat/defog-baseline, feat/defog-fair",run started from a copy without .git; main.py arguments identical in 1 commits from 2a80b0aa0 (2026-07-12 11:38) to 2a80b0aa0 (2026-07-12 11:38); other modules not verified,OGB/sources/gather/setting_03/seed_0
GraphVAE-REQ,OGB,GraphVAE-REQ,GraphVAE+RG motif=True (mode option not yet in code) (lambda=0.1),ogbg-molbbbp-table2-03-graphvae-motif-original-no-temp,1,2026-07-12 18:12,2a80b0aa0,inferred: newest commit before the run with an identical main.py argument set,"main, feat/attr-f1pr-bayesian-optimization, feat/defog-baseline, feat/defog-fair",run started from a copy without .git; main.py arguments identical in 1 commits from 2a80b0aa0 (2026-07-12 11:38) to 2a80b0aa0 (2026-07-12 11:38); other modules not verified,OGB/sources/gather/setting_03/seed_1
GraphVAE-REQ,OGB,GraphVAE-REQ,GraphVAE+RG motif=True (mode option not yet in code) (lambda=0.1),ogbg-molbbbp-table2-03-graphvae-motif-original-no-temp,2,2026-07-14 08:41,2a80b0aa0,inferred: newest commit before the run with an identical main.py argument set,"main, feat/attr-f1pr-bayesian-optimization, feat/defog-baseline, feat/defog-fair",run started from a copy without .git; main.py arguments identical in 1 commits from 2a80b0aa0 (2026-07-12 11:38) to 2a80b0aa0 (2026-07-12 11:38); other modules not verified,OGB/sources/cs-cl-17/ogb_table2_20260712/GraphVAE-REQ-main-check/runs/cluster_tests/ogbg_molbbbp_table2/03_graphvae_motif_original_no_temp/seed_2
GraphVAE-REQ,OGB,GraphVAE-REQ,GraphVAE+RG motif=True (mode option not yet in code) (lambda=0.1),ogbg-molbbbp-table2-03-graphvae-motif-original-no-temp,2,2026-07-14 08:39,2a80b0aa0,inferred: newest commit before the run with an identical main.py argument set,"main, feat/attr-f1pr-bayesian-optimization, feat/defog-baseline, feat/defog-fair",run started from a copy without .git; main.py arguments identical in 1 commits from 2a80b0aa0 (2026-07-12 11:38) to 2a80b0aa0 (2026-07-12 11:38); other modules not verified,OGB/sources/cs-cl-17/ogb_table2_20260712/GraphVAE-REQ-main-check/runs/cluster_tests/ogbg_molbbbp_table2/03_graphvae_motif_original_no_temp/seed_2_corrupt_shared_cache_20260714
GraphVAE-REQ,OGB,GraphVAE-REQ,GraphVAE+RG motif=True (mode option not yet in code) (lambda=0.1),ogbg-molbbbp-table2-03-graphvae-motif-original-no-temp,2,2026-07-14 08:29,2a80b0aa0,inferred: newest commit before the run with an identical main.py argument set,"main, feat/attr-f1pr-bayesian-optimization, feat/defog-baseline, feat/defog-fair",run started from a copy without .git; main.py arguments identical in 1 commits from 2a80b0aa0 (2026-07-12 11:38) to 2a80b0aa0 (2026-07-12 11:38); other modules not verified,OGB/sources/cs-cl-17/ogb_table2_20260712/GraphVAE-REQ-main-check/runs/cluster_tests/ogbg_molbbbp_table2/03_graphvae_motif_original_no_temp/seed_2_wrong_batch1000_20260714
GraphVAE-REQ,OGB,GraphVAE-REQ,GraphVAE+RG motif=True (mode option not yet in code) (lambda=0.1),ogbg-molbbbp-table2-03-graphvae-motif-original-no-temp,2,2026-07-14 08:41,2a80b0aa0,inferred: newest commit before the run with an identical main.py argument set,"main, feat/attr-f1pr-bayesian-optimization, feat/defog-baseline, feat/defog-fair",run started from a copy without .git; main.py arguments identical in 1 commits from 2a80b0aa0 (2026-07-12 11:38) to 2a80b0aa0 (2026-07-12 11:38); other modules not verified,OGB/sources/gather/setting_03/seed_2
GraphVAE-REQ,OGB,GraphVAE-REQ,GraphVAE+RG motif=True (mode option not yet in code) (lambda=0.1),ogbg-molbbbp-table2-06-graphvae-motif-original-temp,1,2026-07-12 17:29,2a80b0aa0,inferred: newest commit before the run with an identical main.py argument set,"main, feat/attr-f1pr-bayesian-optimization, feat/defog-baseline, feat/defog-fair",run started from a copy without .git; main.py arguments identical in 1 commits from 2a80b0aa0 (2026-07-12 11:38) to 2a80b0aa0 (2026-07-12 11:38); other modules not verified,OGB/sources/cs-cl-17/ogb_table2_20260712/GraphVAE-REQ-main-check/runs/cluster_tests/ogbg_molbbbp_table2/06_graphvae_motif_original_temp/seed_1
GraphVAE-REQ,OGB,GraphVAE-REQ,GraphVAE+RG motif=True (mode option not yet in code) (lambda=0.1),ogbg-molbbbp-table2-06-graphvae-motif-original-temp,1,2026-07-12 17:29,2a80b0aa0,inferred: newest commit before the run with an identical main.py argument set,"main, feat/attr-f1pr-bayesian-optimization, feat/defog-baseline, feat/defog-fair",run started from a copy without .git; main.py arguments identical in 1 commits from 2a80b0aa0 (2026-07-12 11:38) to 2a80b0aa0 (2026-07-12 11:38); other modules not verified,OGB/sources/gather/setting_06/seed_1
GraphVAE-REQ,OGB,GraphVAE-REQ,GraphVAE+RG motif=True (mode option not yet in code) (lambda=0.1),ogbg-molbbbp-table2-06-graphvae-motif-original-temp,2,2026-07-12 17:29,2a80b0aa0,inferred: newest commit before the run with an identical main.py argument set,"main, feat/attr-f1pr-bayesian-optimization, feat/defog-baseline, feat/defog-fair",run started from a copy without .git; main.py arguments identical in 1 commits from 2a80b0aa0 (2026-07-12 11:38) to 2a80b0aa0 (2026-07-12 11:38); other modules not verified,OGB/sources/cs-cl-17/ogb_table2_20260712/GraphVAE-REQ-main-check/runs/cluster_tests/ogbg_molbbbp_table2/06_graphvae_motif_original_temp/seed_2
GraphVAE-REQ,OGB,GraphVAE-REQ,GraphVAE+RG motif=True (mode option not yet in code) (lambda=0.1),ogbg-molbbbp-table2-06-graphvae-motif-original-temp,2,2026-07-12 17:29,2a80b0aa0,inferred: newest commit before the run with an identical main.py argument set,"main, feat/attr-f1pr-bayesian-optimization, feat/defog-baseline, feat/defog-fair",run started from a copy without .git; main.py arguments identical in 1 commits from 2a80b0aa0 (2026-07-12 11:38) to 2a80b0aa0 (2026-07-12 11:38); other modules not verified,OGB/sources/gather/setting_06/seed_2
defog,PROTEINS,DeFoG,DeFoG,defog/campaign/final_eval/seed_0,,2026-09-11 14:32,"c631697 (campaign pin, not recorded per run)",inferred from campaign,feat/frozen-graphvae-benchmark,MirzaeiSfu/defog fork,PROTEINS/defog/campaign/final_eval/seed_0
defog,PROTEINS,DeFoG,DeFoG,defog/campaign/final_eval/seed_1,,2026-09-11 14:45,"c631697 (campaign pin, not recorded per run)",inferred from campaign,feat/frozen-graphvae-benchmark,MirzaeiSfu/defog fork,PROTEINS/defog/campaign/final_eval/seed_1
defog,PROTEINS,DeFoG,DeFoG,defog/campaign/final_eval/seed_2,,2026-09-11 14:45,"c631697 (campaign pin, not recorded per run)",inferred from campaign,feat/frozen-graphvae-benchmark,MirzaeiSfu/defog fork,PROTEINS/defog/campaign/final_eval/seed_2
defog,PROTEINS,DeFoG,DeFoG,defog/campaign/runs/seed_0,,2026-09-10 07:07,"c631697 (campaign pin, not recorded per run)",inferred from campaign,feat/frozen-graphvae-benchmark,MirzaeiSfu/defog fork,PROTEINS/defog/campaign/runs/seed_0
defog,PROTEINS,DeFoG,DeFoG,defog/campaign/runs/seed_1,,2026-09-10 07:07,"c631697 (campaign pin, not recorded per run)",inferred from campaign,feat/frozen-graphvae-benchmark,MirzaeiSfu/defog fork,PROTEINS/defog/campaign/runs/seed_1
defog,PROTEINS,DeFoG,DeFoG,defog/campaign/runs/seed_2,,2026-09-10 07:07,"c631697 (campaign pin, not recorded per run)",inferred from campaign,feat/frozen-graphvae-benchmark,MirzaeiSfu/defog fork,PROTEINS/defog/campaign/runs/seed_2
defog,PROTEINS,DeFoG,DeFoG,defog/corrected_generation_20260922/seed_0,,2026-09-22 07:36,"c631697 (campaign pin, not recorded per run)",inferred from campaign,feat/frozen-graphvae-benchmark,MirzaeiSfu/defog fork,PROTEINS/defog/corrected_generation_20260922/seed_0
defog,PROTEINS,DeFoG,DeFoG,defog/corrected_generation_20260922/seed_1,,2026-09-22 07:32,"c631697 (campaign pin, not recorded per run)",inferred from campaign,feat/frozen-graphvae-benchmark,MirzaeiSfu/defog fork,PROTEINS/defog/corrected_generation_20260922/seed_1
defog,PROTEINS,DeFoG,DeFoG,defog/corrected_generation_20260922/seed_2,,2026-09-22 08:35,"c631697 (campaign pin, not recorded per run)",inferred from campaign,feat/frozen-graphvae-benchmark,MirzaeiSfu/defog fork,PROTEINS/defog/corrected_generation_20260922/seed_2
defog,PROTEINS,DeFoG,DeFoG,sources/cs-cl-09/proteins_defog_3seed_20260910/final_eval/seed_2,,2026-09-11 14:45,"c631697 (campaign pin, not recorded per run)",inferred from campaign,feat/frozen-graphvae-benchmark,MirzaeiSfu/defog fork,PROTEINS/sources/cs-cl-09/proteins_defog_3seed_20260910/final_eval/seed_2
defog,PROTEINS,DeFoG,DeFoG,sources/cs-cl-09/proteins_defog_3seed_20260910/runs/seed_2,,2026-09-10 07:07,"c631697 (campaign pin, not recorded per run)",inferred from campaign,feat/frozen-graphvae-benchmark,MirzaeiSfu/defog fork,PROTEINS/sources/cs-cl-09/proteins_defog_3seed_20260910/runs/seed_2
defog,PROTEINS,DeFoG,DeFoG,sources/cs-cl-18/proteins_defog_3seed_20260910/final_eval/seed_0,,2026-09-11 14:32,"c631697 (campaign pin, not recorded per run)",inferred from campaign,feat/frozen-graphvae-benchmark,MirzaeiSfu/defog fork,PROTEINS/sources/cs-cl-18/proteins_defog_3seed_20260910/final_eval/seed_0
defog,PROTEINS,DeFoG,DeFoG,sources/cs-cl-18/proteins_defog_3seed_20260910/runs/seed_0,,2026-09-10 07:07,"c631697 (campaign pin, not recorded per run)",inferred from campaign,feat/frozen-graphvae-benchmark,MirzaeiSfu/defog fork,PROTEINS/sources/cs-cl-18/proteins_defog_3seed_20260910/runs/seed_0
defog,PROTEINS,DeFoG,DeFoG,sources/cs-cl-19/proteins_defog_3seed_20260910/final_eval/seed_1,,2026-09-11 14:45,"c631697 (campaign pin, not recorded per run)",inferred from campaign,feat/frozen-graphvae-benchmark,MirzaeiSfu/defog fork,PROTEINS/sources/cs-cl-19/proteins_defog_3seed_20260910/final_eval/seed_1
defog,PROTEINS,DeFoG,DeFoG,sources/cs-cl-19/proteins_defog_3seed_20260910/runs/seed_1,,2026-09-10 07:07,"c631697 (campaign pin, not recorded per run)",inferred from campaign,feat/frozen-graphvae-benchmark,MirzaeiSfu/defog fork,PROTEINS/sources/cs-cl-19/proteins_defog_3seed_20260910/runs/seed_1
GraphVAE-REQ,PROTEINS,GraphVAE-REQ,GraphVAE (motif=False),proteins-table2-00-graphvae,0,2026-07-12 00:48,2a80b0aa0,"inferred (low): run predates every commit with this main.py, so the code was committed after the run; first such commit shown","main, feat/attr-f1pr-bayesian-optimization, feat/defog-baseline, feat/defog-fair",run started from a copy without .git; main.py arguments identical in 1 commits from 2a80b0aa0 (2026-07-12 11:38) to 2a80b0aa0 (2026-07-12 11:38); other modules not verified,PROTEINS/graphvae_motif_false/setting_01/seed_0
GraphVAE-REQ,PROTEINS,GraphVAE-REQ,GraphVAE (motif=False),proteins-table2-00-graphvae,1,2026-07-12 00:48,2a80b0aa0,"inferred (low): run predates every commit with this main.py, so the code was committed after the run; first such commit shown","main, feat/attr-f1pr-bayesian-optimization, feat/defog-baseline, feat/defog-fair",run started from a copy without .git; main.py arguments identical in 1 commits from 2a80b0aa0 (2026-07-12 11:38) to 2a80b0aa0 (2026-07-12 11:38); other modules not verified,PROTEINS/graphvae_motif_false/setting_01/seed_1
GraphVAE-REQ,PROTEINS,GraphVAE-REQ,GraphVAE (motif=False),proteins-table2-00-graphvae,2,2026-07-12 00:48,2a80b0aa0,"inferred (low): run predates every commit with this main.py, so the code was committed after the run; first such commit shown","main, feat/attr-f1pr-bayesian-optimization, feat/defog-baseline, feat/defog-fair",run started from a copy without .git; main.py arguments identical in 1 commits from 2a80b0aa0 (2026-07-12 11:38) to 2a80b0aa0 (2026-07-12 11:38); other modules not verified,PROTEINS/graphvae_motif_false/setting_01/seed_2
GraphVAE-REQ,PROTEINS,GraphVAE-REQ,GraphVAE+RG motif=True full_matrix (lambda=0.03),proteins-full-matrix-motif003-seed-0,0,2026-09-10 07:05,NOT IN GIT,exact argparse match to an on-disk copy,,"adds --motif_prune_score_threshold and --resume_from_latest_checkpoint; code location: cs-cl-13:/localhome/mirzaei/solar_patch_work/ (main.py 2026-09-04 15:17, data.py 15:19) laid over the GraphVAE-REQ-kia-motif-20260904-cl17 tree",PROTEINS/graphvae_motif_true/alpha_003_full_matrix/runs/full_matrix/seed_0
GraphVAE-REQ,PROTEINS,GraphVAE-REQ,GraphVAE+RG motif=True full_matrix (lambda=0.03),proteins-full-matrix-motif003-seed-1,1,2026-09-10 07:05,NOT IN GIT,exact argparse match to an on-disk copy,,"adds --motif_prune_score_threshold and --resume_from_latest_checkpoint; code location: cs-cl-13:/localhome/mirzaei/solar_patch_work/ (main.py 2026-09-04 15:17, data.py 15:19) laid over the GraphVAE-REQ-kia-motif-20260904-cl17 tree",PROTEINS/graphvae_motif_true/alpha_003_full_matrix/runs/full_matrix/seed_1
GraphVAE-REQ,PROTEINS,GraphVAE-REQ,GraphVAE+RG motif=True full_matrix (lambda=0.03),proteins-full-matrix-motif003-seed-2,2,2026-09-10 07:05,NOT IN GIT,exact argparse match to an on-disk copy,,"adds --motif_prune_score_threshold and --resume_from_latest_checkpoint; code location: cs-cl-13:/localhome/mirzaei/solar_patch_work/ (main.py 2026-09-04 15:17, data.py 15:19) laid over the GraphVAE-REQ-kia-motif-20260904-cl17 tree",PROTEINS/graphvae_motif_true/alpha_003_full_matrix/runs/full_matrix/seed_2
GraphVAE-REQ,PROTEINS,GraphVAE-REQ,GraphVAE+RG motif=True full_matrix (lambda=0.2),proteins-full-cpsmoothed-motif020-seed0,0,2026-09-13 00:42,b7268544a,inferred: newest commit before the run with an identical main.py argument set,"main, feat/motif-core-v1, main",run started from a copy without .git; main.py arguments identical in 55 commits from 9f01785b4 (2026-08-26 05:07) to bc16804e3 (2026-09-30 09:56); other modules not verified,PROTEINS/hyperparameter_evidence/alpha_020_seed0_screen/full_matrix/seed_0
GraphVAE-REQ,PROTEINS,GraphVAE-REQ,GraphVAE+RG motif=True full_matrix (lambda=0.2),proteins-full-cpsmoothed-motif020-seed0,0,2026-09-13 00:42,b7268544a,inferred: newest commit before the run with an identical main.py argument set,"main, feat/motif-core-v1, main",run started from a copy without .git; main.py arguments identical in 55 commits from 9f01785b4 (2026-08-26 05:07) to bc16804e3 (2026-09-30 09:56); other modules not verified,PROTEINS/sources/cs-cl-18/proteins_motif_weight_020_20260913/full_matrix/seed_0
defog,PTC,DeFoG,DeFoG,sources/cs-cl-09/PTC/defog/frozen_campaign/jobs/ptc/seed_0/generation,,2026-09-06 22:28,c631697b9,exact (job_record.json),feat/frozen-graphvae-benchmark,MirzaeiSfu/defog fork,PTC/sources/cs-cl-09/PTC/defog/frozen_campaign/jobs/ptc/seed_0/generation
defog,PTC,DeFoG,DeFoG,sources/cs-cl-09/PTC/defog/frozen_campaign/jobs/ptc/seed_0/training,,2026-09-06 21:00,c631697b9,exact (job_record.json),feat/frozen-graphvae-benchmark,MirzaeiSfu/defog fork,PTC/sources/cs-cl-09/PTC/defog/frozen_campaign/jobs/ptc/seed_0/training
defog,PTC,DeFoG,DeFoG,sources/cs-cl-09/PTC/defog/frozen_campaign/jobs/ptc/seed_1/generation,,2026-09-07 00:14,c631697b9,exact (job_record.json),feat/frozen-graphvae-benchmark,MirzaeiSfu/defog fork,PTC/sources/cs-cl-09/PTC/defog/frozen_campaign/jobs/ptc/seed_1/generation
defog,PTC,DeFoG,DeFoG,sources/cs-cl-09/PTC/defog/frozen_campaign/jobs/ptc/seed_1/training,,2026-09-06 22:47,c631697b9,exact (job_record.json),feat/frozen-graphvae-benchmark,MirzaeiSfu/defog fork,PTC/sources/cs-cl-09/PTC/defog/frozen_campaign/jobs/ptc/seed_1/training
defog,PTC,DeFoG,DeFoG,sources/cs-cl-09/PTC/defog/frozen_campaign/jobs/ptc/seed_2/generation,,2026-09-07 02:00,c631697b9,exact (job_record.json),feat/frozen-graphvae-benchmark,MirzaeiSfu/defog fork,PTC/sources/cs-cl-09/PTC/defog/frozen_campaign/jobs/ptc/seed_2/generation
defog,PTC,DeFoG,DeFoG,sources/cs-cl-09/PTC/defog/frozen_campaign/jobs/ptc/seed_2/training,,2026-09-07 00:33,c631697b9,exact (job_record.json),feat/frozen-graphvae-benchmark,MirzaeiSfu/defog fork,PTC/sources/cs-cl-09/PTC/defog/frozen_campaign/jobs/ptc/seed_2/training
defog,PTC,DeFoG,DeFoG,sources/cs-cl-09/PTC/defog/full_metrics/generated_240/seed_0,,2026-09-07 06:18,"c631697 (campaign pin, not recorded per run)",inferred from campaign,feat/frozen-graphvae-benchmark,MirzaeiSfu/defog fork,PTC/sources/cs-cl-09/PTC/defog/full_metrics/generated_240/seed_0
defog,PTC,DeFoG,DeFoG,sources/cs-cl-09/PTC/defog/full_metrics/generated_240/seed_0_run2,,2026-09-07 06:21,"c631697 (campaign pin, not recorded per run)",inferred from campaign,feat/frozen-graphvae-benchmark,MirzaeiSfu/defog fork,PTC/sources/cs-cl-09/PTC/defog/full_metrics/generated_240/seed_0_run2
defog,PTC,DeFoG,DeFoG,sources/cs-cl-17/defog_ptc_metrics_20260907/generated_240/seed_0,,2026-09-07 07:03,"c631697 (campaign pin, not recorded per run)",inferred from campaign,feat/frozen-graphvae-benchmark,MirzaeiSfu/defog fork,PTC/sources/cs-cl-17/defog_ptc_metrics_20260907/generated_240/seed_0
defog,PTC,DeFoG,DeFoG,sources/cs-cl-17/defog_ptc_metrics_20260907/generated_240/seed_1,,2026-09-07 07:04,"c631697 (campaign pin, not recorded per run)",inferred from campaign,feat/frozen-graphvae-benchmark,MirzaeiSfu/defog fork,PTC/sources/cs-cl-17/defog_ptc_metrics_20260907/generated_240/seed_1
defog,PTC,DeFoG,DeFoG,sources/cs-cl-18/PTC_verified_20260914/defog/frozen_campaign/jobs/ptc/seed_0/generation,,2026-09-06 22:28,c631697b9,exact (job_record.json),feat/frozen-graphvae-benchmark,MirzaeiSfu/defog fork,PTC/sources/cs-cl-18/PTC_verified_20260914/defog/frozen_campaign/jobs/ptc/seed_0/generation
defog,PTC,DeFoG,DeFoG,sources/cs-cl-18/PTC_verified_20260914/defog/frozen_campaign/jobs/ptc/seed_0/training,,2026-09-06 21:00,c631697b9,exact (job_record.json),feat/frozen-graphvae-benchmark,MirzaeiSfu/defog fork,PTC/sources/cs-cl-18/PTC_verified_20260914/defog/frozen_campaign/jobs/ptc/seed_0/training
defog,PTC,DeFoG,DeFoG,sources/cs-cl-18/PTC_verified_20260914/defog/frozen_campaign/jobs/ptc/seed_1/generation,,2026-09-07 00:14,c631697b9,exact (job_record.json),feat/frozen-graphvae-benchmark,MirzaeiSfu/defog fork,PTC/sources/cs-cl-18/PTC_verified_20260914/defog/frozen_campaign/jobs/ptc/seed_1/generation
defog,PTC,DeFoG,DeFoG,sources/cs-cl-18/PTC_verified_20260914/defog/frozen_campaign/jobs/ptc/seed_1/training,,2026-09-06 22:47,c631697b9,exact (job_record.json),feat/frozen-graphvae-benchmark,MirzaeiSfu/defog fork,PTC/sources/cs-cl-18/PTC_verified_20260914/defog/frozen_campaign/jobs/ptc/seed_1/training
defog,PTC,DeFoG,DeFoG,sources/cs-cl-18/PTC_verified_20260914/defog/frozen_campaign/jobs/ptc/seed_2/generation,,2026-09-07 02:00,c631697b9,exact (job_record.json),feat/frozen-graphvae-benchmark,MirzaeiSfu/defog fork,PTC/sources/cs-cl-18/PTC_verified_20260914/defog/frozen_campaign/jobs/ptc/seed_2/generation
defog,PTC,DeFoG,DeFoG,sources/cs-cl-18/PTC_verified_20260914/defog/frozen_campaign/jobs/ptc/seed_2/training,,2026-09-07 00:33,c631697b9,exact (job_record.json),feat/frozen-graphvae-benchmark,MirzaeiSfu/defog fork,PTC/sources/cs-cl-18/PTC_verified_20260914/defog/frozen_campaign/jobs/ptc/seed_2/training
defog,PTC,DeFoG,DeFoG,sources/cs-cl-18/PTC_verified_20260914/defog/full_metrics/generated_240/seed_0,,2026-09-07 06:18,"c631697 (campaign pin, not recorded per run)",inferred from campaign,feat/frozen-graphvae-benchmark,MirzaeiSfu/defog fork,PTC/sources/cs-cl-18/PTC_verified_20260914/defog/full_metrics/generated_240/seed_0
defog,PTC,DeFoG,DeFoG,sources/cs-cl-18/PTC_verified_20260914/defog/full_metrics/generated_240/seed_0_run2,,2026-09-07 06:21,"c631697 (campaign pin, not recorded per run)",inferred from campaign,feat/frozen-graphvae-benchmark,MirzaeiSfu/defog fork,PTC/sources/cs-cl-18/PTC_verified_20260914/defog/full_metrics/generated_240/seed_0_run2
defog,PTC,DeFoG,DeFoG,sources/cs-cl-18/defog_ptc_frozen_20260906/jobs/ptc/seed_0/generation,,2026-09-06 22:28,c631697b9,exact (job_record.json),feat/frozen-graphvae-benchmark,MirzaeiSfu/defog fork,PTC/sources/cs-cl-18/defog_ptc_frozen_20260906/jobs/ptc/seed_0/generation
defog,PTC,DeFoG,DeFoG,sources/cs-cl-18/defog_ptc_frozen_20260906/jobs/ptc/seed_0/training,,2026-09-06 21:00,c631697b9,exact (job_record.json),feat/frozen-graphvae-benchmark,MirzaeiSfu/defog fork,PTC/sources/cs-cl-18/defog_ptc_frozen_20260906/jobs/ptc/seed_0/training
defog,PTC,DeFoG,DeFoG,sources/cs-cl-18/defog_ptc_frozen_20260906/jobs/ptc/seed_1/generation,,2026-09-07 00:14,c631697b9,exact (job_record.json),feat/frozen-graphvae-benchmark,MirzaeiSfu/defog fork,PTC/sources/cs-cl-18/defog_ptc_frozen_20260906/jobs/ptc/seed_1/generation
defog,PTC,DeFoG,DeFoG,sources/cs-cl-18/defog_ptc_frozen_20260906/jobs/ptc/seed_1/training,,2026-09-06 22:47,c631697b9,exact (job_record.json),feat/frozen-graphvae-benchmark,MirzaeiSfu/defog fork,PTC/sources/cs-cl-18/defog_ptc_frozen_20260906/jobs/ptc/seed_1/training
defog,PTC,DeFoG,DeFoG,sources/cs-cl-18/defog_ptc_frozen_20260906/jobs/ptc/seed_2/generation,,2026-09-07 02:00,c631697b9,exact (job_record.json),feat/frozen-graphvae-benchmark,MirzaeiSfu/defog fork,PTC/sources/cs-cl-18/defog_ptc_frozen_20260906/jobs/ptc/seed_2/generation
defog,PTC,DeFoG,DeFoG,sources/cs-cl-18/defog_ptc_frozen_20260906/jobs/ptc/seed_2/training,,2026-09-07 00:33,c631697b9,exact (job_record.json),feat/frozen-graphvae-benchmark,MirzaeiSfu/defog fork,PTC/sources/cs-cl-18/defog_ptc_frozen_20260906/jobs/ptc/seed_2/training
defog,PTC,DeFoG,DeFoG,sources/cs-cl-18/defog_ptc_full_metrics_20260907/generated_240/seed_0,,2026-09-07 06:18,"c631697 (campaign pin, not recorded per run)",inferred from campaign,feat/frozen-graphvae-benchmark,MirzaeiSfu/defog fork,PTC/sources/cs-cl-18/defog_ptc_full_metrics_20260907/generated_240/seed_0
defog,PTC,DeFoG,DeFoG,sources/cs-cl-18/defog_ptc_full_metrics_20260907/generated_240/seed_0_run2,,2026-09-07 06:21,"c631697 (campaign pin, not recorded per run)",inferred from campaign,feat/frozen-graphvae-benchmark,MirzaeiSfu/defog fork,PTC/sources/cs-cl-18/defog_ptc_full_metrics_20260907/generated_240/seed_0_run2
defog,PTC,DeFoG,DeFoG,sources/cs-cl-19/defog_ptc_metrics_20260907/generated_240/seed_1,,2026-09-07 06:33,"c631697 (campaign pin, not recorded per run)",inferred from campaign,feat/frozen-graphvae-benchmark,MirzaeiSfu/defog fork,PTC/sources/cs-cl-19/defog_ptc_metrics_20260907/generated_240/seed_1
defog,PTC,DeFoG,DeFoG,sources/cs-cl-19/defog_ptc_metrics_20260907/generated_240/seed_2,,2026-09-07 06:33,"c631697 (campaign pin, not recorded per run)",inferred from campaign,feat/frozen-graphvae-benchmark,MirzaeiSfu/defog fork,PTC/sources/cs-cl-19/defog_ptc_metrics_20260907/generated_240/seed_2
GraphVAE-REQ,PTC,GraphVAE-REQ,GraphVAE (motif=False),solar-ptc-setting01-pruned-seed0,0,2026-07-16 07:37,c10bff58b,exact (recorded at launch),"main, feat/attr-f1pr-bayesian-optimization, feat/defog-baseline, feat/defog-fair",working tree had 504 uncommitted change(s); see git_diff.patch in the run folder,PTC/sources/cs-cl-09/PTC/graphvae_motif_false/setting_01/seed_0
GraphVAE-REQ,PTC,GraphVAE-REQ,GraphVAE (motif=False),solar-ptc-setting01-pruned-seed0,0,2026-07-16 07:37,c10bff58b,exact (recorded at launch),"main, feat/attr-f1pr-bayesian-optimization, feat/defog-baseline, feat/defog-fair",working tree had 504 uncommitted change(s); see git_diff.patch in the run folder,PTC/sources/cs-cl-18/PTC_verified_20260914/graphvae_motif_false/setting_01/seed_0
GraphVAE-REQ,PTC,GraphVAE-REQ,GraphVAE (motif=False),solar-ptc-setting01-pruned-seed0,0,2026-07-16 07:37,c10bff58b,exact (recorded at launch),"main, feat/attr-f1pr-bayesian-optimization, feat/defog-baseline, feat/defog-fair",working tree had 504 uncommitted change(s); see git_diff.patch in the run folder,PTC/sources/gather/setting_01/seed_0
GraphVAE-REQ,PTC,GraphVAE-REQ,GraphVAE (motif=False),solar-ptc-setting01-pruned-seed1,1,2026-07-16 07:37,c10bff58b,exact (recorded at launch),"main, feat/attr-f1pr-bayesian-optimization, feat/defog-baseline, feat/defog-fair",working tree had 504 uncommitted change(s); see git_diff.patch in the run folder,PTC/sources/cs-cl-09/PTC/graphvae_motif_false/setting_01/seed_1
GraphVAE-REQ,PTC,GraphVAE-REQ,GraphVAE (motif=False),solar-ptc-setting01-pruned-seed1,1,2026-07-16 07:37,c10bff58b,exact (recorded at launch),"main, feat/attr-f1pr-bayesian-optimization, feat/defog-baseline, feat/defog-fair",working tree had 504 uncommitted change(s); see git_diff.patch in the run folder,PTC/sources/cs-cl-18/PTC_verified_20260914/graphvae_motif_false/setting_01/seed_1
GraphVAE-REQ,PTC,GraphVAE-REQ,GraphVAE (motif=False),solar-ptc-setting01-pruned-seed1,1,2026-07-16 07:37,c10bff58b,exact (recorded at launch),"main, feat/attr-f1pr-bayesian-optimization, feat/defog-baseline, feat/defog-fair",working tree had 504 uncommitted change(s); see git_diff.patch in the run folder,PTC/sources/gather/setting_01/seed_1
GraphVAE-REQ,PTC,GraphVAE-REQ,GraphVAE (motif=False),solar-ptc-setting01-pruned-seed2,2,2026-07-16 07:37,c10bff58b,exact (recorded at launch),"main, feat/attr-f1pr-bayesian-optimization, feat/defog-baseline, feat/defog-fair",working tree had 504 uncommitted change(s); see git_diff.patch in the run folder,PTC/sources/cs-cl-09/PTC/graphvae_motif_false/setting_01/seed_2
GraphVAE-REQ,PTC,GraphVAE-REQ,GraphVAE (motif=False),solar-ptc-setting01-pruned-seed2,2,2026-07-16 07:37,c10bff58b,exact (recorded at launch),"main, feat/attr-f1pr-bayesian-optimization, feat/defog-baseline, feat/defog-fair",working tree had 504 uncommitted change(s); see git_diff.patch in the run folder,PTC/sources/cs-cl-18/PTC_verified_20260914/graphvae_motif_false/setting_01/seed_2
GraphVAE-REQ,PTC,GraphVAE-REQ,GraphVAE (motif=False),solar-ptc-setting01-pruned-seed2,2,2026-07-16 07:37,c10bff58b,exact (recorded at launch),"main, feat/attr-f1pr-bayesian-optimization, feat/defog-baseline, feat/defog-fair",working tree had 504 uncommitted change(s); see git_diff.patch in the run folder,PTC/sources/gather/setting_01/seed_2
GraphVAE-REQ,PTC,GraphVAE-REQ,GraphVAE+RG motif=True (mode option not yet in code) (lambda=0.1),solar-ptc-setting03-pruned-seed0,0,2026-07-16 07:37,c10bff58b,exact (recorded at launch),"main, feat/attr-f1pr-bayesian-optimization, feat/defog-baseline, feat/defog-fair",working tree had 504 uncommitted change(s); see git_diff.patch in the run folder,PTC/sources/gather/setting_03/seed_0
GraphVAE-REQ,PTC,GraphVAE-REQ,GraphVAE+RG motif=True (mode option not yet in code) (lambda=0.1),solar-ptc-setting03-pruned-seed1,1,2026-07-16 07:37,c10bff58b,exact (recorded at launch),"main, feat/attr-f1pr-bayesian-optimization, feat/defog-baseline, feat/defog-fair",working tree had 504 uncommitted change(s); see git_diff.patch in the run folder,PTC/sources/gather/setting_03/seed_1
GraphVAE-REQ,PTC,GraphVAE-REQ,GraphVAE+RG motif=True (mode option not yet in code) (lambda=0.1),solar-ptc-setting03-pruned-seed2,2,2026-07-16 07:37,c10bff58b,exact (recorded at launch),"main, feat/attr-f1pr-bayesian-optimization, feat/defog-baseline, feat/defog-fair",working tree had 504 uncommitted change(s); see git_diff.patch in the run folder,PTC/sources/gather/setting_03/seed_2
GraphVAE-REQ,PTC,GraphVAE-REQ,GraphVAE+RG motif=True full_matrix (lambda=0.1),ptc-aids-motif-AIDS-full_matrix-m0.1-s0,0,2026-09-04 09:41,NOT IN GIT,exact argparse match to an on-disk copy,,"adds --motif_prune_score_threshold; code location: cs-cl-17:/var/tmp/mirzaei_archive/ali/GraphVAE-REQ-kia-motif-20260904-cl17/ (main.py, motif_counting/motif_counter.py dated 2026-09-04 09:38)",PTC/sources/cs-cl-18/collected_ptc_aids_motif_20260905/solar/runs/aids/motif_0.1/full_matrix/seed_0
GraphVAE-REQ,PTC,GraphVAE-REQ,GraphVAE+RG motif=True full_matrix (lambda=0.1),ptc-aids-motif-AIDS-full_matrix-m0.1-s1,1,2026-09-04 09:41,NOT IN GIT,exact argparse match to an on-disk copy,,"adds --motif_prune_score_threshold; code location: cs-cl-17:/var/tmp/mirzaei_archive/ali/GraphVAE-REQ-kia-motif-20260904-cl17/ (main.py, motif_counting/motif_counter.py dated 2026-09-04 09:38)",PTC/sources/cs-cl-18/collected_ptc_aids_motif_20260905/solar/runs/aids/motif_0.1/full_matrix/seed_1
GraphVAE-REQ,PTC,GraphVAE-REQ,GraphVAE+RG motif=True full_matrix (lambda=0.1),ptc-aids-motif-AIDS-full_matrix-m0.1-s2,2,2026-09-04 09:42,NOT IN GIT,exact argparse match to an on-disk copy,,"adds --motif_prune_score_threshold; code location: cs-cl-17:/var/tmp/mirzaei_archive/ali/GraphVAE-REQ-kia-motif-20260904-cl17/ (main.py, motif_counting/motif_counter.py dated 2026-09-04 09:38)",PTC/sources/cs-cl-18/collected_ptc_aids_motif_20260905/solar/runs/aids/motif_0.1/full_matrix/seed_2
GraphVAE-REQ,PTC,GraphVAE-REQ,GraphVAE+RG motif=True full_matrix (lambda=0.1),ptc-aids-motif-PTC-full_matrix-m0.1-s0,0,2026-09-04 09:41,NOT IN GIT,exact argparse match to an on-disk copy,,"adds --motif_prune_score_threshold; code location: cs-cl-17:/var/tmp/mirzaei_archive/ali/GraphVAE-REQ-kia-motif-20260904-cl17/ (main.py, motif_counting/motif_counter.py dated 2026-09-04 09:38)",PTC/sources/cs-cl-18/collected_ptc_aids_motif_20260905/solar/runs/ptc/motif_0.1/full_matrix/seed_0
GraphVAE-REQ,PTC,GraphVAE-REQ,GraphVAE+RG motif=True full_matrix (lambda=0.1),ptc-aids-motif-PTC-full_matrix-m0.1-s1,1,2026-09-04 21:45,NOT IN GIT,exact argparse match to an on-disk copy,,"adds --motif_prune_score_threshold and --resume_from_latest_checkpoint; code location: cs-cl-13:/localhome/mirzaei/solar_patch_work/ (main.py 2026-09-04 15:17, data.py 15:19) laid over the GraphVAE-REQ-kia-motif-20260904-cl17 tree",PTC/sources/cs-cl-09/PTC/graphvae_motif_true/ptc/full_matrix/seed_1
GraphVAE-REQ,PTC,GraphVAE-REQ,GraphVAE+RG motif=True full_matrix (lambda=0.1),ptc-aids-motif-PTC-full_matrix-m0.1-s1,1,2026-09-04 21:45,NOT IN GIT,exact argparse match to an on-disk copy,,"adds --motif_prune_score_threshold and --resume_from_latest_checkpoint; code location: cs-cl-13:/localhome/mirzaei/solar_patch_work/ (main.py 2026-09-04 15:17, data.py 15:19) laid over the GraphVAE-REQ-kia-motif-20260904-cl17 tree",PTC/sources/cs-cl-18/PTC_verified_20260914/graphvae_motif_true/ptc/full_matrix/seed_1
GraphVAE-REQ,PTC,GraphVAE-REQ,GraphVAE+RG motif=True full_matrix (lambda=0.1),ptc-aids-motif-PTC-full_matrix-m0.1-s1,1,2026-09-04 21:45,NOT IN GIT,exact argparse match to an on-disk copy,,"adds --motif_prune_score_threshold and --resume_from_latest_checkpoint; code location: cs-cl-13:/localhome/mirzaei/solar_patch_work/ (main.py 2026-09-04 15:17, data.py 15:19) laid over the GraphVAE-REQ-kia-motif-20260904-cl17 tree",PTC/sources/cs-cl-18/collected_ptc_aids_motif_20260905/solar/runs/ptc/motif_0.1/full_matrix/seed_1
GraphVAE-REQ,PTC,GraphVAE-REQ,GraphVAE+RG motif=True full_matrix (lambda=0.1),ptc-aids-motif-PTC-full_matrix-m0.1-s2,2,2026-09-04 15:36,NOT IN GIT,exact argparse match to an on-disk copy,,"adds --motif_prune_score_threshold and --resume_from_latest_checkpoint; code location: cs-cl-13:/localhome/mirzaei/solar_patch_work/ (main.py 2026-09-04 15:17, data.py 15:19) laid over the GraphVAE-REQ-kia-motif-20260904-cl17 tree",PTC/sources/cs-cl-09/PTC/graphvae_motif_true/ptc/full_matrix/seed_2
GraphVAE-REQ,PTC,GraphVAE-REQ,GraphVAE+RG motif=True full_matrix (lambda=0.1),ptc-aids-motif-PTC-full_matrix-m0.1-s2,2,2026-09-04 15:36,NOT IN GIT,exact argparse match to an on-disk copy,,"adds --motif_prune_score_threshold and --resume_from_latest_checkpoint; code location: cs-cl-13:/localhome/mirzaei/solar_patch_work/ (main.py 2026-09-04 15:17, data.py 15:19) laid over the GraphVAE-REQ-kia-motif-20260904-cl17 tree",PTC/sources/cs-cl-18/PTC_verified_20260914/graphvae_motif_true/ptc/full_matrix/seed_2
GraphVAE-REQ,PTC,GraphVAE-REQ,GraphVAE+RG motif=True full_matrix (lambda=0.1),ptc-aids-motif-PTC-full_matrix-m0.1-s2,2,2026-09-04 15:36,NOT IN GIT,exact argparse match to an on-disk copy,,"adds --motif_prune_score_threshold and --resume_from_latest_checkpoint; code location: cs-cl-13:/localhome/mirzaei/solar_patch_work/ (main.py 2026-09-04 15:17, data.py 15:19) laid over the GraphVAE-REQ-kia-motif-20260904-cl17 tree",PTC/sources/cs-cl-18/collected_ptc_aids_motif_20260905/solar/runs/ptc/motif_0.1/full_matrix/seed_2
GraphVAE-REQ,PTC,GraphVAE-REQ,GraphVAE+RG motif=True full_matrix (lambda=0.1),ptc-cl17-full_matrix-m0.1-s0,0,2026-09-04 14:47,NOT IN GIT,exact argparse match to an on-disk copy,,"adds --motif_prune_score_threshold; code location: cs-cl-17:/var/tmp/mirzaei_archive/ali/GraphVAE-REQ-kia-motif-20260904-cl17/ (main.py, motif_counting/motif_counter.py dated 2026-09-04 09:38)",PTC/sources/cs-cl-09/PTC/graphvae_motif_true/ptc/full_matrix/seed_0
GraphVAE-REQ,PTC,GraphVAE-REQ,GraphVAE+RG motif=True full_matrix (lambda=0.1),ptc-cl17-full_matrix-m0.1-s0,0,2026-09-04 14:47,NOT IN GIT,exact argparse match to an on-disk copy,,"adds --motif_prune_score_threshold; code location: cs-cl-17:/var/tmp/mirzaei_archive/ali/GraphVAE-REQ-kia-motif-20260904-cl17/ (main.py, motif_counting/motif_counter.py dated 2026-09-04 09:38)",PTC/sources/cs-cl-18/PTC_verified_20260914/graphvae_motif_true/ptc/full_matrix/seed_0
GraphVAE-REQ,PTC,GraphVAE-REQ,GraphVAE+RG motif=True full_matrix (lambda=0.1),ptc-cl17-full_matrix-m0.1-s0,0,2026-09-04 14:47,NOT IN GIT,exact argparse match to an on-disk copy,,"adds --motif_prune_score_threshold; code location: cs-cl-17:/var/tmp/mirzaei_archive/ali/GraphVAE-REQ-kia-motif-20260904-cl17/ (main.py, motif_counting/motif_counter.py dated 2026-09-04 09:38)",PTC/sources/cs-cl-18/collected_ptc_aids_motif_20260905/cs-cl-17/runs/ptc/motif_0.1/full_matrix/seed_0
GraphVAE-REQ,PTC,GraphVAE-REQ,GraphVAE+RG motif=True full_matrix (lambda=0.1),ptc-smoothed-full-matrix-20k,0,2026-08-25 19:43,946146f4d,exact (recorded at launch),"main, feat/defog-baseline, feat/defog-fair-benchmark, feat/motif-core-v1, main",working tree had 12 uncommitted change(s); see git_diff.patch in the run folder,PTC/sources/legacy_fb_cs-cl-17/multihop_smoothed/ptc/full_matrix/seed_0
GraphVAE-REQ,PTC,GraphVAE-REQ,GraphVAE+RG motif=True full_matrix (lambda=0.1),ptc-smoothed-full-matrix-20k,1,2026-08-25 19:43,946146f4d,exact (recorded at launch),"main, feat/defog-baseline, feat/defog-fair-benchmark, feat/motif-core-v1, main",working tree had 12 uncommitted change(s); see git_diff.patch in the run folder,PTC/sources/legacy_fb_cs-cl-17/multihop_smoothed/ptc/full_matrix/seed_1
GraphVAE-REQ,PTC,GraphVAE-REQ,GraphVAE+RG motif=True full_matrix (lambda=0.1),ptc-smoothed-full-matrix-20k,2,2026-08-29 14:46,90ee5d6bd,inferred: newest commit before the run with an identical main.py argument set,"main, feat/defog-baseline, feat/defog-fair-benchmark, feat/motif-core-v1, main",run started from a copy without .git; main.py arguments identical in 55 commits from 9f01785b4 (2026-08-26 05:07) to bc16804e3 (2026-09-30 09:56); other modules not verified,PTC/sources/legacy_fb_cs-cl-18/multihop_smoothed/ptc/full_matrix/seed_2
GraphVAE-REQ,PTC,GraphVAE-REQ,GraphVAE+RG motif=True total_count (lambda=0.1),ptc-aids-motif-AIDS-total_count-m0.1-s0,0,2026-09-04 09:41,NOT IN GIT,exact argparse match to an on-disk copy,,"adds --motif_prune_score_threshold; code location: cs-cl-17:/var/tmp/mirzaei_archive/ali/GraphVAE-REQ-kia-motif-20260904-cl17/ (main.py, motif_counting/motif_counter.py dated 2026-09-04 09:38)",PTC/sources/cs-cl-18/collected_ptc_aids_motif_20260905/solar/runs/aids/motif_0.1/total_count/seed_0
GraphVAE-REQ,PTC,GraphVAE-REQ,GraphVAE+RG motif=True total_count (lambda=0.1),ptc-aids-motif-AIDS-total_count-m0.1-s1,1,2026-09-04 09:41,NOT IN GIT,exact argparse match to an on-disk copy,,"adds --motif_prune_score_threshold; code location: cs-cl-17:/var/tmp/mirzaei_archive/ali/GraphVAE-REQ-kia-motif-20260904-cl17/ (main.py, motif_counting/motif_counter.py dated 2026-09-04 09:38)",PTC/sources/cs-cl-18/collected_ptc_aids_motif_20260905/solar/runs/aids/motif_0.1/total_count/seed_1
GraphVAE-REQ,PTC,GraphVAE-REQ,GraphVAE+RG motif=True total_count (lambda=0.1),ptc-aids-motif-AIDS-total_count-m0.1-s2,2,2026-09-04 14:06,NOT IN GIT,exact argparse match to an on-disk copy,,"adds --motif_prune_score_threshold; code location: cs-cl-17:/var/tmp/mirzaei_archive/ali/GraphVAE-REQ-kia-motif-20260904-cl17/ (main.py, motif_counting/motif_counter.py dated 2026-09-04 09:38)",PTC/sources/cs-cl-18/collected_ptc_aids_motif_20260905/solar/runs/aids/motif_0.1/total_count/seed_2
GraphVAE-REQ,PTC,GraphVAE-REQ,GraphVAE+RG motif=True total_count (lambda=0.1),ptc-aids-motif-PTC-total_count-m0.1-s0,0,2026-09-04 09:41,NOT IN GIT,exact argparse match to an on-disk copy,,"adds --motif_prune_score_threshold; code location: cs-cl-17:/var/tmp/mirzaei_archive/ali/GraphVAE-REQ-kia-motif-20260904-cl17/ (main.py, motif_counting/motif_counter.py dated 2026-09-04 09:38)",PTC/sources/cs-cl-18/collected_ptc_aids_motif_20260905/solar/runs/ptc/motif_0.1/total_count/seed_0
GraphVAE-REQ,PTC,GraphVAE-REQ,GraphVAE+RG motif=True total_count (lambda=0.1),ptc-aids-motif-PTC-total_count-m0.1-s1,1,2026-09-04 21:37,NOT IN GIT,exact argparse match to an on-disk copy,,"adds --motif_prune_score_threshold and --resume_from_latest_checkpoint; code location: cs-cl-13:/localhome/mirzaei/solar_patch_work/ (main.py 2026-09-04 15:17, data.py 15:19) laid over the GraphVAE-REQ-kia-motif-20260904-cl17 tree",PTC/sources/cs-cl-09/PTC/graphvae_motif_true/ptc/total_count/seed_1
GraphVAE-REQ,PTC,GraphVAE-REQ,GraphVAE+RG motif=True total_count (lambda=0.1),ptc-aids-motif-PTC-total_count-m0.1-s1,1,2026-09-04 21:37,NOT IN GIT,exact argparse match to an on-disk copy,,"adds --motif_prune_score_threshold and --resume_from_latest_checkpoint; code location: cs-cl-13:/localhome/mirzaei/solar_patch_work/ (main.py 2026-09-04 15:17, data.py 15:19) laid over the GraphVAE-REQ-kia-motif-20260904-cl17 tree",PTC/sources/cs-cl-18/PTC_verified_20260914/graphvae_motif_true/ptc/total_count/seed_1
GraphVAE-REQ,PTC,GraphVAE-REQ,GraphVAE+RG motif=True total_count (lambda=0.1),ptc-aids-motif-PTC-total_count-m0.1-s1,1,2026-09-04 21:37,NOT IN GIT,exact argparse match to an on-disk copy,,"adds --motif_prune_score_threshold and --resume_from_latest_checkpoint; code location: cs-cl-13:/localhome/mirzaei/solar_patch_work/ (main.py 2026-09-04 15:17, data.py 15:19) laid over the GraphVAE-REQ-kia-motif-20260904-cl17 tree",PTC/sources/cs-cl-18/collected_ptc_aids_motif_20260905/solar/runs/ptc/motif_0.1/total_count/seed_1
GraphVAE-REQ,PTC,GraphVAE-REQ,GraphVAE+RG motif=True total_count (lambda=0.1),ptc-aids-motif-PTC-total_count-m0.1-s2,2,2026-09-05 21:52,NOT IN GIT,exact argparse match to an on-disk copy,,"adds --motif_prune_score_threshold and --resume_from_latest_checkpoint; code location: cs-cl-13:/localhome/mirzaei/solar_patch_work/ (main.py 2026-09-04 15:17, data.py 15:19) laid over the GraphVAE-REQ-kia-motif-20260904-cl17 tree",PTC/sources/cs-cl-09/PTC/graphvae_motif_true/ptc/total_count/seed_2
GraphVAE-REQ,PTC,GraphVAE-REQ,GraphVAE+RG motif=True total_count (lambda=0.1),ptc-aids-motif-PTC-total_count-m0.1-s2,2,2026-09-05 21:52,NOT IN GIT,exact argparse match to an on-disk copy,,"adds --motif_prune_score_threshold and --resume_from_latest_checkpoint; code location: cs-cl-13:/localhome/mirzaei/solar_patch_work/ (main.py 2026-09-04 15:17, data.py 15:19) laid over the GraphVAE-REQ-kia-motif-20260904-cl17 tree",PTC/sources/cs-cl-18/PTC_verified_20260914/graphvae_motif_true/ptc/total_count/seed_2
GraphVAE-REQ,PTC,GraphVAE-REQ,GraphVAE+RG motif=True total_count (lambda=0.1),ptc-aids-motif-PTC-total_count-m0.1-s2,2,2026-09-05 21:52,NOT IN GIT,exact argparse match to an on-disk copy,,"adds --motif_prune_score_threshold and --resume_from_latest_checkpoint; code location: cs-cl-13:/localhome/mirzaei/solar_patch_work/ (main.py 2026-09-04 15:17, data.py 15:19) laid over the GraphVAE-REQ-kia-motif-20260904-cl17 tree",PTC/sources/cs-cl-18/collected_ptc_aids_motif_20260905/solar/runs/ptc/motif_0.1/total_count/seed_2
GraphVAE-REQ,PTC,GraphVAE-REQ,GraphVAE+RG motif=True total_count (lambda=0.1),ptc-cl17-total_count-m0.1-s0,0,2026-09-04 14:47,NOT IN GIT,exact argparse match to an on-disk copy,,"adds --motif_prune_score_threshold; code location: cs-cl-17:/var/tmp/mirzaei_archive/ali/GraphVAE-REQ-kia-motif-20260904-cl17/ (main.py, motif_counting/motif_counter.py dated 2026-09-04 09:38)",PTC/sources/cs-cl-09/PTC/graphvae_motif_true/ptc/total_count/seed_0
GraphVAE-REQ,PTC,GraphVAE-REQ,GraphVAE+RG motif=True total_count (lambda=0.1),ptc-cl17-total_count-m0.1-s0,0,2026-09-04 14:47,NOT IN GIT,exact argparse match to an on-disk copy,,"adds --motif_prune_score_threshold; code location: cs-cl-17:/var/tmp/mirzaei_archive/ali/GraphVAE-REQ-kia-motif-20260904-cl17/ (main.py, motif_counting/motif_counter.py dated 2026-09-04 09:38)",PTC/sources/cs-cl-18/PTC_verified_20260914/graphvae_motif_true/ptc/total_count/seed_0
GraphVAE-REQ,PTC,GraphVAE-REQ,GraphVAE+RG motif=True total_count (lambda=0.1),ptc-cl17-total_count-m0.1-s0,0,2026-09-04 14:47,NOT IN GIT,exact argparse match to an on-disk copy,,"adds --motif_prune_score_threshold; code location: cs-cl-17:/var/tmp/mirzaei_archive/ali/GraphVAE-REQ-kia-motif-20260904-cl17/ (main.py, motif_counting/motif_counter.py dated 2026-09-04 09:38)",PTC/sources/cs-cl-18/collected_ptc_aids_motif_20260905/cs-cl-17/runs/ptc/motif_0.1/total_count/seed_0
GraphVAE-REQ,PTC,GraphVAE-REQ,GraphVAE+RG motif=True total_count (lambda=0.1),ptc-smoothed-total-count-20k,0,2026-08-25 19:43,9f01785b4,"inferred (low): run predates every commit with this main.py, so the code was committed after the run; first such commit shown","main, feat/defog-baseline, feat/defog-fair-benchmark, feat/motif-core-v1, main",run started from a copy without .git; main.py arguments identical in 55 commits from 9f01785b4 (2026-08-26 05:07) to bc16804e3 (2026-09-30 09:56); other modules not verified,PTC/sources/legacy_fb_cs-cl-13/multihop_smoothed/ptc/total_count/seed_0
GraphVAE-REQ,PTC,GraphVAE-REQ,GraphVAE+RG motif=True total_count (lambda=0.1),ptc-smoothed-total-count-20k,1,2026-08-25 19:43,9f01785b4,"inferred (low): run predates every commit with this main.py, so the code was committed after the run; first such commit shown","main, feat/defog-baseline, feat/defog-fair-benchmark, feat/motif-core-v1, main",run started from a copy without .git; main.py arguments identical in 55 commits from 9f01785b4 (2026-08-26 05:07) to bc16804e3 (2026-09-30 09:56); other modules not verified,PTC/sources/legacy_fb_cs-cl-16/multihop_smoothed/ptc/total_count/seed_1
,PTC,LGD,LGD (LGD_3SEED_CAMPAIGN_20260920),GraphVAEReq-diffusion-PTC_seed0,,2026-09-20,zhouc20/LatentGraphDiffusion f597e1d + local changes,exact (campaign repo state),,OLD campaign with the epoch-0 encoder-selection bug; superseded by LGD_FIX_20260924,PTC/experiments/lgd/GraphVAEReq-diffusion-PTC_seed0
,PTC,LGD,LGD (LGD_3SEED_CAMPAIGN_20260920),GraphVAEReq-diffusion-PTC_seed1,,2026-09-20,zhouc20/LatentGraphDiffusion f597e1d + local changes,exact (campaign repo state),,OLD campaign with the epoch-0 encoder-selection bug; superseded by LGD_FIX_20260924,PTC/experiments/lgd/GraphVAEReq-diffusion-PTC_seed1
,PTC,LGD,LGD (LGD_3SEED_CAMPAIGN_20260920),GraphVAEReq-diffusion-PTC_seed2,,2026-09-20,zhouc20/LatentGraphDiffusion f597e1d + local changes,exact (campaign repo state),,OLD campaign with the epoch-0 encoder-selection bug; superseded by LGD_FIX_20260924,PTC/experiments/lgd/GraphVAEReq-diffusion-PTC_seed2
,PTC,LGD,LGD (LGD_3SEED_CAMPAIGN_20260920),GraphVAEReq-encoder-PTC_seed0,,2026-09-20,zhouc20/LatentGraphDiffusion f597e1d + local changes,exact (campaign repo state),,OLD campaign with the epoch-0 encoder-selection bug; superseded by LGD_FIX_20260924,PTC/experiments/lgd/GraphVAEReq-encoder-PTC_seed0
,PTC,LGD,LGD (LGD_3SEED_CAMPAIGN_20260920),GraphVAEReq-encoder-PTC_seed1,,2026-09-20,zhouc20/LatentGraphDiffusion f597e1d + local changes,exact (campaign repo state),,OLD campaign with the epoch-0 encoder-selection bug; superseded by LGD_FIX_20260924,PTC/experiments/lgd/GraphVAEReq-encoder-PTC_seed1
,PTC,LGD,LGD (LGD_3SEED_CAMPAIGN_20260920),GraphVAEReq-encoder-PTC_seed2,,2026-09-20,zhouc20/LatentGraphDiffusion f597e1d + local changes,exact (campaign repo state),,OLD campaign with the epoch-0 encoder-selection bug; superseded by LGD_FIX_20260924,PTC/experiments/lgd/GraphVAEReq-encoder-PTC_seed2
,PTC,LGD,LGD (LGD_3SEED_CAMPAIGN_20260920),frozen_dataset,,2026-09-20,zhouc20/LatentGraphDiffusion f597e1d + local changes,exact (campaign repo state),,OLD campaign with the epoch-0 encoder-selection bug; superseded by LGD_FIX_20260924,PTC/experiments/lgd/frozen_dataset
,PTC,LGD,LGD (LGD_3SEED_CAMPAIGN_20260920),source_cs-cl-16,,2026-09-20,zhouc20/LatentGraphDiffusion f597e1d + local changes,exact (campaign repo state),,OLD campaign with the epoch-0 encoder-selection bug; superseded by LGD_FIX_20260924,PTC/experiments/lgd/source_cs-cl-16
,PTC,LGD,LGD (LGD_3SEED_CAMPAIGN_20260920),source_cs-cl-18,,2026-09-20,zhouc20/LatentGraphDiffusion f597e1d + local changes,exact (campaign repo state),,OLD campaign with the epoch-0 encoder-selection bug; superseded by LGD_FIX_20260924,PTC/experiments/lgd/source_cs-cl-18
defog,QM9,DeFoG,DeFoG,sources/cs-cl-09/qm9_defog_matched_split_20260914/runs/seed_0,,2026-09-14 04:56,"c631697 (campaign pin, not recorded per run)",inferred from campaign,feat/frozen-graphvae-benchmark,"MirzaeiSfu/defog fork; QM9 campaigns also used uncommitted changes to src/datasets/qm9_dataset.py (and, in some, src/main.py and gin.py), now in third_party/defog",QM9/sources/cs-cl-09/qm9_defog_matched_split_20260914/runs/seed_0
defog,QM9,DeFoG,DeFoG,sources/cs-cl-09/qm9_defog_matched_split_20260914/runs/seed_1,,2026-09-14 04:56,"c631697 (campaign pin, not recorded per run)",inferred from campaign,feat/frozen-graphvae-benchmark,"MirzaeiSfu/defog fork; QM9 campaigns also used uncommitted changes to src/datasets/qm9_dataset.py (and, in some, src/main.py and gin.py), now in third_party/defog",QM9/sources/cs-cl-09/qm9_defog_matched_split_20260914/runs/seed_1
defog,QM9,DeFoG,DeFoG,sources/cs-cl-09/qm9_defog_matched_split_20260914/runs/seed_2,,2026-09-14 04:53,"c631697 (campaign pin, not recorded per run)",inferred from campaign,feat/frozen-graphvae-benchmark,"MirzaeiSfu/defog fork; QM9 campaigns also used uncommitted changes to src/datasets/qm9_dataset.py (and, in some, src/main.py and gin.py), now in third_party/defog",QM9/sources/cs-cl-09/qm9_defog_matched_split_20260914/runs/seed_2
defog,QM9,DeFoG,DeFoG,sources/cs-cl-17/qm9_defog_lab24_20260914/work/runs/seed_0,,2026-09-14 07:06,"c631697 (campaign pin, not recorded per run)",inferred from campaign,feat/frozen-graphvae-benchmark,"MirzaeiSfu/defog fork; QM9 campaigns also used uncommitted changes to src/datasets/qm9_dataset.py (and, in some, src/main.py and gin.py), now in third_party/defog",QM9/sources/cs-cl-17/qm9_defog_lab24_20260914/work/runs/seed_0
defog,QM9,DeFoG,DeFoG,sources/cs-cl-17/qm9_defog_lab24_20260914/work/runs/seed_1,,2026-09-14 07:06,"c631697 (campaign pin, not recorded per run)",inferred from campaign,feat/frozen-graphvae-benchmark,"MirzaeiSfu/defog fork; QM9 campaigns also used uncommitted changes to src/datasets/qm9_dataset.py (and, in some, src/main.py and gin.py), now in third_party/defog",QM9/sources/cs-cl-17/qm9_defog_lab24_20260914/work/runs/seed_1
defog,QM9,DeFoG,DeFoG,sources/cs-cl-17/qm9_defog_matched250_batch128_20260915/runs/seed_0,,2026-09-15 16:04,"c631697 (campaign pin, not recorded per run)",inferred from campaign,feat/frozen-graphvae-benchmark,"MirzaeiSfu/defog fork; QM9 campaigns also used uncommitted changes to src/datasets/qm9_dataset.py (and, in some, src/main.py and gin.py), now in third_party/defog",QM9/sources/cs-cl-17/qm9_defog_matched250_batch128_20260915/runs/seed_0
defog,QM9,DeFoG,DeFoG,sources/cs-cl-17/qm9_defog_matched250_batch128_20260915/runs/seed_1,,2026-09-15 16:04,"c631697 (campaign pin, not recorded per run)",inferred from campaign,feat/frozen-graphvae-benchmark,"MirzaeiSfu/defog fork; QM9 campaigns also used uncommitted changes to src/datasets/qm9_dataset.py (and, in some, src/main.py and gin.py), now in third_party/defog",QM9/sources/cs-cl-17/qm9_defog_matched250_batch128_20260915/runs/seed_1
defog,QM9,DeFoG,DeFoG,sources/cs-cl-17/qm9_defog_matched250_batch128_20260915/runs/seed_2,,2026-09-16 04:47,"c631697 (campaign pin, not recorded per run)",inferred from campaign,feat/frozen-graphvae-benchmark,"MirzaeiSfu/defog fork; QM9 campaigns also used uncommitted changes to src/datasets/qm9_dataset.py (and, in some, src/main.py and gin.py), now in third_party/defog",QM9/sources/cs-cl-17/qm9_defog_matched250_batch128_20260915/runs/seed_2
defog,QM9,DeFoG,DeFoG,sources/cs-cl-17/qm9_defog_seedfixed250_batch128_20260916/common_eval_raw/seed_1,,2026-09-17 06:30,"c631697 (campaign pin, not recorded per run)",inferred from campaign,feat/frozen-graphvae-benchmark,"MirzaeiSfu/defog fork; QM9 campaigns also used uncommitted changes to src/datasets/qm9_dataset.py (and, in some, src/main.py and gin.py), now in third_party/defog",QM9/sources/cs-cl-17/qm9_defog_seedfixed250_batch128_20260916/common_eval_raw/seed_1
defog,QM9,DeFoG,DeFoG,sources/cs-cl-17/qm9_defog_seedfixed250_batch128_20260916/common_eval_raw/seed_2,,2026-09-17 06:34,"c631697 (campaign pin, not recorded per run)",inferred from campaign,feat/frozen-graphvae-benchmark,"MirzaeiSfu/defog fork; QM9 campaigns also used uncommitted changes to src/datasets/qm9_dataset.py (and, in some, src/main.py and gin.py), now in third_party/defog",QM9/sources/cs-cl-17/qm9_defog_seedfixed250_batch128_20260916/common_eval_raw/seed_2
defog,QM9,DeFoG,DeFoG,sources/cs-cl-17/qm9_defog_seedfixed250_batch128_20260916/raw_export_fixed/seed_1,,2026-09-17 06:38,"c631697 (campaign pin, not recorded per run)",inferred from campaign,feat/frozen-graphvae-benchmark,"MirzaeiSfu/defog fork; QM9 campaigns also used uncommitted changes to src/datasets/qm9_dataset.py (and, in some, src/main.py and gin.py), now in third_party/defog",QM9/sources/cs-cl-17/qm9_defog_seedfixed250_batch128_20260916/raw_export_fixed/seed_1
defog,QM9,DeFoG,DeFoG,sources/cs-cl-17/qm9_defog_seedfixed250_batch128_20260916/raw_export_fixed/seed_2,,2026-09-17 06:39,"c631697 (campaign pin, not recorded per run)",inferred from campaign,feat/frozen-graphvae-benchmark,"MirzaeiSfu/defog fork; QM9 campaigns also used uncommitted changes to src/datasets/qm9_dataset.py (and, in some, src/main.py and gin.py), now in third_party/defog",QM9/sources/cs-cl-17/qm9_defog_seedfixed250_batch128_20260916/raw_export_fixed/seed_2
defog,QM9,DeFoG,DeFoG,sources/cs-cl-17/qm9_defog_seedfixed250_batch128_20260916/runs/seed_0,,2026-09-17 03:29,"c631697 (campaign pin, not recorded per run)",inferred from campaign,feat/frozen-graphvae-benchmark,"MirzaeiSfu/defog fork; QM9 campaigns also used uncommitted changes to src/datasets/qm9_dataset.py (and, in some, src/main.py and gin.py), now in third_party/defog",QM9/sources/cs-cl-17/qm9_defog_seedfixed250_batch128_20260916/runs/seed_0
defog,QM9,DeFoG,DeFoG,sources/cs-cl-17/qm9_defog_seedfixed250_batch128_20260916/runs/seed_1,,2026-09-16 14:45,"c631697 (campaign pin, not recorded per run)",inferred from campaign,feat/frozen-graphvae-benchmark,"MirzaeiSfu/defog fork; QM9 campaigns also used uncommitted changes to src/datasets/qm9_dataset.py (and, in some, src/main.py and gin.py), now in third_party/defog",QM9/sources/cs-cl-17/qm9_defog_seedfixed250_batch128_20260916/runs/seed_1
defog,QM9,DeFoG,DeFoG,sources/cs-cl-17/qm9_defog_seedfixed250_batch128_20260916/runs/seed_2,,2026-09-16 14:45,"c631697 (campaign pin, not recorded per run)",inferred from campaign,feat/frozen-graphvae-benchmark,"MirzaeiSfu/defog fork; QM9 campaigns also used uncommitted changes to src/datasets/qm9_dataset.py (and, in some, src/main.py and gin.py), now in third_party/defog",QM9/sources/cs-cl-17/qm9_defog_seedfixed250_batch128_20260916/runs/seed_2
GraphVAE-REQ,QM9,GraphVAE-REQ,GraphVAE+RG motif=True full_matrix (lambda=0.1),qm9-multihop-smoothed-full_matrix-3seed,0,2026-09-14 02:13,946146f4d,exact (recorded at launch),"main, feat/defog-baseline, feat/defog-fair-benchmark, feat/motif-core-v1, main",working tree had 33 uncommitted change(s); see git_diff.patch in the run folder,QM9/sources/cs-cl-17/qm9_cp_smoothed_random_sanity_20260914/run/seed_0
GraphVAE-REQ,QM9,GraphVAE-REQ,GraphVAE+RG motif=True full_matrix (lambda=0.1),qm9-multihop-smoothed-full_matrix-3seed,0,2026-09-14 01:45,946146f4d,exact (recorded at launch),"main, feat/defog-baseline, feat/defog-fair-benchmark, feat/motif-core-v1, main",working tree had 33 uncommitted change(s); see git_diff.patch in the run folder,QM9/sources/cs-cl-17/qm9_cp_smoothed_sanity_20260914/run/seed_0
GraphVAE-REQ,QM9,GraphVAE-REQ,GraphVAE+RG motif=True full_matrix (lambda=0.1),qm9-multihop-smoothed-full_matrix-3seed,0,2026-09-14 02:10,946146f4d,exact (recorded at launch),"main, feat/defog-baseline, feat/defog-fair-benchmark, feat/motif-core-v1, main",working tree had 33 uncommitted change(s); see git_diff.patch in the run folder,QM9/sources/cs-cl-17/qm9_cp_smoothed_sanity_pruned10_20260914/run/seed_0
GraphVAE-REQ,QM9,GraphVAE-REQ,GraphVAE+RG motif=True full_matrix (lambda=0.1),qm9-multihop-smoothed-full_matrix-3seed,0,2026-09-14 02:32,946146f4d,exact (recorded at launch),"main, feat/defog-baseline, feat/defog-fair-benchmark, feat/motif-core-v1, main",working tree had 33 uncommitted change(s); see git_diff.patch in the run folder,QM9/sources/cs-cl-17/qm9_pruned_training_cache_top10_20260914/validation/run/seed_0
GraphVAE-REQ,QM9,GraphVAE-REQ,GraphVAE+RG motif=True full_matrix (lambda=0.1),qm9-multihop-smoothed-full_matrix-3seed,0,2026-08-27 08:54,946146f4d,exact (recorded at launch),"main, feat/defog-baseline, feat/defog-fair-benchmark, feat/motif-core-v1, main",working tree had 15 uncommitted change(s); see git_diff.patch in the run folder,QM9/sources/legacy_fb_cs-cl-17/multihop_smoothed_3seed/qm9/full_matrix/seed_0
GraphVAE-REQ,QM9,GraphVAE-REQ,GraphVAE+RG motif=True total_count (lambda=0.1),qm9-multihop-smoothed-total_count-3seed,0,2026-08-27 08:54,946146f4d,exact (recorded at launch),"main, feat/defog-baseline, feat/defog-fair-benchmark, feat/motif-core-v1, main",working tree had 15 uncommitted change(s); see git_diff.patch in the run folder,QM9/sources/legacy_fb_cs-cl-17/multihop_smoothed_3seed/qm9/total_count/seed_0
defog,TRIANGULAR_GRID,DeFoG,DeFoG,experiments/defog/seed_0/generation,,2026-09-04 12:33,c631697b9,exact (job_record.json),feat/frozen-graphvae-benchmark,MirzaeiSfu/defog fork,TRIANGULAR_GRID/experiments/defog/seed_0/generation
defog,TRIANGULAR_GRID,DeFoG,DeFoG,experiments/defog/seed_0/training,,2026-09-03 09:55,c631697b9,exact (job_record.json),feat/frozen-graphvae-benchmark,MirzaeiSfu/defog fork,TRIANGULAR_GRID/experiments/defog/seed_0/training
defog,TRIANGULAR_GRID,DeFoG,DeFoG,experiments/defog/seed_1/generation,,2026-09-04 10:01,c631697b9,exact (job_record.json),feat/frozen-graphvae-benchmark,MirzaeiSfu/defog fork,TRIANGULAR_GRID/experiments/defog/seed_1/generation
defog,TRIANGULAR_GRID,DeFoG,DeFoG,experiments/defog/seed_1/training,,2026-09-03 09:55,c631697b9,exact (job_record.json),feat/frozen-graphvae-benchmark,MirzaeiSfu/defog fork,TRIANGULAR_GRID/experiments/defog/seed_1/training
defog,TRIANGULAR_GRID,DeFoG,DeFoG,experiments/defog/seed_3/generation,,2026-09-14 18:12,c631697b9,exact (job_record.json),feat/frozen-graphvae-benchmark,MirzaeiSfu/defog fork,TRIANGULAR_GRID/experiments/defog/seed_3/generation
defog,TRIANGULAR_GRID,DeFoG,DeFoG,experiments/defog/seed_3/training,,2026-09-13 15:53,c631697b9,exact (job_record.json),feat/frozen-graphvae-benchmark,MirzaeiSfu/defog fork,TRIANGULAR_GRID/experiments/defog/seed_3/training
GraphVAE-REQ,TRIANGULAR_GRID,GraphVAE-REQ,GraphVAE (motif=False),triangular-grid-motif-false-3seed,0,2026-08-28 10:19,90ee5d6bd,inferred: newest commit before the run with an identical main.py argument set,"main, feat/defog-baseline, feat/defog-fair-benchmark, feat/motif-core-v1, main",run started from a copy without .git; main.py arguments identical in 55 commits from 9f01785b4 (2026-08-26 05:07) to bc16804e3 (2026-09-30 09:56); other modules not verified,TRIANGULAR_GRID/experiments/graphvae/motif_false/seed_0
GraphVAE-REQ,TRIANGULAR_GRID,GraphVAE-REQ,GraphVAE (motif=False),triangular-grid-motif-false-3seed,1,2026-08-28 12:39,90ee5d6bd,inferred: newest commit before the run with an identical main.py argument set,"main, feat/defog-baseline, feat/defog-fair-benchmark, feat/motif-core-v1, main",run started from a copy without .git; main.py arguments identical in 55 commits from 9f01785b4 (2026-08-26 05:07) to bc16804e3 (2026-09-30 09:56); other modules not verified,TRIANGULAR_GRID/experiments/graphvae/motif_false/seed_1
GraphVAE-REQ,TRIANGULAR_GRID,GraphVAE-REQ,GraphVAE (motif=False),triangular-grid-motif-false-3seed,2,2026-08-28 14:59,90ee5d6bd,inferred: newest commit before the run with an identical main.py argument set,"main, feat/defog-baseline, feat/defog-fair-benchmark, feat/motif-core-v1, main",run started from a copy without .git; main.py arguments identical in 55 commits from 9f01785b4 (2026-08-26 05:07) to bc16804e3 (2026-09-30 09:56); other modules not verified,TRIANGULAR_GRID/experiments/graphvae/motif_false/seed_2
GraphVAE-REQ,TRIANGULAR_GRID,GraphVAE-REQ,GraphVAE+RG motif=True full_matrix (lambda=0.1),triangular-grid-linkcorr-motif-true-full_matrix-3seed,0,2026-08-30 07:08,613fe9e7d,inferred: newest commit before the run with an identical main.py argument set,"main, feat/defog-baseline, feat/defog-fair-benchmark, feat/motif-core-v1, main",run started from a copy without .git; main.py arguments identical in 55 commits from 9f01785b4 (2026-08-26 05:07) to bc16804e3 (2026-09-30 09:56); other modules not verified,TRIANGULAR_GRID/experiments/graphvae/motif_true_full_matrix/seed_0
GraphVAE-REQ,TRIANGULAR_GRID,GraphVAE-REQ,GraphVAE+RG motif=True full_matrix (lambda=0.1),triangular-grid-linkcorr-motif-true-full_matrix-3seed,1,2026-08-30 12:17,b0348ce15,inferred: newest commit before the run with an identical main.py argument set,"main, feat/defog-baseline, feat/defog-fair-benchmark, feat/motif-core-v1, main",run started from a copy without .git; main.py arguments identical in 55 commits from 9f01785b4 (2026-08-26 05:07) to bc16804e3 (2026-09-30 09:56); other modules not verified,TRIANGULAR_GRID/experiments/graphvae/motif_true_full_matrix/seed_1
GraphVAE-REQ,TRIANGULAR_GRID,GraphVAE-REQ,GraphVAE+RG motif=True full_matrix (lambda=0.1),triangular-grid-linkcorr-motif-true-full_matrix-3seed,2,2026-08-30 17:26,b0348ce15,inferred: newest commit before the run with an identical main.py argument set,"main, feat/defog-baseline, feat/defog-fair-benchmark, feat/motif-core-v1, main",run started from a copy without .git; main.py arguments identical in 55 commits from 9f01785b4 (2026-08-26 05:07) to bc16804e3 (2026-09-30 09:56); other modules not verified,TRIANGULAR_GRID/experiments/graphvae/motif_true_full_matrix/seed_2
GraphVAE-REQ,TRIANGULAR_GRID,GraphVAE-REQ,GraphVAE+RG motif=True total_count (lambda=0.1),triangular-grid-linkcorr-motif-true-total_count-3seed,0,2026-08-30 04:33,90ee5d6bd,inferred: newest commit before the run with an identical main.py argument set,"main, feat/defog-baseline, feat/defog-fair-benchmark, feat/motif-core-v1, main",run started from a copy without .git; main.py arguments identical in 55 commits from 9f01785b4 (2026-08-26 05:07) to bc16804e3 (2026-09-30 09:56); other modules not verified,TRIANGULAR_GRID/experiments/graphvae/motif_true_total_count/seed_0
GraphVAE-REQ,TRIANGULAR_GRID,GraphVAE-REQ,GraphVAE+RG motif=True total_count (lambda=0.1),triangular-grid-linkcorr-motif-true-total_count-3seed,1,2026-08-30 09:41,b0348ce15,inferred: newest commit before the run with an identical main.py argument set,"main, feat/defog-baseline, feat/defog-fair-benchmark, feat/motif-core-v1, main",run started from a copy without .git; main.py arguments identical in 55 commits from 9f01785b4 (2026-08-26 05:07) to bc16804e3 (2026-09-30 09:56); other modules not verified,TRIANGULAR_GRID/experiments/graphvae/motif_true_total_count/seed_1
GraphVAE-REQ,TRIANGULAR_GRID,GraphVAE-REQ,GraphVAE+RG motif=True total_count (lambda=0.1),triangular-grid-linkcorr-motif-true-total_count-3seed,2,2026-08-30 14:51,b0348ce15,inferred: newest commit before the run with an identical main.py argument set,"main, feat/defog-baseline, feat/defog-fair-benchmark, feat/motif-core-v1, main",run started from a copy without .git; main.py arguments identical in 55 commits from 9f01785b4 (2026-08-26 05:07) to bc16804e3 (2026-09-30 09:56); other modules not verified,TRIANGULAR_GRID/experiments/graphvae/motif_true_total_count/seed_2
,TRIANGULAR_GRID,LGD,LGD (LGD_3SEED_CAMPAIGN_20260920),GraphVAEReq-diffusion-TRIANGULAR_GRID_seed0,,2026-09-20,zhouc20/LatentGraphDiffusion f597e1d + local changes,exact (campaign repo state),,OLD campaign with the epoch-0 encoder-selection bug; superseded by LGD_FIX_20260924,TRIANGULAR_GRID/experiments/lgd/GraphVAEReq-diffusion-TRIANGULAR_GRID_seed0
,TRIANGULAR_GRID,LGD,LGD (LGD_3SEED_CAMPAIGN_20260920),GraphVAEReq-diffusion-TRIANGULAR_GRID_seed1,,2026-09-20,zhouc20/LatentGraphDiffusion f597e1d + local changes,exact (campaign repo state),,OLD campaign with the epoch-0 encoder-selection bug; superseded by LGD_FIX_20260924,TRIANGULAR_GRID/experiments/lgd/GraphVAEReq-diffusion-TRIANGULAR_GRID_seed1
,TRIANGULAR_GRID,LGD,LGD (LGD_3SEED_CAMPAIGN_20260920),GraphVAEReq-encoder-TRIANGULAR_GRID_seed0,,2026-09-20,zhouc20/LatentGraphDiffusion f597e1d + local changes,exact (campaign repo state),,OLD campaign with the epoch-0 encoder-selection bug; superseded by LGD_FIX_20260924,TRIANGULAR_GRID/experiments/lgd/GraphVAEReq-encoder-TRIANGULAR_GRID_seed0
,TRIANGULAR_GRID,LGD,LGD (LGD_3SEED_CAMPAIGN_20260920),GraphVAEReq-encoder-TRIANGULAR_GRID_seed1,,2026-09-20,zhouc20/LatentGraphDiffusion f597e1d + local changes,exact (campaign repo state),,OLD campaign with the epoch-0 encoder-selection bug; superseded by LGD_FIX_20260924,TRIANGULAR_GRID/experiments/lgd/GraphVAEReq-encoder-TRIANGULAR_GRID_seed1
,TRIANGULAR_GRID,LGD,LGD (LGD_3SEED_CAMPAIGN_20260920),diffusion_seed_2,,2026-09-20,zhouc20/LatentGraphDiffusion f597e1d + local changes,exact (campaign repo state),,OLD campaign with the epoch-0 encoder-selection bug; superseded by LGD_FIX_20260924,TRIANGULAR_GRID/experiments/lgd/diffusion_seed_2
,TRIANGULAR_GRID,LGD,LGD (LGD_3SEED_CAMPAIGN_20260920),encoder_seed_2,,2026-09-20,zhouc20/LatentGraphDiffusion f597e1d + local changes,exact (campaign repo state),,OLD campaign with the epoch-0 encoder-selection bug; superseded by LGD_FIX_20260924,TRIANGULAR_GRID/experiments/lgd/encoder_seed_2
,TRIANGULAR_GRID,LGD,LGD (LGD_3SEED_CAMPAIGN_20260920),frozen_dataset,,2026-09-20,zhouc20/LatentGraphDiffusion f597e1d + local changes,exact (campaign repo state),,OLD campaign with the epoch-0 encoder-selection bug; superseded by LGD_FIX_20260924,TRIANGULAR_GRID/experiments/lgd/frozen_dataset
,TRIANGULAR_GRID,LGD,LGD (LGD_3SEED_CAMPAIGN_20260920),source_cs-cl-26,,2026-09-20,zhouc20/LatentGraphDiffusion f597e1d + local changes,exact (campaign repo state),,OLD campaign with the epoch-0 encoder-selection bug; superseded by LGD_FIX_20260924,TRIANGULAR_GRID/experiments/lgd/source_cs-cl-26
