rollout,graph_index,target_nodes,mode,raw_nodes,raw_edges,lcc_nodes,lcc_edges
0,0,30,full_threshold_0p5,15,13,9,8
0,0,30,cropped_threshold_0p5,15,13,9,8
0,0,30,cropped_calibrated,15,16,15,16
0,0,30,cropped_fixed_budget,29,45,29,45
0,1,71,full_threshold_0p5,56,55,56,55
0,1,71,cropped_threshold_0p5,56,55,56,55
0,1,71,cropped_calibrated,56,56,56,56
0,1,71,cropped_fixed_budget,51,45,32,31
0,2,73,full_threshold_0p5,16,11,4,3
0,2,73,cropped_threshold_0p5,16,11,4,3
0,2,73,cropped_calibrated,36,34,10,10
0,2,73,cropped_fixed_budget,42,45,18,22
0,3,92,full_threshold_0p5,23,21,21,20
0,3,92,cropped_threshold_0p5,23,21,21,20
0,3,92,cropped_calibrated,31,29,27,27
0,3,92,cropped_fixed_budget,50,45,30,32
0,4,86,full_threshold_0p5,24,19,12,11
0,4,86,cropped_threshold_0p5,24,19,12,11
0,4,86,cropped_calibrated,37,36,23,22
0,4,86,cropped_fixed_budget,43,45,43,45
0,5,25,full_threshold_0p5,39,38,30,32
0,5,25,cropped_threshold_0p5,24,24,24,24
0,5,25,cropped_calibrated,25,36,25,36
0,5,25,cropped_fixed_budget,25,45,25,45
0,6,74,full_threshold_0p5,75,98,75,98
0,6,74,cropped_threshold_0p5,74,97,74,97
0,6,74,cropped_calibrated,74,110,74,110
0,6,74,cropped_fixed_budget,56,45,10,9
0,7,23,full_threshold_0p5,16,12,6,5
0,7,23,cropped_threshold_0p5,8,6,6,5
0,7,23,cropped_calibrated,15,13,10,9
0,7,23,cropped_fixed_budget,23,45,23,45
0,8,49,full_threshold_0p5,30,29,30,29
0,8,49,cropped_threshold_0p5,30,29,30,29
0,8,49,cropped_calibrated,30,29,30,29
0,8,49,cropped_fixed_budget,34,45,34,45
0,9,85,full_threshold_0p5,24,25,24,25
0,9,85,cropped_threshold_0p5,24,25,24,25
0,9,85,cropped_calibrated,26,31,26,31
0,9,85,cropped_fixed_budget,34,45,34,45
0,10,74,full_threshold_0p5,75,70,32,31
0,10,74,cropped_threshold_0p5,73,68,30,29
0,10,74,cropped_calibrated,74,85,74,85
0,10,74,cropped_fixed_budget,53,45,20,19
0,11,48,full_threshold_0p5,68,89,60,84
0,11,48,cropped_threshold_0p5,40,50,36,48
0,11,48,cropped_calibrated,46,73,46,73
0,11,48,cropped_fixed_budget,40,45,36,43
0,12,95,full_threshold_0p5,22,20,17,16
0,12,95,cropped_threshold_0p5,22,20,17,16
0,12,95,cropped_calibrated,28,31,28,31
0,12,95,cropped_fixed_budget,33,45,33,45
0,13,58,full_threshold_0p5,55,55,55,55
0,13,58,cropped_threshold_0p5,55,55,55,55
0,13,58,cropped_calibrated,56,64,56,64
0,13,58,cropped_fixed_budget,49,45,40,39
0,14,43,full_threshold_0p5,15,14,12,12
0,14,43,cropped_threshold_0p5,15,14,12,12
0,14,43,cropped_calibrated,16,21,16,21
0,14,43,cropped_fixed_budget,23,45,23,45
0,15,36,full_threshold_0p5,18,13,5,4
0,15,36,cropped_threshold_0p5,10,7,4,3
0,15,36,cropped_calibrated,21,15,7,6
0,15,36,cropped_fixed_budget,36,45,36,45
0,16,50,full_threshold_0p5,25,24,25,24
0,16,50,cropped_threshold_0p5,25,24,25,24
0,16,50,cropped_calibrated,41,43,37,41
0,16,50,cropped_fixed_budget,43,45,39,43
0,17,68,full_threshold_0p5,23,17,9,8
0,17,68,cropped_threshold_0p5,23,17,9,8
0,17,68,cropped_calibrated,27,27,27,27
0,17,68,cropped_fixed_budget,34,45,34,45
0,18,65,full_threshold_0p5,51,44,23,22
0,18,65,cropped_threshold_0p5,40,35,23,22
0,18,65,cropped_calibrated,58,62,58,62
0,18,65,cropped_fixed_budget,50,45,32,31
0,19,96,full_threshold_0p5,66,61,44,43
0,19,96,cropped_threshold_0p5,66,61,44,43
0,19,96,cropped_calibrated,72,75,72,75
0,19,96,cropped_fixed_budget,53,45,26,25
1,0,30,full_threshold_0p5,44,37,16,15
1,0,30,cropped_threshold_0p5,22,19,15,14
1,0,30,cropped_calibrated,25,28,22,26
1,0,30,cropped_fixed_budget,30,45,30,45
1,1,71,full_threshold_0p5,26,23,20,19
1,1,71,cropped_threshold_0p5,26,23,20,19
1,1,71,cropped_calibrated,32,36,32,36
1,1,71,cropped_fixed_budget,34,45,34,45
1,2,73,full_threshold_0p5,95,95,77,79
1,2,73,cropped_threshold_0p5,71,73,71,73
1,2,73,cropped_calibrated,73,77,73,77
1,2,73,cropped_fixed_budget,51,45,26,25
1,3,92,full_threshold_0p5,36,30,13,12
1,3,92,cropped_threshold_0p5,36,30,13,12
1,3,92,cropped_calibrated,42,38,20,19
1,3,92,cropped_fixed_budget,45,45,43,44
1,4,86,full_threshold_0p5,60,64,55,61
1,4,86,cropped_threshold_0p5,60,64,55,61
1,4,86,cropped_calibrated,78,104,69,96
1,4,86,cropped_fixed_budget,49,45,22,21
1,5,25,full_threshold_0p5,25,24,25,24
1,5,25,cropped_threshold_0p5,19,17,14,13
1,5,25,cropped_calibrated,21,20,16,16
1,5,25,cropped_fixed_budget,25,45,25,45
1,6,74,full_threshold_0p5,20,16,11,10
1,6,74,cropped_threshold_0p5,20,16,11,10
1,6,74,cropped_calibrated,28,27,28,27
1,6,74,cropped_fixed_budget,35,45,35,45
1,7,23,full_threshold_0p5,48,47,48,47
1,7,23,cropped_threshold_0p5,23,22,23,22
1,7,23,cropped_calibrated,23,22,23,22
1,7,23,cropped_fixed_budget,23,45,23,45
1,8,49,full_threshold_0p5,15,14,15,14
1,8,49,cropped_threshold_0p5,15,14,15,14
1,8,49,cropped_calibrated,18,19,18,19
1,8,49,cropped_fixed_budget,26,45,26,45
1,9,85,full_threshold_0p5,11,8,7,6
1,9,85,cropped_threshold_0p5,11,8,7,6
1,9,85,cropped_calibrated,26,23,13,12
1,9,85,cropped_fixed_budget,44,45,35,40
1,10,74,full_threshold_0p5,19,14,8,7
1,10,74,cropped_threshold_0p5,19,14,8,7
1,10,74,cropped_calibrated,33,31,18,19
1,10,74,cropped_fixed_budget,49,45,29,30
1,11,48,full_threshold_0p5,33,33,33,33
1,11,48,cropped_threshold_0p5,33,33,33,33
1,11,48,cropped_calibrated,33,35,33,35
1,11,48,cropped_fixed_budget,35,45,33,44
1,12,95,full_threshold_0p5,33,32,33,32
1,12,95,cropped_threshold_0p5,33,32,33,32
1,12,95,cropped_calibrated,33,32,33,32
1,12,95,cropped_fixed_budget,36,45,34,44
1,13,58,full_threshold_0p5,11,11,11,11
1,13,58,cropped_threshold_0p5,11,11,11,11
1,13,58,cropped_calibrated,13,16,13,16
1,13,58,cropped_fixed_budget,25,45,22,43
1,14,43,full_threshold_0p5,78,77,78,77
1,14,43,cropped_threshold_0p5,43,42,43,42
1,14,43,cropped_calibrated,43,42,43,42
1,14,43,cropped_fixed_budget,43,45,43,45
1,15,36,full_threshold_0p5,25,22,21,20
1,15,36,cropped_threshold_0p5,20,19,20,19
1,15,36,cropped_calibrated,31,42,31,42
1,15,36,cropped_fixed_budget,33,45,33,45
1,16,50,full_threshold_0p5,61,73,33,45
1,16,50,cropped_threshold_0p5,45,45,17,17
1,16,50,cropped_calibrated,50,88,50,88
1,16,50,cropped_fixed_budget,45,45,17,17
1,17,68,full_threshold_0p5,28,22,13,12
1,17,68,cropped_threshold_0p5,28,22,13,12
1,17,68,cropped_calibrated,33,42,33,42
1,17,68,cropped_fixed_budget,34,45,34,45
1,18,65,full_threshold_0p5,77,76,77,76
1,18,65,cropped_threshold_0p5,65,64,65,64
1,18,65,cropped_calibrated,65,64,65,64
1,18,65,cropped_fixed_budget,54,45,26,25
1,19,96,full_threshold_0p5,46,44,37,38
1,19,96,cropped_threshold_0p5,46,44,37,38
1,19,96,cropped_calibrated,57,64,57,64
1,19,96,cropped_fixed_budget,47,45,38,39
2,0,30,full_threshold_0p5,85,84,85,84
2,0,30,cropped_threshold_0p5,29,28,29,28
2,0,30,cropped_calibrated,30,32,30,32
2,0,30,cropped_fixed_budget,30,45,30,45
2,1,71,full_threshold_0p5,78,76,73,72
2,1,71,cropped_threshold_0p5,70,68,65,64
2,1,71,cropped_calibrated,71,81,71,81
2,1,71,cropped_fixed_budget,47,45,42,41
2,2,73,full_threshold_0p5,45,44,45,44
2,2,73,cropped_threshold_0p5,45,44,45,44
2,2,73,cropped_calibrated,45,44,45,44
2,2,73,cropped_fixed_budget,45,45,45,45
2,3,92,full_threshold_0p5,24,22,12,11
2,3,92,cropped_threshold_0p5,24,22,12,11
2,3,92,cropped_calibrated,29,29,18,17
2,3,92,cropped_fixed_budget,29,45,29,45
2,4,86,full_threshold_0p5,55,51,30,30
2,4,86,cropped_threshold_0p5,55,51,30,30
2,4,86,cropped_calibrated,70,91,70,91
2,4,86,cropped_fixed_budget,53,45,15,14
2,5,25,full_threshold_0p5,9,6,4,3
2,5,25,cropped_threshold_0p5,9,6,4,3
2,5,25,cropped_calibrated,17,13,9,8
2,5,25,cropped_fixed_budget,22,45,22,45
2,6,74,full_threshold_0p5,63,65,57,61
2,6,74,cropped_threshold_0p5,63,65,57,61
2,6,74,cropped_calibrated,71,117,71,117
2,6,74,cropped_fixed_budget,50,45,17,16
2,7,23,full_threshold_0p5,47,40,11,10
2,7,23,cropped_threshold_0p5,20,16,11,10
2,7,23,cropped_calibrated,21,21,21,21
2,7,23,cropped_fixed_budget,23,45,23,45
2,8,49,full_threshold_0p5,24,22,21,20
2,8,49,cropped_threshold_0p5,24,22,21,20
2,8,49,cropped_calibrated,29,31,29,31
2,8,49,cropped_fixed_budget,30,45,30,45
2,9,85,full_threshold_0p5,72,69,63,62
2,9,85,cropped_threshold_0p5,72,69,63,62
2,9,85,cropped_calibrated,74,76,71,74
2,9,85,cropped_fixed_budget,56,45,16,15
2,10,74,full_threshold_0p5,75,75,75,75
2,10,74,cropped_threshold_0p5,74,74,74,74
2,10,74,cropped_calibrated,74,78,74,78
2,10,74,cropped_fixed_budget,51,45,33,32
2,11,48,full_threshold_0p5,21,17,11,10
2,11,48,cropped_threshold_0p5,21,17,11,10
2,11,48,cropped_calibrated,28,25,16,15
2,11,48,cropped_fixed_budget,34,45,34,45
2,12,95,full_threshold_0p5,33,31,27,26
2,12,95,cropped_threshold_0p5,33,31,27,26
2,12,95,cropped_calibrated,36,37,36,37
2,12,95,cropped_fixed_budget,36,45,36,45
2,13,58,full_threshold_0p5,20,22,18,21
2,13,58,cropped_threshold_0p5,20,22,18,21
2,13,58,cropped_calibrated,21,27,21,27
2,13,58,cropped_fixed_budget,27,45,27,45
2,14,43,full_threshold_0p5,38,36,29,28
2,14,43,cropped_threshold_0p5,31,29,29,28
2,14,43,cropped_calibrated,41,50,41,50
2,14,43,cropped_fixed_budget,39,45,36,43
2,15,36,full_threshold_0p5,77,74,46,46
2,15,36,cropped_threshold_0p5,33,31,28,28
2,15,36,cropped_calibrated,36,43,36,43
2,15,36,cropped_fixed_budget,36,45,36,45
2,16,50,full_threshold_0p5,37,36,37,36
2,16,50,cropped_threshold_0p5,37,36,37,36
2,16,50,cropped_calibrated,48,50,48,50
2,16,50,cropped_fixed_budget,45,45,45,45
2,17,68,full_threshold_0p5,76,75,48,48
2,17,68,cropped_threshold_0p5,68,67,48,48
2,17,68,cropped_calibrated,68,82,68,82
2,17,68,cropped_fixed_budget,50,45,34,33
2,18,65,full_threshold_0p5,86,111,84,110
2,18,65,cropped_threshold_0p5,58,72,58,72
2,18,65,cropped_calibrated,65,122,65,122
2,18,65,cropped_fixed_budget,48,45,26,26
2,19,96,full_threshold_0p5,62,65,60,64
2,19,96,cropped_threshold_0p5,62,65,60,64
2,19,96,cropped_calibrated,86,118,86,118
2,19,96,cropped_fixed_budget,45,45,41,43
3,0,30,full_threshold_0p5,89,87,59,58
3,0,30,cropped_threshold_0p5,29,27,27,26
3,0,30,cropped_calibrated,30,31,30,31
3,0,30,cropped_fixed_budget,30,45,30,45
3,1,71,full_threshold_0p5,20,16,7,6
3,1,71,cropped_threshold_0p5,20,16,7,6
3,1,71,cropped_calibrated,39,42,39,42
3,1,71,cropped_fixed_budget,40,45,40,45
3,2,73,full_threshold_0p5,90,89,90,89
3,2,73,cropped_threshold_0p5,73,72,73,72
3,2,73,cropped_calibrated,73,72,73,72
3,2,73,cropped_fixed_budget,51,45,30,29
3,3,92,full_threshold_0p5,12,11,10,10
3,3,92,cropped_threshold_0p5,12,11,10,10
3,3,92,cropped_calibrated,21,22,21,22
3,3,92,cropped_fixed_budget,32,45,32,45
3,4,86,full_threshold_0p5,57,55,54,53
3,4,86,cropped_threshold_0p5,57,55,54,53
3,4,86,cropped_calibrated,59,61,59,61
3,4,86,cropped_fixed_budget,52,45,30,29
3,5,25,full_threshold_0p5,74,68,28,27
3,5,25,cropped_threshold_0p5,24,21,15,14
3,5,25,cropped_calibrated,24,23,24,23
3,5,25,cropped_fixed_budget,25,45,25,45
3,6,74,full_threshold_0p5,37,27,9,8
3,6,74,cropped_threshold_0p5,34,25,9,8
3,6,74,cropped_calibrated,53,52,28,30
3,6,74,cropped_fixed_budget,49,45,23,23
3,7,23,full_threshold_0p5,75,69,33,32
3,7,23,cropped_threshold_0p5,18,16,15,14
3,7,23,cropped_calibrated,23,27,23,27
3,7,23,cropped_fixed_budget,23,45,23,45
3,8,49,full_threshold_0p5,56,55,56,55
3,8,49,cropped_threshold_0p5,49,48,49,48
3,8,49,cropped_calibrated,49,48,49,48
3,8,49,cropped_fixed_budget,47,45,28,27
3,9,85,full_threshold_0p5,38,34,31,30
3,9,85,cropped_threshold_0p5,38,34,31,30
3,9,85,cropped_calibrated,78,95,78,95
3,9,85,cropped_fixed_budget,49,45,41,40
3,10,74,full_threshold_0p5,28,24,20,19
3,10,74,cropped_threshold_0p5,28,24,20,19
3,10,74,cropped_calibrated,33,32,27,27
3,10,74,cropped_fixed_budget,33,45,33,45
3,11,48,full_threshold_0p5,58,65,56,64
3,11,48,cropped_threshold_0p5,46,54,46,54
3,11,48,cropped_calibrated,48,71,48,71
3,11,48,cropped_fixed_budget,41,45,39,44
3,12,95,full_threshold_0p5,92,109,89,107
3,12,95,cropped_threshold_0p5,90,107,87,105
3,12,95,cropped_calibrated,95,167,95,167
3,12,95,cropped_fixed_budget,52,45,30,30
3,13,58,full_threshold_0p5,83,82,83,82
3,13,58,cropped_threshold_0p5,58,57,58,57
3,13,58,cropped_calibrated,58,59,58,59
3,13,58,cropped_fixed_budget,52,45,32,31
3,14,43,full_threshold_0p5,21,20,21,20
3,14,43,cropped_threshold_0p5,21,20,21,20
3,14,43,cropped_calibrated,21,20,21,20
3,14,43,cropped_fixed_budget,28,45,28,45
3,15,36,full_threshold_0p5,75,74,75,74
3,15,36,cropped_threshold_0p5,36,35,36,35
3,15,36,cropped_calibrated,36,35,36,35
3,15,36,cropped_fixed_budget,36,45,36,45
3,16,50,full_threshold_0p5,46,39,19,18
3,16,50,cropped_threshold_0p5,32,28,19,18
3,16,50,cropped_calibrated,48,65,48,65
3,16,50,cropped_fixed_budget,40,45,38,44
3,17,68,full_threshold_0p5,30,25,13,12
3,17,68,cropped_threshold_0p5,30,25,13,12
3,17,68,cropped_calibrated,32,31,24,25
3,17,68,cropped_fixed_budget,34,45,34,45
3,18,65,full_threshold_0p5,14,13,12,12
3,18,65,cropped_threshold_0p5,14,13,12,12
3,18,65,cropped_calibrated,14,15,14,15
3,18,65,cropped_fixed_budget,22,45,22,45
3,19,96,full_threshold_0p5,14,12,12,11
3,19,96,cropped_threshold_0p5,14,12,12,11
3,19,96,cropped_calibrated,16,15,16,15
3,19,96,cropped_fixed_budget,31,45,31,45
4,0,30,full_threshold_0p5,49,52,46,50
4,0,30,cropped_threshold_0p5,24,25,24,25
4,0,30,cropped_calibrated,29,35,29,35
4,0,30,cropped_fixed_budget,30,45,30,45
4,1,71,full_threshold_0p5,56,55,56,55
4,1,71,cropped_threshold_0p5,56,55,56,55
4,1,71,cropped_calibrated,56,55,56,55
4,1,71,cropped_fixed_budget,52,45,21,20
4,2,73,full_threshold_0p5,54,50,29,28
4,2,73,cropped_threshold_0p5,54,50,29,28
4,2,73,cropped_calibrated,58,69,58,69
4,2,73,cropped_fixed_budget,50,45,19,18
4,3,92,full_threshold_0p5,13,13,13,13
4,3,92,cropped_threshold_0p5,13,13,13,13
4,3,92,cropped_calibrated,15,21,15,21
4,3,92,cropped_fixed_budget,23,45,23,45
4,4,86,full_threshold_0p5,60,61,60,61
4,4,86,cropped_threshold_0p5,60,61,60,61
4,4,86,cropped_calibrated,60,72,60,72
4,4,86,cropped_fixed_budget,53,45,23,22
4,5,25,full_threshold_0p5,22,16,7,6
4,5,25,cropped_threshold_0p5,18,13,7,6
4,5,25,cropped_calibrated,23,23,20,21
4,5,25,cropped_fixed_budget,25,45,25,45
4,6,74,full_threshold_0p5,20,19,10,10
4,6,74,cropped_threshold_0p5,20,19,10,10
4,6,74,cropped_calibrated,28,33,28,33
4,6,74,cropped_fixed_budget,32,45,32,45
4,7,23,full_threshold_0p5,30,31,20,23
4,7,23,cropped_threshold_0p5,21,23,18,21
4,7,23,cropped_calibrated,23,35,23,35
4,7,23,cropped_fixed_budget,23,45,23,45
4,8,49,full_threshold_0p5,54,54,40,42
4,8,49,cropped_threshold_0p5,31,30,17,18
4,8,49,cropped_calibrated,45,54,43,53
4,8,49,cropped_fixed_budget,40,45,40,45
4,9,85,full_threshold_0p5,14,14,14,14
4,9,85,cropped_threshold_0p5,14,14,14,14
4,9,85,cropped_calibrated,16,16,16,16
4,9,85,cropped_fixed_budget,31,45,29,44
4,10,74,full_threshold_0p5,16,14,13,12
4,10,74,cropped_threshold_0p5,16,14,13,12
4,10,74,cropped_calibrated,35,33,30,30
4,10,74,cropped_fixed_budget,42,45,35,41
4,11,48,full_threshold_0p5,75,74,75,74
4,11,48,cropped_threshold_0p5,48,47,48,47
4,11,48,cropped_calibrated,48,47,48,47
4,11,48,cropped_fixed_budget,48,45,29,28
4,12,95,full_threshold_0p5,49,44,31,30
4,12,95,cropped_threshold_0p5,49,44,31,30
4,12,95,cropped_calibrated,50,54,50,54
4,12,95,cropped_fixed_budget,49,45,31,30
4,13,58,full_threshold_0p5,22,21,22,21
4,13,58,cropped_threshold_0p5,22,21,22,21
4,13,58,cropped_calibrated,23,22,23,22
4,13,58,cropped_fixed_budget,33,45,33,45
4,14,43,full_threshold_0p5,29,28,29,28
4,14,43,cropped_threshold_0p5,29,28,29,28
4,14,43,cropped_calibrated,29,29,29,29
4,14,43,cropped_fixed_budget,30,45,30,45
4,15,36,full_threshold_0p5,39,38,25,26
4,15,36,cropped_threshold_0p5,30,29,20,21
4,15,36,cropped_calibrated,35,40,35,40
4,15,36,cropped_fixed_budget,35,45,35,45
4,16,50,full_threshold_0p5,31,32,31,32
4,16,50,cropped_threshold_0p5,31,32,31,32
4,16,50,cropped_calibrated,37,42,37,42
4,16,50,cropped_fixed_budget,38,45,38,45
4,17,68,full_threshold_0p5,76,71,51,51
4,17,68,cropped_threshold_0p5,66,61,48,48
4,17,68,cropped_calibrated,68,70,66,69
4,17,68,cropped_fixed_budget,53,45,25,24
4,18,65,full_threshold_0p5,72,71,72,71
4,18,65,cropped_threshold_0p5,65,64,65,64
4,18,65,cropped_calibrated,65,65,65,65
4,18,65,cropped_fixed_budget,51,45,18,17
4,19,96,full_threshold_0p5,46,46,35,37
4,19,96,cropped_threshold_0p5,46,46,35,37
4,19,96,cropped_calibrated,50,62,50,62
4,19,96,cropped_fixed_budget,45,45,34,36
5,0,30,full_threshold_0p5,66,72,55,62
5,0,30,cropped_threshold_0p5,22,24,22,24
5,0,30,cropped_calibrated,25,32,25,32
5,0,30,cropped_fixed_budget,30,45,30,45
5,1,71,full_threshold_0p5,10,8,8,7
5,1,71,cropped_threshold_0p5,10,8,8,7
5,1,71,cropped_calibrated,22,21,19,19
5,1,71,cropped_fixed_budget,27,45,27,45
5,2,73,full_threshold_0p5,21,17,6,5
5,2,73,cropped_threshold_0p5,21,17,6,5
5,2,73,cropped_calibrated,37,38,22,24
5,2,73,cropped_fixed_budget,41,45,41,45
5,3,92,full_threshold_0p5,39,29,10,9
5,3,92,cropped_threshold_0p5,39,29,10,9
5,3,92,cropped_calibrated,48,46,40,40
5,3,92,cropped_fixed_budget,47,45,40,40
5,4,86,full_threshold_0p5,43,46,43,46
5,4,86,cropped_threshold_0p5,43,46,43,46
5,4,86,cropped_calibrated,48,68,48,68
5,4,86,cropped_fixed_budget,43,45,41,44
5,5,25,full_threshold_0p5,71,69,37,36
5,5,25,cropped_threshold_0p5,19,17,16,15
5,5,25,cropped_calibrated,24,22,22,21
5,5,25,cropped_fixed_budget,25,45,25,45
5,6,74,full_threshold_0p5,43,40,28,29
5,6,74,cropped_threshold_0p5,43,40,28,29
5,6,74,cropped_calibrated,46,47,37,39
5,6,74,cropped_fixed_budget,46,45,35,36
5,7,23,full_threshold_0p5,56,56,56,56
5,7,23,cropped_threshold_0p5,23,22,23,22
5,7,23,cropped_calibrated,23,23,23,23
5,7,23,cropped_fixed_budget,23,45,23,45
5,8,49,full_threshold_0p5,18,14,9,8
5,8,49,cropped_threshold_0p5,18,14,9,8
5,8,49,cropped_calibrated,36,35,33,33
5,8,49,cropped_fixed_budget,40,45,37,43
5,9,85,full_threshold_0p5,15,14,11,11
5,9,85,cropped_threshold_0p5,15,14,11,11
5,9,85,cropped_calibrated,33,30,17,17
5,9,85,cropped_fixed_budget,46,45,21,22
5,10,74,full_threshold_0p5,26,24,17,16
5,10,74,cropped_threshold_0p5,26,24,17,16
5,10,74,cropped_calibrated,33,31,20,19
5,10,74,cropped_fixed_budget,33,45,33,45
5,11,48,full_threshold_0p5,17,14,7,6
5,11,48,cropped_threshold_0p5,17,14,7,6
5,11,48,cropped_calibrated,23,22,17,17
5,11,48,cropped_fixed_budget,26,45,26,45
5,12,95,full_threshold_0p5,30,28,21,20
5,12,95,cropped_threshold_0p5,30,28,21,20
5,12,95,cropped_calibrated,33,31,31,30
5,12,95,cropped_fixed_budget,48,45,31,34
5,13,58,full_threshold_0p5,25,23,19,18
5,13,58,cropped_threshold_0p5,25,23,19,18
5,13,58,cropped_calibrated,30,32,30,32
5,13,58,cropped_fixed_budget,33,45,33,45
5,14,43,full_threshold_0p5,60,59,60,59
5,14,43,cropped_threshold_0p5,43,42,43,42
5,14,43,cropped_calibrated,43,42,43,42
5,14,43,cropped_fixed_budget,43,45,43,45
5,15,36,full_threshold_0p5,71,79,71,79
5,15,36,cropped_threshold_0p5,36,35,36,35
5,15,36,cropped_calibrated,36,40,36,40
5,15,36,cropped_fixed_budget,36,45,36,45
5,16,50,full_threshold_0p5,50,48,42,41
5,16,50,cropped_threshold_0p5,49,47,41,40
5,16,50,cropped_calibrated,50,48,42,41
5,16,50,cropped_fixed_budget,48,45,23,22
5,17,68,full_threshold_0p5,9,7,7,6
5,17,68,cropped_threshold_0p5,9,7,7,6
5,17,68,cropped_calibrated,17,16,15,15
5,17,68,cropped_fixed_budget,32,45,30,44
5,18,65,full_threshold_0p5,60,49,18,17
5,18,65,cropped_threshold_0p5,52,43,18,17
5,18,65,cropped_calibrated,61,57,41,40
5,18,65,cropped_fixed_budget,53,45,24,23
5,19,96,full_threshold_0p5,32,26,21,20
5,19,96,cropped_threshold_0p5,32,26,21,20
5,19,96,cropped_calibrated,55,57,48,52
5,19,96,cropped_fixed_budget,50,45,36,35
6,0,30,full_threshold_0p5,76,75,76,75
6,0,30,cropped_threshold_0p5,29,28,29,28
6,0,30,cropped_calibrated,30,29,30,29
6,0,30,cropped_fixed_budget,30,45,30,45
6,1,71,full_threshold_0p5,75,74,75,74
6,1,71,cropped_threshold_0p5,71,70,71,70
6,1,71,cropped_calibrated,71,70,71,70
6,1,71,cropped_fixed_budget,55,45,18,17
6,2,73,full_threshold_0p5,65,61,37,38
6,2,73,cropped_threshold_0p5,55,51,27,28
6,2,73,cropped_calibrated,63,75,60,73
6,2,73,cropped_fixed_budget,51,45,25,25
6,3,92,full_threshold_0p5,38,36,19,18
6,3,92,cropped_threshold_0p5,38,36,19,18
6,3,92,cropped_calibrated,43,48,41,47
6,3,92,cropped_fixed_budget,43,45,38,42
6,4,86,full_threshold_0p5,27,23,16,17
6,4,86,cropped_threshold_0p5,27,23,16,17
6,4,86,cropped_calibrated,62,72,52,65
6,4,86,cropped_fixed_budget,47,45,29,33
6,5,25,full_threshold_0p5,42,33,9,8
6,5,25,cropped_threshold_0p5,15,10,7,6
6,5,25,cropped_calibrated,20,19,15,16
6,5,25,cropped_fixed_budget,25,45,25,45
6,6,74,full_threshold_0p5,30,36,30,36
6,6,74,cropped_threshold_0p5,30,36,30,36
6,6,74,cropped_calibrated,30,44,30,44
6,6,74,cropped_fixed_budget,30,45,30,45
6,7,23,full_threshold_0p5,54,51,49,48
6,7,23,cropped_threshold_0p5,19,16,14,13
6,7,23,cropped_calibrated,22,27,22,27
6,7,23,cropped_fixed_budget,23,45,23,45
6,8,49,full_threshold_0p5,89,93,66,71
6,8,49,cropped_threshold_0p5,46,51,46,51
6,8,49,cropped_calibrated,49,61,49,61
6,8,49,cropped_fixed_budget,44,45,44,45
6,9,85,full_threshold_0p5,13,13,11,12
6,9,85,cropped_threshold_0p5,13,13,11,12
6,9,85,cropped_calibrated,17,22,17,22
6,9,85,cropped_fixed_budget,26,45,26,45
6,10,74,full_threshold_0p5,35,39,35,39
6,10,74,cropped_threshold_0p5,35,39,35,39
6,10,74,cropped_calibrated,44,61,44,61
6,10,74,cropped_fixed_budget,39,45,37,44
6,11,48,full_threshold_0p5,50,49,44,43
6,11,48,cropped_threshold_0p5,48,47,42,41
6,11,48,cropped_calibrated,48,56,48,56
6,11,48,cropped_fixed_budget,48,45,42,41
6,12,95,full_threshold_0p5,36,32,23,22
6,12,95,cropped_threshold_0p5,36,32,23,22
6,12,95,cropped_calibrated,57,59,57,59
6,12,95,cropped_fixed_budget,46,45,44,44
6,13,58,full_threshold_0p5,25,23,19,18
6,13,58,cropped_threshold_0p5,25,23,19,18
6,13,58,cropped_calibrated,26,25,26,25
6,13,58,cropped_fixed_budget,29,45,29,45
6,14,43,full_threshold_0p5,54,55,47,48
6,14,43,cropped_threshold_0p5,40,40,33,33
6,14,43,cropped_calibrated,41,51,41,51
6,14,43,cropped_fixed_budget,40,45,40,45
6,15,36,full_threshold_0p5,19,14,7,6
6,15,36,cropped_threshold_0p5,19,14,7,6
6,15,36,cropped_calibrated,23,25,21,24
6,15,36,cropped_fixed_budget,33,45,31,44
6,16,50,full_threshold_0p5,29,27,18,17
6,16,50,cropped_threshold_0p5,29,27,18,17
6,16,50,cropped_calibrated,29,29,18,17
6,16,50,cropped_fixed_budget,30,45,30,45
6,17,68,full_threshold_0p5,20,17,15,14
6,17,68,cropped_threshold_0p5,20,17,15,14
6,17,68,cropped_calibrated,41,41,33,36
6,17,68,cropped_fixed_budget,45,45,36,39
6,18,65,full_threshold_0p5,55,55,55,55
6,18,65,cropped_threshold_0p5,55,55,55,55
6,18,65,cropped_calibrated,55,59,55,59
6,18,65,cropped_fixed_budget,49,45,27,26
6,19,96,full_threshold_0p5,91,89,74,73
6,19,96,cropped_threshold_0p5,91,89,74,73
6,19,96,cropped_calibrated,91,90,74,73
6,19,96,cropped_fixed_budget,58,45,16,15
7,0,30,full_threshold_0p5,49,56,49,56
7,0,30,cropped_threshold_0p5,28,31,28,31
7,0,30,cropped_calibrated,30,44,30,44
7,0,30,cropped_fixed_budget,30,45,30,45
7,1,71,full_threshold_0p5,10,11,10,11
7,1,71,cropped_threshold_0p5,10,11,10,11
7,1,71,cropped_calibrated,13,14,13,14
7,1,71,cropped_fixed_budget,45,45,16,24
7,2,73,full_threshold_0p5,78,88,73,85
7,2,73,cropped_threshold_0p5,73,83,68,80
7,2,73,cropped_calibrated,73,110,73,110
7,2,73,cropped_fixed_budget,52,45,26,26
7,3,92,full_threshold_0p5,22,15,5,4
7,3,92,cropped_threshold_0p5,22,15,5,4
7,3,92,cropped_calibrated,29,32,29,32
7,3,92,cropped_fixed_budget,31,45,31,45
7,4,86,full_threshold_0p5,72,71,72,71
7,4,86,cropped_threshold_0p5,72,71,72,71
7,4,86,cropped_calibrated,72,71,72,71
7,4,86,cropped_fixed_budget,51,45,23,22
7,5,25,full_threshold_0p5,60,65,56,62
7,5,25,cropped_threshold_0p5,25,29,25,29
7,5,25,cropped_calibrated,25,36,25,36
7,5,25,cropped_fixed_budget,25,45,25,45
7,6,74,full_threshold_0p5,75,74,45,46
7,6,74,cropped_threshold_0p5,70,69,45,46
7,6,74,cropped_calibrated,74,77,74,77
7,6,74,cropped_fixed_budget,54,45,26,25
7,7,23,full_threshold_0p5,9,6,5,4
7,7,23,cropped_threshold_0p5,7,5,5,4
7,7,23,cropped_calibrated,13,11,10,9
7,7,23,cropped_fixed_budget,23,45,23,45
7,8,49,full_threshold_0p5,9,7,6,5
7,8,49,cropped_threshold_0p5,9,7,6,5
7,8,49,cropped_calibrated,16,19,16,19
7,8,49,cropped_fixed_budget,26,45,26,45
7,9,85,full_threshold_0p5,7,5,5,4
7,9,85,cropped_threshold_0p5,7,5,5,4
7,9,85,cropped_calibrated,16,12,9,8
7,9,85,cropped_fixed_budget,39,45,37,44
7,10,74,full_threshold_0p5,77,75,47,47
7,10,74,cropped_threshold_0p5,67,65,37,37
7,10,74,cropped_calibrated,73,106,73,106
7,10,74,cropped_fixed_budget,52,45,14,14
7,11,48,full_threshold_0p5,46,44,38,38
7,11,48,cropped_threshold_0p5,39,38,34,34
7,11,48,cropped_calibrated,44,48,37,42
7,11,48,cropped_fixed_budget,43,45,37,40
7,12,95,full_threshold_0p5,16,13,8,7
7,12,95,cropped_threshold_0p5,16,13,8,7
7,12,95,cropped_calibrated,30,28,11,12
7,12,95,cropped_fixed_budget,42,45,36,40
7,13,58,full_threshold_0p5,13,12,13,12
7,13,58,cropped_threshold_0p5,13,12,13,12
7,13,58,cropped_calibrated,15,18,15,18
7,13,58,cropped_fixed_budget,25,45,25,45
7,14,43,full_threshold_0p5,27,17,6,5
7,14,43,cropped_threshold_0p5,27,17,6,5
7,14,43,cropped_calibrated,37,37,35,36
7,14,43,cropped_fixed_budget,40,45,40,45
7,15,36,full_threshold_0p5,77,76,77,76
7,15,36,cropped_threshold_0p5,36,35,36,35
7,15,36,cropped_calibrated,36,35,36,35
7,15,36,cropped_fixed_budget,36,45,36,45
7,16,50,full_threshold_0p5,33,29,23,22
7,16,50,cropped_threshold_0p5,33,29,23,22
7,16,50,cropped_calibrated,45,47,33,37
7,16,50,cropped_fixed_budget,44,45,32,35
7,17,68,full_threshold_0p5,41,38,20,20
7,17,68,cropped_threshold_0p5,41,38,20,20
7,17,68,cropped_calibrated,66,80,61,77
7,17,68,cropped_fixed_budget,45,45,23,23
7,18,65,full_threshold_0p5,41,32,8,7
7,18,65,cropped_threshold_0p5,39,31,8,7
7,18,65,cropped_calibrated,57,52,31,30
7,18,65,cropped_fixed_budget,52,45,19,18
7,19,96,full_threshold_0p5,36,38,36,38
7,19,96,cropped_threshold_0p5,36,38,36,38
7,19,96,cropped_calibrated,36,45,36,45
7,19,96,cropped_fixed_budget,36,45,36,45
8,0,30,full_threshold_0p5,13,12,13,12
8,0,30,cropped_threshold_0p5,13,12,13,12
8,0,30,cropped_calibrated,14,14,14,14
8,0,30,cropped_fixed_budget,22,45,22,45
8,1,71,full_threshold_0p5,91,89,64,63
8,1,71,cropped_threshold_0p5,71,69,44,43
8,1,71,cropped_calibrated,71,72,71,72
8,1,71,cropped_fixed_budget,57,45,15,14
8,2,73,full_threshold_0p5,46,36,21,20
8,2,73,cropped_threshold_0p5,42,34,21,20
8,2,73,cropped_calibrated,70,84,68,83
8,2,73,cropped_fixed_budget,52,45,27,26
8,3,92,full_threshold_0p5,55,54,55,54
8,3,92,cropped_threshold_0p5,55,54,55,54
8,3,92,cropped_calibrated,55,54,55,54
8,3,92,cropped_fixed_budget,51,45,28,27
8,4,86,full_threshold_0p5,14,12,8,7
8,4,86,cropped_threshold_0p5,14,12,8,7
8,4,86,cropped_calibrated,34,34,32,33
8,4,86,cropped_fixed_budget,41,45,39,44
8,5,25,full_threshold_0p5,18,15,9,8
8,5,25,cropped_threshold_0p5,18,15,9,8
8,5,25,cropped_calibrated,20,18,11,10
8,5,25,cropped_fixed_budget,25,45,25,45
8,6,74,full_threshold_0p5,68,72,61,67
8,6,74,cropped_threshold_0p5,68,72,61,67
8,6,74,cropped_calibrated,70,114,70,114
8,6,74,cropped_fixed_budget,51,45,29,28
8,7,23,full_threshold_0p5,57,48,12,11
8,7,23,cropped_threshold_0p5,15,10,5,4
8,7,23,cropped_calibrated,18,16,16,15
8,7,23,cropped_fixed_budget,23,45,23,45
8,8,49,full_threshold_0p5,11,8,7,6
8,8,49,cropped_threshold_0p5,11,8,7,6
8,8,49,cropped_calibrated,25,20,9,9
8,8,49,cropped_fixed_budget,40,45,40,45
8,9,85,full_threshold_0p5,32,26,12,11
8,9,85,cropped_threshold_0p5,32,26,12,11
8,9,85,cropped_calibrated,42,39,21,20
8,9,85,cropped_fixed_budget,43,45,43,45
8,10,74,full_threshold_0p5,83,82,83,82
8,10,74,cropped_threshold_0p5,74,73,74,73
8,10,74,cropped_calibrated,74,73,74,73
8,10,74,cropped_fixed_budget,52,45,24,23
8,11,48,full_threshold_0p5,45,43,33,32
8,11,48,cropped_threshold_0p5,45,43,33,32
8,11,48,cropped_calibrated,45,45,45,45
8,11,48,cropped_fixed_budget,45,45,45,45
8,12,95,full_threshold_0p5,47,45,39,38
8,12,95,cropped_threshold_0p5,47,45,39,38
8,12,95,cropped_calibrated,48,53,48,53
8,12,95,cropped_fixed_budget,47,45,39,38
8,13,58,full_threshold_0p5,48,46,46,45
8,13,58,cropped_threshold_0p5,48,46,46,45
8,13,58,cropped_calibrated,55,68,55,68
8,13,58,cropped_fixed_budget,48,45,41,40
8,14,43,full_threshold_0p5,35,26,9,8
8,14,43,cropped_threshold_0p5,20,16,9,8
8,14,43,cropped_calibrated,35,38,35,38
8,14,43,cropped_fixed_budget,37,45,37,45
8,15,36,full_threshold_0p5,28,24,11,10
8,15,36,cropped_threshold_0p5,27,23,11,10
8,15,36,cropped_calibrated,33,34,33,34
8,15,36,cropped_fixed_budget,36,45,36,45
8,16,50,full_threshold_0p5,57,65,55,64
8,16,50,cropped_threshold_0p5,50,59,50,59
8,16,50,cropped_calibrated,50,79,50,79
8,16,50,cropped_fixed_budget,45,45,32,35
8,17,68,full_threshold_0p5,19,15,8,8
8,17,68,cropped_threshold_0p5,19,15,8,8
8,17,68,cropped_calibrated,29,26,11,10
8,17,68,cropped_fixed_budget,39,45,33,40
8,18,65,full_threshold_0p5,68,66,35,34
8,18,65,cropped_threshold_0p5,61,59,35,34
8,18,65,cropped_calibrated,64,64,64,64
8,18,65,cropped_fixed_budget,49,45,22,21
8,19,96,full_threshold_0p5,28,26,16,15
8,19,96,cropped_threshold_0p5,28,26,16,15
8,19,96,cropped_calibrated,29,28,16,15
8,19,96,cropped_fixed_budget,32,45,30,44
9,0,30,full_threshold_0p5,42,40,37,36
9,0,30,cropped_threshold_0p5,29,27,24,23
9,0,30,cropped_calibrated,30,29,30,29
9,0,30,cropped_fixed_budget,30,45,30,45
9,1,71,full_threshold_0p5,83,82,83,82
9,1,71,cropped_threshold_0p5,71,70,71,70
9,1,71,cropped_calibrated,71,70,71,70
9,1,71,cropped_fixed_budget,53,45,19,18
9,2,73,full_threshold_0p5,23,17,9,8
9,2,73,cropped_threshold_0p5,23,17,9,8
9,2,73,cropped_calibrated,45,42,27,30
9,2,73,cropped_fixed_budget,45,45,35,38
9,3,92,full_threshold_0p5,79,75,37,36
9,3,92,cropped_threshold_0p5,79,75,37,36
9,3,92,cropped_calibrated,84,84,84,84
9,3,92,cropped_fixed_budget,51,45,11,10
9,4,86,full_threshold_0p5,62,57,26,25
9,4,86,cropped_threshold_0p5,62,57,26,25
9,4,86,cropped_calibrated,69,76,64,72
9,4,86,cropped_fixed_budget,53,45,20,19
9,5,25,full_threshold_0p5,91,91,91,91
9,5,25,cropped_threshold_0p5,25,24,25,24
9,5,25,cropped_calibrated,25,24,25,24
9,5,25,cropped_fixed_budget,25,45,25,45
9,6,74,full_threshold_0p5,20,18,17,16
9,6,74,cropped_threshold_0p5,20,18,17,16
9,6,74,cropped_calibrated,26,25,18,19
9,6,74,cropped_fixed_budget,40,45,38,44
9,7,23,full_threshold_0p5,83,81,76,75
9,7,23,cropped_threshold_0p5,23,21,16,15
9,7,23,cropped_calibrated,23,22,16,15
9,7,23,cropped_fixed_budget,23,45,23,45
9,8,49,full_threshold_0p5,19,18,19,18
9,8,49,cropped_threshold_0p5,19,18,19,18
9,8,49,cropped_calibrated,33,41,33,41
9,8,49,cropped_fixed_budget,34,45,34,45
9,9,85,full_threshold_0p5,62,54,26,25
9,9,85,cropped_threshold_0p5,62,54,26,25
9,9,85,cropped_calibrated,70,72,70,72
9,9,85,cropped_fixed_budget,55,45,19,18
9,10,74,full_threshold_0p5,86,85,86,85
9,10,74,cropped_threshold_0p5,74,73,74,73
9,10,74,cropped_calibrated,74,73,74,73
9,10,74,cropped_fixed_budget,54,45,10,9
9,11,48,full_threshold_0p5,81,77,39,38
9,11,48,cropped_threshold_0p5,37,34,18,21
9,11,48,cropped_calibrated,44,54,38,49
9,11,48,cropped_fixed_budget,42,45,18,23
9,12,95,full_threshold_0p5,44,43,26,28
9,12,95,cropped_threshold_0p5,44,43,26,28
9,12,95,cropped_calibrated,73,112,73,112
9,12,95,cropped_fixed_budget,45,45,29,31
9,13,58,full_threshold_0p5,29,28,29,28
9,13,58,cropped_threshold_0p5,29,28,29,28
9,13,58,cropped_calibrated,29,28,29,28
9,13,58,cropped_fixed_budget,29,45,29,45
9,14,43,full_threshold_0p5,31,27,16,15
9,14,43,cropped_threshold_0p5,29,25,16,15
9,14,43,cropped_calibrated,41,42,37,39
9,14,43,cropped_fixed_budget,43,45,39,42
9,15,36,full_threshold_0p5,28,26,23,23
9,15,36,cropped_threshold_0p5,23,23,23,23
9,15,36,cropped_calibrated,31,32,31,32
9,15,36,cropped_fixed_budget,35,45,35,45
9,16,50,full_threshold_0p5,9,8,9,8
9,16,50,cropped_threshold_0p5,9,8,9,8
9,16,50,cropped_calibrated,15,13,13,12
9,16,50,cropped_fixed_budget,33,45,33,45
9,17,68,full_threshold_0p5,88,88,80,81
9,17,68,cropped_threshold_0p5,65,65,57,58
9,17,68,cropped_calibrated,66,73,66,73
9,17,68,cropped_fixed_budget,50,45,31,30
9,18,65,full_threshold_0p5,47,69,47,69
9,18,65,cropped_threshold_0p5,47,69,47,69
9,18,65,cropped_calibrated,48,78,48,78
9,18,65,cropped_fixed_budget,44,45,21,22
9,19,96,full_threshold_0p5,46,35,13,12
9,19,96,cropped_threshold_0p5,46,35,13,12
9,19,96,cropped_calibrated,72,72,41,43
9,19,96,cropped_fixed_budget,59,45,16,15
10,0,30,full_threshold_0p5,46,45,46,45
10,0,30,cropped_threshold_0p5,28,27,28,27
10,0,30,cropped_calibrated,30,29,30,29
10,0,30,cropped_fixed_budget,30,45,30,45
10,1,71,full_threshold_0p5,84,84,37,41
10,1,71,cropped_threshold_0p5,61,56,23,23
10,1,71,cropped_calibrated,67,88,60,82
10,1,71,cropped_fixed_budget,54,45,18,17
10,2,73,full_threshold_0p5,18,15,14,13
10,2,73,cropped_threshold_0p5,18,15,14,13
10,2,73,cropped_calibrated,26,23,17,17
10,2,73,cropped_fixed_budget,50,45,26,27
10,3,92,full_threshold_0p5,11,9,7,6
10,3,92,cropped_threshold_0p5,11,9,7,6
10,3,92,cropped_calibrated,15,20,15,20
10,3,92,cropped_fixed_budget,26,45,24,44
10,4,86,full_threshold_0p5,14,13,14,13
10,4,86,cropped_threshold_0p5,14,13,14,13
10,4,86,cropped_calibrated,14,17,14,17
10,4,86,cropped_fixed_budget,26,45,26,45
10,5,25,full_threshold_0p5,66,70,43,52
10,5,25,cropped_threshold_0p5,22,16,8,7
10,5,25,cropped_calibrated,25,27,23,26
10,5,25,cropped_fixed_budget,25,45,25,45
10,6,74,full_threshold_0p5,56,55,56,55
10,6,74,cropped_threshold_0p5,56,55,56,55
10,6,74,cropped_calibrated,56,56,56,56
10,6,74,cropped_fixed_budget,50,45,33,32
10,7,23,full_threshold_0p5,55,57,55,57
10,7,23,cropped_threshold_0p5,22,23,22,23
10,7,23,cropped_calibrated,23,29,23,29
10,7,23,cropped_fixed_budget,23,45,23,45
10,8,49,full_threshold_0p5,26,19,13,12
10,8,49,cropped_threshold_0p5,26,19,13,12
10,8,49,cropped_calibrated,40,40,20,22
10,8,49,cropped_fixed_budget,41,45,34,39
10,9,85,full_threshold_0p5,85,83,81,81
10,9,85,cropped_threshold_0p5,73,72,71,71
10,9,85,cropped_calibrated,83,96,81,95
10,9,85,cropped_fixed_budget,52,45,18,17
10,10,74,full_threshold_0p5,71,69,67,66
10,10,74,cropped_threshold_0p5,71,69,67,66
10,10,74,cropped_calibrated,71,70,71,70
10,10,74,cropped_fixed_budget,54,45,11,10
10,11,48,full_threshold_0p5,21,19,11,10
10,11,48,cropped_threshold_0p5,21,19,11,10
10,11,48,cropped_calibrated,43,43,43,43
10,11,48,cropped_fixed_budget,44,45,44,45
10,12,95,full_threshold_0p5,45,47,45,47
10,12,95,cropped_threshold_0p5,45,47,45,47
10,12,95,cropped_calibrated,69,93,69,93
10,12,95,cropped_fixed_budget,44,45,44,45
10,13,58,full_threshold_0p5,41,38,29,28
10,13,58,cropped_threshold_0p5,41,38,29,28
10,13,58,cropped_calibrated,43,42,43,42
10,13,58,cropped_fixed_budget,46,45,46,45
10,14,43,full_threshold_0p5,22,21,22,21
10,14,43,cropped_threshold_0p5,22,21,22,21
10,14,43,cropped_calibrated,22,22,22,22
10,14,43,cropped_fixed_budget,28,45,28,45
10,15,36,full_threshold_0p5,13,14,13,14
10,15,36,cropped_threshold_0p5,13,14,13,14
10,15,36,cropped_calibrated,14,16,14,16
10,15,36,cropped_fixed_budget,29,45,29,45
10,16,50,full_threshold_0p5,91,90,91,90
10,16,50,cropped_threshold_0p5,50,49,50,49
10,16,50,cropped_calibrated,50,49,50,49
10,16,50,cropped_fixed_budget,48,45,23,22
10,17,68,full_threshold_0p5,23,22,11,11
10,17,68,cropped_threshold_0p5,23,22,11,11
10,17,68,cropped_calibrated,37,36,18,19
10,17,68,cropped_fixed_budget,39,45,34,41
10,18,65,full_threshold_0p5,32,30,26,26
10,18,65,cropped_threshold_0p5,32,30,26,26
10,18,65,cropped_calibrated,48,68,48,68
10,18,65,cropped_fixed_budget,40,45,40,45
10,19,96,full_threshold_0p5,33,29,20,20
10,19,96,cropped_threshold_0p5,33,29,20,20
10,19,96,cropped_calibrated,44,41,21,23
10,19,96,cropped_fixed_budget,46,45,27,29
11,0,30,full_threshold_0p5,60,59,60,59
11,0,30,cropped_threshold_0p5,30,29,30,29
11,0,30,cropped_calibrated,30,29,30,29
11,0,30,cropped_fixed_budget,30,45,30,45
11,1,71,full_threshold_0p5,49,52,44,48
11,1,71,cropped_threshold_0p5,49,52,44,48
11,1,71,cropped_calibrated,50,69,45,65
11,1,71,cropped_fixed_budget,47,45,38,39
11,2,73,full_threshold_0p5,22,21,14,14
11,2,73,cropped_threshold_0p5,22,21,14,14
11,2,73,cropped_calibrated,31,35,31,35
11,2,73,cropped_fixed_budget,36,45,36,45
11,3,92,full_threshold_0p5,10,9,8,8
11,3,92,cropped_threshold_0p5,10,9,8,8
11,3,92,cropped_calibrated,21,22,21,22
11,3,92,cropped_fixed_budget,26,45,26,45
11,4,86,full_threshold_0p5,35,32,24,23
11,4,86,cropped_threshold_0p5,35,32,24,23
11,4,86,cropped_calibrated,56,63,56,63
11,4,86,cropped_fixed_budget,47,45,44,43
11,5,25,full_threshold_0p5,22,17,11,10
11,5,25,cropped_threshold_0p5,15,11,8,7
11,5,25,cropped_calibrated,25,34,25,34
11,5,25,cropped_fixed_budget,25,45,25,45
11,6,74,full_threshold_0p5,35,33,29,29
11,6,74,cropped_threshold_0p5,35,33,29,29
11,6,74,cropped_calibrated,71,77,68,75
11,6,74,cropped_fixed_budget,47,45,29,30
11,7,23,full_threshold_0p5,59,65,53,61
11,7,23,cropped_threshold_0p5,23,26,23,26
11,7,23,cropped_calibrated,23,33,23,33
11,7,23,cropped_fixed_budget,23,45,23,45
11,8,49,full_threshold_0p5,83,76,57,56
11,8,49,cropped_threshold_0p5,48,41,22,21
11,8,49,cropped_calibrated,49,58,47,57
11,8,49,cropped_fixed_budget,49,45,23,22
11,9,85,full_threshold_0p5,22,20,17,17
11,9,85,cropped_threshold_0p5,22,20,17,17
11,9,85,cropped_calibrated,27,27,27,27
11,9,85,cropped_fixed_budget,38,45,38,45
11,10,74,full_threshold_0p5,85,81,52,51
11,10,74,cropped_threshold_0p5,68,64,35,34
11,10,74,cropped_calibrated,74,72,71,70
11,10,74,cropped_fixed_budget,55,45,11,10
11,11,48,full_threshold_0p5,48,47,48,47
11,11,48,cropped_threshold_0p5,48,47,48,47
11,11,48,cropped_calibrated,48,47,48,47
11,11,48,cropped_fixed_budget,47,45,35,34
11,12,95,full_threshold_0p5,49,47,34,34
11,12,95,cropped_threshold_0p5,49,47,34,34
11,12,95,cropped_calibrated,50,53,50,53
11,12,95,cropped_fixed_budget,48,45,33,32
11,13,58,full_threshold_0p5,86,85,86,85
11,13,58,cropped_threshold_0p5,58,57,58,57
11,13,58,cropped_calibrated,58,58,58,58
11,13,58,cropped_fixed_budget,50,45,31,30
11,14,43,full_threshold_0p5,83,82,83,82
11,14,43,cropped_threshold_0p5,43,42,43,42
11,14,43,cropped_calibrated,43,42,43,42
11,14,43,cropped_fixed_budget,43,45,43,45
11,15,36,full_threshold_0p5,78,77,78,77
11,15,36,cropped_threshold_0p5,36,35,36,35
11,15,36,cropped_calibrated,36,35,36,35
11,15,36,cropped_fixed_budget,36,45,36,45
11,16,50,full_threshold_0p5,56,55,56,55
11,16,50,cropped_threshold_0p5,50,49,50,49
11,16,50,cropped_calibrated,50,49,50,49
11,16,50,cropped_fixed_budget,49,45,36,35
11,17,68,full_threshold_0p5,33,32,33,32
11,17,68,cropped_threshold_0p5,33,32,33,32
11,17,68,cropped_calibrated,33,32,33,32
11,17,68,cropped_fixed_budget,33,45,33,45
11,18,65,full_threshold_0p5,41,41,26,29
11,18,65,cropped_threshold_0p5,41,41,26,29
11,18,65,cropped_calibrated,63,70,60,68
11,18,65,cropped_fixed_budget,45,45,28,31
11,19,96,full_threshold_0p5,43,42,43,42
11,19,96,cropped_threshold_0p5,43,42,43,42
11,19,96,cropped_calibrated,43,42,43,42
11,19,96,cropped_fixed_budget,44,45,44,45
12,0,30,full_threshold_0p5,44,43,35,36
12,0,30,cropped_threshold_0p5,27,25,18,18
12,0,30,cropped_calibrated,30,30,30,30
12,0,30,cropped_fixed_budget,30,45,30,45
12,1,71,full_threshold_0p5,60,59,60,59
12,1,71,cropped_threshold_0p5,60,59,60,59
12,1,71,cropped_calibrated,60,61,60,61
12,1,71,cropped_fixed_budget,53,45,18,17
12,2,73,full_threshold_0p5,27,23,19,19
12,2,73,cropped_threshold_0p5,27,23,19,19
12,2,73,cropped_calibrated,56,57,46,49
12,2,73,cropped_fixed_budget,46,45,39,40
12,3,92,full_threshold_0p5,23,17,6,5
12,3,92,cropped_threshold_0p5,23,17,6,5
12,3,92,cropped_calibrated,40,38,21,22
12,3,92,cropped_fixed_budget,43,45,27,31
12,4,86,full_threshold_0p5,44,42,42,41
12,4,86,cropped_threshold_0p5,44,42,42,41
12,4,86,cropped_calibrated,45,51,45,51
12,4,86,cropped_fixed_budget,45,45,45,45
12,5,25,full_threshold_0p5,66,57,23,23
12,5,25,cropped_threshold_0p5,14,11,9,8
12,5,25,cropped_calibrated,20,17,9,8
12,5,25,cropped_fixed_budget,25,45,25,45
12,6,74,full_threshold_0p5,51,50,51,50
12,6,74,cropped_threshold_0p5,51,50,51,50
12,6,74,cropped_calibrated,51,50,51,50
12,6,74,cropped_fixed_budget,47,45,45,44
12,7,23,full_threshold_0p5,23,19,16,15
12,7,23,cropped_threshold_0p5,15,14,15,14
12,7,23,cropped_calibrated,20,21,20,21
12,7,23,cropped_fixed_budget,23,45,23,45
12,8,49,full_threshold_0p5,70,72,70,72
12,8,49,cropped_threshold_0p5,49,51,49,51
12,8,49,cropped_calibrated,49,62,49,62
12,8,49,cropped_fixed_budget,47,45,41,40
12,9,85,full_threshold_0p5,20,16,14,13
12,9,85,cropped_threshold_0p5,20,16,14,13
12,9,85,cropped_calibrated,26,23,22,21
12,9,85,cropped_fixed_budget,36,45,34,44
12,10,74,full_threshold_0p5,83,82,83,82
12,10,74,cropped_threshold_0p5,73,72,73,72
12,10,74,cropped_calibrated,74,73,74,73
12,10,74,cropped_fixed_budget,53,45,14,13
12,11,48,full_threshold_0p5,75,69,28,27
12,11,48,cropped_threshold_0p5,46,42,22,21
12,11,48,cropped_calibrated,47,47,47,47
12,11,48,cropped_fixed_budget,46,45,46,45
12,12,95,full_threshold_0p5,14,15,14,15
12,12,95,cropped_threshold_0p5,14,15,14,15
12,12,95,cropped_calibrated,47,48,25,29
12,12,95,cropped_fixed_budget,46,45,24,27
12,13,58,full_threshold_0p5,21,17,11,10
12,13,58,cropped_threshold_0p5,21,17,11,10
12,13,58,cropped_calibrated,29,28,24,24
12,13,58,cropped_fixed_budget,35,45,30,42
12,14,43,full_threshold_0p5,30,23,11,10
12,14,43,cropped_threshold_0p5,27,20,8,7
12,14,43,cropped_calibrated,39,36,35,34
12,14,43,cropped_fixed_budget,40,45,38,44
12,15,36,full_threshold_0p5,10,9,10,9
12,15,36,cropped_threshold_0p5,10,9,10,9
12,15,36,cropped_calibrated,21,21,21,21
12,15,36,cropped_fixed_budget,35,45,35,45
12,16,50,full_threshold_0p5,19,16,11,10
12,16,50,cropped_threshold_0p5,19,16,11,10
12,16,50,cropped_calibrated,25,23,11,10
12,16,50,cropped_fixed_budget,35,45,31,43
12,17,68,full_threshold_0p5,29,27,26,25
12,17,68,cropped_threshold_0p5,29,27,26,25
12,17,68,cropped_calibrated,62,66,50,55
12,17,68,cropped_fixed_budget,46,45,35,37
12,18,65,full_threshold_0p5,15,13,13,12
12,18,65,cropped_threshold_0p5,15,13,13,12
12,18,65,cropped_calibrated,18,19,18,19
12,18,65,cropped_fixed_budget,23,45,23,45
12,19,96,full_threshold_0p5,26,18,7,6
12,19,96,cropped_threshold_0p5,26,18,7,6
12,19,96,cropped_calibrated,45,36,11,10
12,19,96,cropped_fixed_budget,51,45,22,21
13,0,30,full_threshold_0p5,62,61,40,44
13,0,30,cropped_threshold_0p5,30,25,13,12
13,0,30,cropped_calibrated,30,34,30,34
13,0,30,cropped_fixed_budget,30,45,30,45
13,1,71,full_threshold_0p5,84,83,84,83
13,1,71,cropped_threshold_0p5,71,70,71,70
13,1,71,cropped_calibrated,71,71,71,71
13,1,71,cropped_fixed_budget,51,45,19,18
13,2,73,full_threshold_0p5,34,27,10,10
13,2,73,cropped_threshold_0p5,34,27,10,10
13,2,73,cropped_calibrated,44,44,29,33
13,2,73,cropped_fixed_budget,44,45,29,34
13,3,92,full_threshold_0p5,80,77,67,66
13,3,92,cropped_threshold_0p5,80,77,67,66
13,3,92,cropped_calibrated,83,92,83,92
13,3,92,cropped_fixed_budget,53,45,18,17
13,4,86,full_threshold_0p5,80,79,80,79
13,4,86,cropped_threshold_0p5,80,79,80,79
13,4,86,cropped_calibrated,80,81,80,81
13,4,86,cropped_fixed_budget,53,45,17,16
13,5,25,full_threshold_0p5,23,22,14,14
13,5,25,cropped_threshold_0p5,19,18,14,14
13,5,25,cropped_calibrated,22,26,22,26
13,5,25,cropped_fixed_budget,25,45,25,45
13,6,74,full_threshold_0p5,26,19,7,6
13,6,74,cropped_threshold_0p5,26,19,7,6
13,6,74,cropped_calibrated,50,52,38,43
13,6,74,cropped_fixed_budget,48,45,24,25
13,7,23,full_threshold_0p5,55,54,55,54
13,7,23,cropped_threshold_0p5,22,21,22,21
13,7,23,cropped_calibrated,22,22,22,22
13,7,23,cropped_fixed_budget,23,45,23,45
13,8,49,full_threshold_0p5,21,20,21,20
13,8,49,cropped_threshold_0p5,21,20,21,20
13,8,49,cropped_calibrated,22,25,22,25
13,8,49,cropped_fixed_budget,28,45,28,45
13,9,85,full_threshold_0p5,32,28,13,12
13,9,85,cropped_threshold_0p5,32,28,13,12
13,9,85,cropped_calibrated,65,70,45,55
13,9,85,cropped_fixed_budget,44,45,31,36
13,10,74,full_threshold_0p5,21,20,21,20
13,10,74,cropped_threshold_0p5,21,20,21,20
13,10,74,cropped_calibrated,21,20,21,20
13,10,74,cropped_fixed_budget,37,45,32,42
13,11,48,full_threshold_0p5,56,55,56,55
13,11,48,cropped_threshold_0p5,48,47,48,47
13,11,48,cropped_calibrated,48,69,48,69
13,11,48,cropped_fixed_budget,47,45,27,26
13,12,95,full_threshold_0p5,13,12,11,11
13,12,95,cropped_threshold_0p5,13,12,11,11
13,12,95,cropped_calibrated,14,19,14,19
13,12,95,cropped_fixed_budget,29,45,29,45
13,13,58,full_threshold_0p5,17,15,9,9
13,13,58,cropped_threshold_0p5,17,15,9,9
13,13,58,cropped_calibrated,20,21,20,21
13,13,58,cropped_fixed_budget,32,45,26,41
13,14,43,full_threshold_0p5,10,11,10,11
13,14,43,cropped_threshold_0p5,10,11,10,11
13,14,43,cropped_calibrated,12,16,12,16
13,14,43,cropped_fixed_budget,27,45,27,45
13,15,36,full_threshold_0p5,69,68,69,68
13,15,36,cropped_threshold_0p5,36,35,36,35
13,15,36,cropped_calibrated,36,37,36,37
13,15,36,cropped_fixed_budget,36,45,36,45
13,16,50,full_threshold_0p5,17,17,17,17
13,16,50,cropped_threshold_0p5,17,17,17,17
13,16,50,cropped_calibrated,21,23,18,21
13,16,50,cropped_fixed_budget,33,45,33,45
13,17,68,full_threshold_0p5,23,16,8,7
13,17,68,cropped_threshold_0p5,23,16,8,7
13,17,68,cropped_calibrated,37,34,24,25
13,17,68,cropped_fixed_budget,51,45,27,29
13,18,65,full_threshold_0p5,72,74,72,74
13,18,65,cropped_threshold_0p5,65,67,65,67
13,18,65,cropped_calibrated,65,89,65,89
13,18,65,cropped_fixed_budget,49,45,20,19
13,19,96,full_threshold_0p5,21,19,19,18
13,19,96,cropped_threshold_0p5,21,19,19,18
13,19,96,cropped_calibrated,27,30,27,30
13,19,96,cropped_fixed_budget,36,45,34,44
14,0,30,full_threshold_0p5,68,104,68,104
14,0,30,cropped_threshold_0p5,30,39,30,39
14,0,30,cropped_calibrated,30,48,30,48
14,0,30,cropped_fixed_budget,30,45,30,45
14,1,71,full_threshold_0p5,73,73,73,73
14,1,71,cropped_threshold_0p5,71,71,71,71
14,1,71,cropped_calibrated,71,74,71,74
14,1,71,cropped_fixed_budget,52,45,12,11
14,2,73,full_threshold_0p5,33,32,33,32
14,2,73,cropped_threshold_0p5,33,32,33,32
14,2,73,cropped_calibrated,33,35,33,35
14,2,73,cropped_fixed_budget,33,45,33,45
14,3,92,full_threshold_0p5,35,28,12,11
14,3,92,cropped_threshold_0p5,35,28,12,11
14,3,92,cropped_calibrated,47,50,35,41
14,3,92,cropped_fixed_budget,46,45,35,37
14,4,86,full_threshold_0p5,26,23,18,17
14,4,86,cropped_threshold_0p5,26,23,18,17
14,4,86,cropped_calibrated,26,25,26,25
14,4,86,cropped_fixed_budget,28,45,28,45
14,5,25,full_threshold_0p5,15,13,11,10
14,5,25,cropped_threshold_0p5,13,11,11,10
14,5,25,cropped_calibrated,17,16,17,16
14,5,25,cropped_fixed_budget,25,45,25,45
14,6,74,full_threshold_0p5,64,50,11,10
14,6,74,cropped_threshold_0p5,42,36,11,10
14,6,74,cropped_calibrated,69,84,67,83
14,6,74,cropped_fixed_budget,51,45,14,13
14,7,23,full_threshold_0p5,89,88,89,88
14,7,23,cropped_threshold_0p5,23,22,23,22
14,7,23,cropped_calibrated,23,23,23,23
14,7,23,cropped_fixed_budget,23,45,23,45
14,8,49,full_threshold_0p5,83,82,83,82
14,8,49,cropped_threshold_0p5,49,48,49,48
14,8,49,cropped_calibrated,49,48,49,48
14,8,49,cropped_fixed_budget,49,45,35,34
14,9,85,full_threshold_0p5,71,70,71,70
14,9,85,cropped_threshold_0p5,71,70,71,70
14,9,85,cropped_calibrated,71,70,71,70
14,9,85,cropped_fixed_budget,55,45,9,8
14,10,74,full_threshold_0p5,13,13,13,13
14,10,74,cropped_threshold_0p5,13,13,13,13
14,10,74,cropped_calibrated,14,19,14,19
14,10,74,cropped_fixed_budget,22,45,22,45
14,11,48,full_threshold_0p5,41,39,29,29
14,11,48,cropped_threshold_0p5,28,27,26,26
14,11,48,cropped_calibrated,48,66,46,65
14,11,48,cropped_fixed_budget,42,45,35,40
14,12,95,full_threshold_0p5,21,16,9,8
14,12,95,cropped_threshold_0p5,21,16,9,8
14,12,95,cropped_calibrated,26,33,26,33
14,12,95,cropped_fixed_budget,27,45,27,45
14,13,58,full_threshold_0p5,13,13,13,13
14,13,58,cropped_threshold_0p5,13,13,13,13
14,13,58,cropped_calibrated,14,17,14,17
14,13,58,cropped_fixed_budget,24,45,24,45
14,14,43,full_threshold_0p5,33,32,33,32
14,14,43,cropped_threshold_0p5,33,32,33,32
14,14,43,cropped_calibrated,33,32,33,32
14,14,43,cropped_fixed_budget,33,45,33,45
14,15,36,full_threshold_0p5,45,38,9,8
14,15,36,cropped_threshold_0p5,22,19,9,8
14,15,36,cropped_calibrated,31,28,17,16
14,15,36,cropped_fixed_budget,36,45,36,45
14,16,50,full_threshold_0p5,53,44,22,21
14,16,50,cropped_threshold_0p5,36,32,22,21
14,16,50,cropped_calibrated,50,54,50,54
14,16,50,cropped_fixed_budget,47,45,30,29
14,17,68,full_threshold_0p5,48,46,42,41
14,17,68,cropped_threshold_0p5,48,46,42,41
14,17,68,cropped_calibrated,48,48,48,48
14,17,68,cropped_fixed_budget,48,45,33,32
14,18,65,full_threshold_0p5,17,14,9,8
14,18,65,cropped_threshold_0p5,17,14,9,8
14,18,65,cropped_calibrated,24,27,24,27
14,18,65,cropped_fixed_budget,32,45,32,45
14,19,96,full_threshold_0p5,36,35,36,35
14,19,96,cropped_threshold_0p5,36,35,36,35
14,19,96,cropped_calibrated,36,35,36,35
14,19,96,cropped_fixed_budget,38,45,38,45
15,0,30,full_threshold_0p5,55,54,55,54
15,0,30,cropped_threshold_0p5,30,29,30,29
15,0,30,cropped_calibrated,30,31,30,31
15,0,30,cropped_fixed_budget,30,45,30,45
15,1,71,full_threshold_0p5,89,91,89,91
15,1,71,cropped_threshold_0p5,69,71,69,71
15,1,71,cropped_calibrated,71,95,71,95
15,1,71,cropped_fixed_budget,51,45,24,23
15,2,73,full_threshold_0p5,94,93,94,93
15,2,73,cropped_threshold_0p5,69,68,69,68
15,2,73,cropped_calibrated,73,82,73,82
15,2,73,cropped_fixed_budget,52,45,25,24
15,3,92,full_threshold_0p5,12,14,12,14
15,3,92,cropped_threshold_0p5,12,14,12,14
15,3,92,cropped_calibrated,12,15,12,15
15,3,92,cropped_fixed_budget,34,45,22,36
15,4,86,full_threshold_0p5,35,33,21,20
15,4,86,cropped_threshold_0p5,35,33,21,20
15,4,86,cropped_calibrated,43,44,43,44
15,4,86,cropped_fixed_budget,44,45,44,45
15,5,25,full_threshold_0p5,83,85,68,72
15,5,25,cropped_threshold_0p5,23,26,23,26
15,5,25,cropped_calibrated,25,31,25,31
15,5,25,cropped_fixed_budget,25,45,25,45
15,6,74,full_threshold_0p5,45,44,45,44
15,6,74,cropped_threshold_0p5,45,44,45,44
15,6,74,cropped_calibrated,45,45,45,45
15,6,74,cropped_fixed_budget,45,45,45,45
15,7,23,full_threshold_0p5,28,21,8,7
15,7,23,cropped_threshold_0p5,14,11,8,7
15,7,23,cropped_calibrated,19,20,19,20
15,7,23,cropped_fixed_budget,23,45,23,45
15,8,49,full_threshold_0p5,47,43,33,32
15,8,49,cropped_threshold_0p5,47,43,33,32
15,8,49,cropped_calibrated,48,54,48,54
15,8,49,cropped_fixed_budget,47,45,33,32
15,9,85,full_threshold_0p5,45,47,31,34
15,9,85,cropped_threshold_0p5,45,47,31,34
15,9,85,cropped_calibrated,46,51,46,51
15,9,85,cropped_fixed_budget,44,45,30,32
15,10,74,full_threshold_0p5,86,84,83,82
15,10,74,cropped_threshold_0p5,70,68,67,66
15,10,74,cropped_calibrated,74,80,74,80
15,10,74,cropped_fixed_budget,52,45,16,15
15,11,48,full_threshold_0p5,88,85,77,77
15,11,48,cropped_threshold_0p5,45,42,34,34
15,11,48,cropped_calibrated,48,54,42,49
15,11,48,cropped_fixed_budget,45,45,37,39
15,12,95,full_threshold_0p5,11,9,7,6
15,12,95,cropped_threshold_0p5,11,9,7,6
15,12,95,cropped_calibrated,14,12,9,8
15,12,95,cropped_fixed_budget,39,45,33,41
15,13,58,full_threshold_0p5,29,28,29,28
15,13,58,cropped_threshold_0p5,29,28,29,28
15,13,58,cropped_calibrated,30,31,30,31
15,13,58,cropped_fixed_budget,30,45,30,45
15,14,43,full_threshold_0p5,51,50,51,50
15,14,43,cropped_threshold_0p5,43,42,43,42
15,14,43,cropped_calibrated,43,44,43,44
15,14,43,cropped_fixed_budget,43,45,43,45
15,15,36,full_threshold_0p5,51,50,51,50
15,15,36,cropped_threshold_0p5,36,35,36,35
15,15,36,cropped_calibrated,36,36,36,36
15,15,36,cropped_fixed_budget,36,45,36,45
15,16,50,full_threshold_0p5,73,71,66,65
15,16,50,cropped_threshold_0p5,50,48,43,42
15,16,50,cropped_calibrated,50,49,50,49
15,16,50,cropped_fixed_budget,48,45,33,32
15,17,68,full_threshold_0p5,91,92,89,91
15,17,68,cropped_threshold_0p5,68,69,66,68
15,17,68,cropped_calibrated,68,73,68,73
15,17,68,cropped_fixed_budget,55,45,14,13
15,18,65,full_threshold_0p5,19,18,19,18
15,18,65,cropped_threshold_0p5,19,18,19,18
15,18,65,cropped_calibrated,22,24,22,24
15,18,65,cropped_fixed_budget,24,45,24,45
15,19,96,full_threshold_0p5,5,4,5,4
15,19,96,cropped_threshold_0p5,5,4,5,4
15,19,96,cropped_calibrated,23,19,8,8
15,19,96,cropped_fixed_budget,27,45,27,45
16,0,30,full_threshold_0p5,58,51,28,27
16,0,30,cropped_threshold_0p5,27,22,14,13
16,0,30,cropped_calibrated,30,34,28,33
16,0,30,cropped_fixed_budget,30,45,30,45
16,1,71,full_threshold_0p5,56,54,53,52
16,1,71,cropped_threshold_0p5,56,54,53,52
16,1,71,cropped_calibrated,56,56,56,56
16,1,71,cropped_fixed_budget,50,45,36,35
16,2,73,full_threshold_0p5,80,79,80,79
16,2,73,cropped_threshold_0p5,73,72,73,72
16,2,73,cropped_calibrated,73,72,73,72
16,2,73,cropped_fixed_budget,56,45,20,19
16,3,92,full_threshold_0p5,56,55,56,55
16,3,92,cropped_threshold_0p5,56,55,56,55
16,3,92,cropped_calibrated,56,55,56,55
16,3,92,cropped_fixed_budget,50,45,28,27
16,4,86,full_threshold_0p5,44,43,42,42
16,4,86,cropped_threshold_0p5,44,43,42,42
16,4,86,cropped_calibrated,55,59,55,59
16,4,86,cropped_fixed_budget,45,45,43,44
16,5,25,full_threshold_0p5,63,59,33,32
16,5,25,cropped_threshold_0p5,14,13,14,13
16,5,25,cropped_calibrated,20,22,20,22
16,5,25,cropped_fixed_budget,25,45,25,45
16,6,74,full_threshold_0p5,43,38,29,28
16,6,74,cropped_threshold_0p5,43,38,29,28
16,6,74,cropped_calibrated,68,76,59,69
16,6,74,cropped_fixed_budget,47,45,29,30
16,7,23,full_threshold_0p5,72,71,72,71
16,7,23,cropped_threshold_0p5,23,22,23,22
16,7,23,cropped_calibrated,23,22,23,22
16,7,23,cropped_fixed_budget,23,45,23,45
16,8,49,full_threshold_0p5,55,51,47,46
16,8,49,cropped_threshold_0p5,47,44,41,40
16,8,49,cropped_calibrated,49,54,49,54
16,8,49,cropped_fixed_budget,47,45,41,41
16,9,85,full_threshold_0p5,62,53,21,20
16,9,85,cropped_threshold_0p5,62,53,21,20
16,9,85,cropped_calibrated,74,72,38,41
16,9,85,cropped_fixed_budget,57,45,19,18
16,10,74,full_threshold_0p5,75,76,72,74
16,10,74,cropped_threshold_0p5,67,68,64,66
16,10,74,cropped_calibrated,72,96,72,96
16,10,74,cropped_fixed_budget,50,45,42,41
16,11,48,full_threshold_0p5,56,56,45,48
16,11,48,cropped_threshold_0p5,43,43,36,38
16,11,48,cropped_calibrated,48,63,48,63
16,11,48,cropped_fixed_budget,44,45,37,40
16,12,95,full_threshold_0p5,27,23,11,10
16,12,95,cropped_threshold_0p5,27,23,11,10
16,12,95,cropped_calibrated,33,31,28,28
16,12,95,cropped_fixed_budget,41,45,41,45
16,13,58,full_threshold_0p5,75,70,40,39
16,13,58,cropped_threshold_0p5,50,45,29,28
16,13,58,cropped_calibrated,58,59,52,54
16,13,58,cropped_fixed_budget,50,45,29,28
16,14,43,full_threshold_0p5,43,35,10,9
16,14,43,cropped_threshold_0p5,27,22,10,9
16,14,43,cropped_calibrated,38,36,33,32
16,14,43,cropped_fixed_budget,42,45,42,45
16,15,36,full_threshold_0p5,81,74,46,46
16,15,36,cropped_threshold_0p5,32,31,29,29
16,15,36,cropped_calibrated,36,51,36,51
16,15,36,cropped_fixed_budget,36,45,36,45
16,16,50,full_threshold_0p5,28,26,21,22
16,16,50,cropped_threshold_0p5,28,26,21,22
16,16,50,cropped_calibrated,34,39,32,38
16,16,50,cropped_fixed_budget,35,45,35,45
16,17,68,full_threshold_0p5,13,12,13,12
16,17,68,cropped_threshold_0p5,13,12,13,12
16,17,68,cropped_calibrated,13,17,13,17
16,17,68,cropped_fixed_budget,23,45,23,45
16,18,65,full_threshold_0p5,75,74,75,74
16,18,65,cropped_threshold_0p5,65,64,65,64
16,18,65,cropped_calibrated,65,64,65,64
16,18,65,cropped_fixed_budget,51,45,25,24
16,19,96,full_threshold_0p5,98,97,98,97
16,19,96,cropped_threshold_0p5,96,95,96,95
16,19,96,cropped_calibrated,96,95,96,95
16,19,96,cropped_fixed_budget,55,45,19,18
17,0,30,full_threshold_0p5,44,43,37,38
17,0,30,cropped_threshold_0p5,24,24,22,23
17,0,30,cropped_calibrated,30,35,30,35
17,0,30,cropped_fixed_budget,30,45,30,45
17,1,71,full_threshold_0p5,79,78,79,78
17,1,71,cropped_threshold_0p5,71,70,71,70
17,1,71,cropped_calibrated,71,70,71,70
17,1,71,cropped_fixed_budget,56,45,10,9
17,2,73,full_threshold_0p5,42,41,42,41
17,2,73,cropped_threshold_0p5,42,41,42,41
17,2,73,cropped_calibrated,42,43,42,43
17,2,73,cropped_fixed_budget,43,45,43,45
17,3,92,full_threshold_0p5,13,12,13,12
17,3,92,cropped_threshold_0p5,13,12,13,12
17,3,92,cropped_calibrated,14,13,14,13
17,3,92,cropped_fixed_budget,28,45,28,45
17,4,86,full_threshold_0p5,16,13,11,10
17,4,86,cropped_threshold_0p5,16,13,11,10
17,4,86,cropped_calibrated,20,25,20,25
17,4,86,cropped_fixed_budget,24,45,24,45
17,5,25,full_threshold_0p5,31,26,13,13
17,5,25,cropped_threshold_0p5,16,15,13,13
17,5,25,cropped_calibrated,20,26,20,26
17,5,25,cropped_fixed_budget,25,45,25,45
17,6,74,full_threshold_0p5,84,83,84,83
17,6,74,cropped_threshold_0p5,74,73,74,73
17,6,74,cropped_calibrated,74,73,74,73
17,6,74,cropped_fixed_budget,50,45,22,21
17,7,23,full_threshold_0p5,26,24,13,12
17,7,23,cropped_threshold_0p5,23,21,13,12
17,7,23,cropped_calibrated,23,23,23,23
17,7,23,cropped_fixed_budget,23,45,23,45
17,8,49,full_threshold_0p5,74,91,74,91
17,8,49,cropped_threshold_0p5,47,60,47,60
17,8,49,cropped_calibrated,49,82,49,82
17,8,49,cropped_fixed_budget,43,45,41,44
17,9,85,full_threshold_0p5,91,87,63,62
17,9,85,cropped_threshold_0p5,81,77,53,52
17,9,85,cropped_calibrated,85,86,85,86
17,9,85,cropped_fixed_budget,55,45,19,18
17,10,74,full_threshold_0p5,21,20,21,20
17,10,74,cropped_threshold_0p5,21,20,21,20
17,10,74,cropped_calibrated,21,20,21,20
17,10,74,cropped_fixed_budget,25,45,25,45
17,11,48,full_threshold_0p5,54,55,52,54
17,11,48,cropped_threshold_0p5,46,48,46,48
17,11,48,cropped_calibrated,48,63,48,63
17,11,48,cropped_fixed_budget,44,45,42,44
17,12,95,full_threshold_0p5,76,73,45,44
17,12,95,cropped_threshold_0p5,76,73,45,44
17,12,95,cropped_calibrated,76,78,76,78
17,12,95,cropped_fixed_budget,52,45,19,18
17,13,58,full_threshold_0p5,20,16,11,10
17,13,58,cropped_threshold_0p5,20,16,11,10
17,13,58,cropped_calibrated,30,28,14,15
17,13,58,cropped_fixed_budget,34,45,34,45
17,14,43,full_threshold_0p5,33,23,8,7
17,14,43,cropped_threshold_0p5,18,13,8,7
17,14,43,cropped_calibrated,32,29,20,20
17,14,43,cropped_fixed_budget,39,45,39,45
17,15,36,full_threshold_0p5,24,22,22,21
17,15,36,cropped_threshold_0p5,24,22,22,21
17,15,36,cropped_calibrated,24,24,24,24
17,15,36,cropped_fixed_budget,32,45,32,45
17,16,50,full_threshold_0p5,16,13,9,8
17,16,50,cropped_threshold_0p5,16,13,9,8
17,16,50,cropped_calibrated,21,22,21,22
17,16,50,cropped_fixed_budget,28,45,28,45
17,17,68,full_threshold_0p5,32,30,30,29
17,17,68,cropped_threshold_0p5,32,30,30,29
17,17,68,cropped_calibrated,35,38,35,38
17,17,68,cropped_fixed_budget,35,45,35,45
17,18,65,full_threshold_0p5,16,14,10,10
17,18,65,cropped_threshold_0p5,16,14,10,10
17,18,65,cropped_calibrated,20,19,18,18
17,18,65,cropped_fixed_budget,40,45,35,42
17,19,96,full_threshold_0p5,76,73,66,65
17,19,96,cropped_threshold_0p5,76,73,66,65
17,19,96,cropped_calibrated,76,81,70,76
17,19,96,cropped_fixed_budget,54,45,22,21
18,0,30,full_threshold_0p5,35,29,12,11
18,0,30,cropped_threshold_0p5,18,15,8,7
18,0,30,cropped_calibrated,28,29,26,28
18,0,30,cropped_fixed_budget,30,45,30,45
18,1,71,full_threshold_0p5,75,72,28,27
18,1,71,cropped_threshold_0p5,63,60,23,25
18,1,71,cropped_calibrated,71,81,69,80
18,1,71,cropped_fixed_budget,49,45,17,17
18,2,73,full_threshold_0p5,41,42,34,37
18,2,73,cropped_threshold_0p5,41,42,34,37
18,2,73,cropped_calibrated,49,58,44,55
18,2,73,cropped_fixed_budget,42,45,35,40
18,3,92,full_threshold_0p5,22,21,16,17
18,3,92,cropped_threshold_0p5,22,21,16,17
18,3,92,cropped_calibrated,39,44,37,43
18,3,92,cropped_fixed_budget,39,45,37,44
18,4,86,full_threshold_0p5,25,19,9,8
18,4,86,cropped_threshold_0p5,25,19,9,8
18,4,86,cropped_calibrated,41,42,36,39
18,4,86,cropped_fixed_budget,44,45,40,43
18,5,25,full_threshold_0p5,15,12,9,8
18,5,25,cropped_threshold_0p5,15,12,9,8
18,5,25,cropped_calibrated,18,17,15,15
18,5,25,cropped_fixed_budget,25,45,25,45
18,6,74,full_threshold_0p5,26,25,26,25
18,6,74,cropped_threshold_0p5,26,25,26,25
18,6,74,cropped_calibrated,26,25,26,25
18,6,74,cropped_fixed_budget,34,45,34,45
18,7,23,full_threshold_0p5,15,14,15,14
18,7,23,cropped_threshold_0p5,15,14,15,14
18,7,23,cropped_calibrated,22,27,22,27
18,7,23,cropped_fixed_budget,23,45,23,45
18,8,49,full_threshold_0p5,46,51,39,47
18,8,49,cropped_threshold_0p5,44,50,39,47
18,8,49,cropped_calibrated,47,74,47,74
18,8,49,cropped_fixed_budget,44,45,39,42
18,9,85,full_threshold_0p5,46,44,22,22
18,9,85,cropped_threshold_0p5,46,44,22,22
18,9,85,cropped_calibrated,50,55,50,55
18,9,85,cropped_fixed_budget,47,45,22,22
18,10,74,full_threshold_0p5,56,55,56,55
18,10,74,cropped_threshold_0p5,56,55,56,55
18,10,74,cropped_calibrated,56,55,56,55
18,10,74,cropped_fixed_budget,49,45,37,36
18,11,48,full_threshold_0p5,17,16,10,10
18,11,48,cropped_threshold_0p5,17,16,10,10
18,11,48,cropped_calibrated,18,22,18,22
18,11,48,cropped_fixed_budget,31,45,28,43
18,12,95,full_threshold_0p5,39,29,15,14
18,12,95,cropped_threshold_0p5,39,29,15,14
18,12,95,cropped_calibrated,56,59,46,53
18,12,95,cropped_fixed_budget,47,45,28,33
18,13,58,full_threshold_0p5,39,33,18,17
18,13,58,cropped_threshold_0p5,39,33,18,17
18,13,58,cropped_calibrated,45,47,36,40
18,13,58,cropped_fixed_budget,45,45,36,38
18,14,43,full_threshold_0p5,23,22,23,22
18,14,43,cropped_threshold_0p5,23,22,23,22
18,14,43,cropped_calibrated,26,26,26,26
18,14,43,cropped_fixed_budget,32,45,32,45
18,15,36,full_threshold_0p5,48,48,48,48
18,15,36,cropped_threshold_0p5,36,36,36,36
18,15,36,cropped_calibrated,36,36,36,36
18,15,36,cropped_fixed_budget,36,45,36,45
18,16,50,full_threshold_0p5,56,68,56,68
18,16,50,cropped_threshold_0p5,48,60,48,60
18,16,50,cropped_calibrated,50,82,50,82
18,16,50,cropped_fixed_budget,45,45,43,44
18,17,68,full_threshold_0p5,15,13,12,11
18,17,68,cropped_threshold_0p5,15,13,12,11
18,17,68,cropped_calibrated,16,15,16,15
18,17,68,cropped_fixed_budget,34,45,30,43
18,18,65,full_threshold_0p5,33,26,13,12
18,18,65,cropped_threshold_0p5,31,25,13,12
18,18,65,cropped_calibrated,46,47,24,27
18,18,65,cropped_fixed_budget,45,45,23,25
18,19,96,full_threshold_0p5,47,43,22,21
18,19,96,cropped_threshold_0p5,47,43,22,21
18,19,96,cropped_calibrated,56,64,56,64
18,19,96,cropped_fixed_budget,48,45,22,21
19,0,30,full_threshold_0p5,11,10,11,10
19,0,30,cropped_threshold_0p5,11,10,11,10
19,0,30,cropped_calibrated,12,14,12,14
19,0,30,cropped_fixed_budget,22,45,20,44
19,1,71,full_threshold_0p5,33,32,33,32
19,1,71,cropped_threshold_0p5,33,32,33,32
19,1,71,cropped_calibrated,33,35,33,35
19,1,71,cropped_fixed_budget,33,45,33,45
19,2,73,full_threshold_0p5,19,17,11,10
19,2,73,cropped_threshold_0p5,19,17,11,10
19,2,73,cropped_calibrated,37,36,37,36
19,2,73,cropped_fixed_budget,45,45,45,45
19,3,92,full_threshold_0p5,25,22,10,10
19,3,92,cropped_threshold_0p5,25,22,10,10
19,3,92,cropped_calibrated,33,33,16,15
19,3,92,cropped_fixed_budget,41,45,26,27
19,4,86,full_threshold_0p5,11,7,4,3
19,4,86,cropped_threshold_0p5,11,7,4,3
19,4,86,cropped_calibrated,21,20,15,16
19,4,86,cropped_fixed_budget,34,45,30,42
19,5,25,full_threshold_0p5,51,50,51,50
19,5,25,cropped_threshold_0p5,25,24,25,24
19,5,25,cropped_calibrated,25,24,25,24
19,5,25,cropped_fixed_budget,25,45,25,45
19,6,74,full_threshold_0p5,34,35,34,35
19,6,74,cropped_threshold_0p5,34,35,34,35
19,6,74,cropped_calibrated,34,38,34,38
19,6,74,cropped_fixed_budget,34,45,34,45
19,7,23,full_threshold_0p5,17,15,13,12
19,7,23,cropped_threshold_0p5,12,11,12,11
19,7,23,cropped_calibrated,21,27,21,27
19,7,23,cropped_fixed_budget,23,45,23,45
19,8,49,full_threshold_0p5,56,55,56,55
19,8,49,cropped_threshold_0p5,49,48,49,48
19,8,49,cropped_calibrated,49,48,49,48
19,8,49,cropped_fixed_budget,47,45,39,38
19,9,85,full_threshold_0p5,56,55,56,55
19,9,85,cropped_threshold_0p5,56,55,56,55
19,9,85,cropped_calibrated,56,55,56,55
19,9,85,cropped_fixed_budget,49,45,40,39
19,10,74,full_threshold_0p5,44,38,19,18
19,10,74,cropped_threshold_0p5,44,38,19,18
19,10,74,cropped_calibrated,73,111,73,111
19,10,74,cropped_fixed_budget,49,45,36,36
19,11,48,full_threshold_0p5,11,8,4,3
19,11,48,cropped_threshold_0p5,11,8,4,3
19,11,48,cropped_calibrated,30,30,26,28
19,11,48,cropped_fixed_budget,40,45,38,44
19,12,95,full_threshold_0p5,43,33,11,10
19,12,95,cropped_threshold_0p5,43,33,11,10
19,12,95,cropped_calibrated,73,81,64,74
19,12,95,cropped_fixed_budget,53,45,19,18
19,13,58,full_threshold_0p5,26,21,10,9
19,13,58,cropped_threshold_0p5,26,21,10,9
19,13,58,cropped_calibrated,26,22,13,12
19,13,58,cropped_fixed_budget,30,45,30,45
19,14,43,full_threshold_0p5,37,40,33,38
19,14,43,cropped_threshold_0p5,34,36,30,34
19,14,43,cropped_calibrated,43,54,43,54
19,14,43,cropped_fixed_budget,39,45,39,45
19,15,36,full_threshold_0p5,22,20,15,15
19,15,36,cropped_threshold_0p5,19,18,15,15
19,15,36,cropped_calibrated,28,33,24,31
19,15,36,cropped_fixed_budget,33,45,33,45
19,16,50,full_threshold_0p5,20,17,13,12
19,16,50,cropped_threshold_0p5,20,17,13,12
19,16,50,cropped_calibrated,21,21,21,21
19,16,50,cropped_fixed_budget,40,45,35,42
19,17,68,full_threshold_0p5,75,69,42,42
19,17,68,cropped_threshold_0p5,53,48,26,26
19,17,68,cropped_calibrated,68,75,68,75
19,17,68,cropped_fixed_budget,51,45,24,24
19,18,65,full_threshold_0p5,79,78,79,78
19,18,65,cropped_threshold_0p5,65,64,65,64
19,18,65,cropped_calibrated,65,64,65,64
19,18,65,cropped_fixed_budget,52,45,26,25
19,19,96,full_threshold_0p5,80,80,80,80
19,19,96,cropped_threshold_0p5,80,80,80,80
19,19,96,cropped_calibrated,85,115,85,115
19,19,96,cropped_fixed_budget,54,45,25,24
20,0,30,full_threshold_0p5,29,28,29,28
20,0,30,cropped_threshold_0p5,29,28,29,28
20,0,30,cropped_calibrated,29,28,29,28
20,0,30,cropped_fixed_budget,29,45,29,45
20,1,71,full_threshold_0p5,21,17,7,6
20,1,71,cropped_threshold_0p5,21,17,7,6
20,1,71,cropped_calibrated,43,45,43,45
20,1,71,cropped_fixed_budget,43,45,43,45
20,2,73,full_threshold_0p5,26,22,9,9
20,2,73,cropped_threshold_0p5,26,22,9,9
20,2,73,cropped_calibrated,40,37,16,18
20,2,73,cropped_fixed_budget,44,45,17,22
20,3,92,full_threshold_0p5,5,4,5,4
20,3,92,cropped_threshold_0p5,5,4,5,4
20,3,92,cropped_calibrated,16,13,10,9
20,3,92,cropped_fixed_budget,33,45,33,45
20,4,86,full_threshold_0p5,90,89,90,89
20,4,86,cropped_threshold_0p5,86,85,86,85
20,4,86,cropped_calibrated,86,85,86,85
20,4,86,cropped_fixed_budget,54,45,29,28
20,5,25,full_threshold_0p5,24,20,14,13
20,5,25,cropped_threshold_0p5,14,13,14,13
20,5,25,cropped_calibrated,15,15,15,15
20,5,25,cropped_fixed_budget,25,45,25,45
20,6,74,full_threshold_0p5,45,44,26,27
20,6,74,cropped_threshold_0p5,45,44,26,27
20,6,74,cropped_calibrated,56,63,56,63
20,6,74,cropped_fixed_budget,46,45,26,27
20,7,23,full_threshold_0p5,21,18,9,9
20,7,23,cropped_threshold_0p5,18,16,9,9
20,7,23,cropped_calibrated,20,20,20,20
20,7,23,cropped_fixed_budget,23,45,23,45
20,8,49,full_threshold_0p5,28,23,13,12
20,8,49,cropped_threshold_0p5,28,23,13,12
20,8,49,cropped_calibrated,32,33,20,23
20,8,49,cropped_fixed_budget,35,45,33,44
20,9,85,full_threshold_0p5,23,19,11,10
20,9,85,cropped_threshold_0p5,23,19,11,10
20,9,85,cropped_calibrated,36,29,13,12
20,9,85,cropped_fixed_budget,53,45,21,20
20,10,74,full_threshold_0p5,55,54,55,54
20,10,74,cropped_threshold_0p5,55,54,55,54
20,10,74,cropped_calibrated,61,60,61,60
20,10,74,cropped_fixed_budget,47,45,39,38
20,11,48,full_threshold_0p5,25,25,13,12
20,11,48,cropped_threshold_0p5,25,25,13,12
20,11,48,cropped_calibrated,29,35,29,35
20,11,48,cropped_fixed_budget,36,45,36,45
20,12,95,full_threshold_0p5,78,71,35,34
20,12,95,cropped_threshold_0p5,78,71,35,34
20,12,95,cropped_calibrated,95,97,95,97
20,12,95,cropped_fixed_budget,57,45,11,10
20,13,58,full_threshold_0p5,83,83,45,46
20,13,58,cropped_threshold_0p5,57,57,45,46
20,13,58,cropped_calibrated,58,67,58,67
20,13,58,cropped_fixed_budget,48,45,33,32
20,14,43,full_threshold_0p5,21,20,21,20
20,14,43,cropped_threshold_0p5,21,20,21,20
20,14,43,cropped_calibrated,21,20,21,20
20,14,43,cropped_fixed_budget,25,45,25,45
20,15,36,full_threshold_0p5,21,20,21,20
20,15,36,cropped_threshold_0p5,21,20,21,20
20,15,36,cropped_calibrated,21,20,21,20
20,15,36,cropped_fixed_budget,27,45,27,45
20,16,50,full_threshold_0p5,60,59,60,59
20,16,50,cropped_threshold_0p5,50,49,50,49
20,16,50,cropped_calibrated,50,49,50,49
20,16,50,cropped_fixed_budget,48,45,41,40
20,17,68,full_threshold_0p5,70,72,68,71
20,17,68,cropped_threshold_0p5,66,69,66,69
20,17,68,cropped_calibrated,68,99,68,99
20,17,68,cropped_fixed_budget,44,45,44,45
20,18,65,full_threshold_0p5,71,70,71,70
20,18,65,cropped_threshold_0p5,65,64,65,64
20,18,65,cropped_calibrated,65,64,65,64
20,18,65,cropped_fixed_budget,53,45,24,23
20,19,96,full_threshold_0p5,91,139,91,139
20,19,96,cropped_threshold_0p5,91,139,91,139
20,19,96,cropped_calibrated,91,158,91,158
20,19,96,cropped_fixed_budget,49,45,15,14
21,0,30,full_threshold_0p5,49,48,42,43
21,0,30,cropped_threshold_0p5,25,25,25,25
21,0,30,cropped_calibrated,29,39,29,39
21,0,30,cropped_fixed_budget,30,45,30,45
21,1,71,full_threshold_0p5,38,33,16,15
21,1,71,cropped_threshold_0p5,31,26,12,11
21,1,71,cropped_calibrated,50,49,24,25
21,1,71,cropped_fixed_budget,48,45,20,21
21,2,73,full_threshold_0p5,23,24,20,22
21,2,73,cropped_threshold_0p5,23,24,20,22
21,2,73,cropped_calibrated,30,43,30,43
21,2,73,cropped_fixed_budget,30,45,30,45
21,3,92,full_threshold_0p5,73,72,73,72
21,3,92,cropped_threshold_0p5,73,72,73,72
21,3,92,cropped_calibrated,73,72,73,72
21,3,92,cropped_fixed_budget,54,45,11,10
21,4,86,full_threshold_0p5,11,8,6,5
21,4,86,cropped_threshold_0p5,11,8,6,5
21,4,86,cropped_calibrated,17,18,17,18
21,4,86,cropped_fixed_budget,30,45,30,45
21,5,25,full_threshold_0p5,76,75,76,75
21,5,25,cropped_threshold_0p5,25,24,25,24
21,5,25,cropped_calibrated,25,24,25,24
21,5,25,cropped_fixed_budget,25,45,25,45
21,6,74,full_threshold_0p5,30,25,10,9
21,6,74,cropped_threshold_0p5,30,25,10,9
21,6,74,cropped_calibrated,33,37,31,36
21,6,74,cropped_fixed_budget,33,45,33,45
21,7,23,full_threshold_0p5,76,75,76,75
21,7,23,cropped_threshold_0p5,23,22,23,22
21,7,23,cropped_calibrated,23,22,23,22
21,7,23,cropped_fixed_budget,23,45,23,45
21,8,49,full_threshold_0p5,15,13,8,7
21,8,49,cropped_threshold_0p5,15,13,8,7
21,8,49,cropped_calibrated,15,16,15,16
21,8,49,cropped_fixed_budget,29,45,29,45
21,9,85,full_threshold_0p5,43,41,40,39
21,9,85,cropped_threshold_0p5,43,41,40,39
21,9,85,cropped_calibrated,43,44,40,42
21,9,85,cropped_fixed_budget,43,45,40,43
21,10,74,full_threshold_0p5,54,56,54,56
21,10,74,cropped_threshold_0p5,54,56,54,56
21,10,74,cropped_calibrated,55,67,55,67
21,10,74,cropped_fixed_budget,48,45,24,23
21,11,48,full_threshold_0p5,30,29,30,29
21,11,48,cropped_threshold_0p5,30,29,30,29
21,11,48,cropped_calibrated,30,32,30,32
21,11,48,cropped_fixed_budget,36,45,36,45
21,12,95,full_threshold_0p5,11,14,11,14
21,12,95,cropped_threshold_0p5,11,14,11,14
21,12,95,cropped_calibrated,13,18,13,18
21,12,95,cropped_fixed_budget,25,45,20,42
21,13,58,full_threshold_0p5,25,19,10,9
21,13,58,cropped_threshold_0p5,25,19,10,9
21,13,58,cropped_calibrated,39,34,15,14
21,13,58,cropped_fixed_budget,42,45,42,45
21,14,43,full_threshold_0p5,27,21,8,7
21,14,43,cropped_threshold_0p5,21,17,8,7
21,14,43,cropped_calibrated,36,34,16,15
21,14,43,cropped_fixed_budget,40,45,40,45
21,15,36,full_threshold_0p5,16,14,10,11
21,15,36,cropped_threshold_0p5,16,14,10,11
21,15,36,cropped_calibrated,19,18,15,16
21,15,36,cropped_fixed_budget,33,45,33,45
21,16,50,full_threshold_0p5,84,83,84,83
21,16,50,cropped_threshold_0p5,50,49,50,49
21,16,50,cropped_calibrated,50,49,50,49
21,16,50,cropped_fixed_budget,46,45,46,45
21,17,68,full_threshold_0p5,39,32,15,14
21,17,68,cropped_threshold_0p5,39,32,15,14
21,17,68,cropped_calibrated,67,102,67,102
21,17,68,cropped_fixed_budget,48,45,24,24
21,18,65,full_threshold_0p5,57,54,33,32
21,18,65,cropped_threshold_0p5,57,54,33,32
21,18,65,cropped_calibrated,59,58,45,45
21,18,65,cropped_fixed_budget,48,45,30,29
21,19,96,full_threshold_0p5,77,76,77,76
21,19,96,cropped_threshold_0p5,77,76,77,76
21,19,96,cropped_calibrated,77,76,77,76
21,19,96,cropped_fixed_budget,53,45,25,24
22,0,30,full_threshold_0p5,28,25,16,16
22,0,30,cropped_threshold_0p5,24,22,16,16
22,0,30,cropped_calibrated,28,30,28,30
22,0,30,cropped_fixed_budget,30,45,30,45
22,1,71,full_threshold_0p5,35,27,8,7
22,1,71,cropped_threshold_0p5,34,26,8,7
22,1,71,cropped_calibrated,55,52,36,36
22,1,71,cropped_fixed_budget,49,45,28,28
22,2,73,full_threshold_0p5,47,43,33,32
22,2,73,cropped_threshold_0p5,47,43,33,32
22,2,73,cropped_calibrated,48,48,48,48
22,2,73,cropped_fixed_budget,47,45,44,43
22,3,92,full_threshold_0p5,78,77,78,77
22,3,92,cropped_threshold_0p5,78,77,78,77
22,3,92,cropped_calibrated,78,77,78,77
22,3,92,cropped_fixed_budget,50,45,29,28
22,4,86,full_threshold_0p5,11,12,11,12
22,4,86,cropped_threshold_0p5,11,12,11,12
22,4,86,cropped_calibrated,14,20,14,20
22,4,86,cropped_fixed_budget,24,45,22,44
22,5,25,full_threshold_0p5,78,77,78,77
22,5,25,cropped_threshold_0p5,25,24,25,24
22,5,25,cropped_calibrated,25,24,25,24
22,5,25,cropped_fixed_budget,25,45,25,45
22,6,74,full_threshold_0p5,55,62,55,62
22,6,74,cropped_threshold_0p5,55,62,55,62
22,6,74,cropped_calibrated,55,75,55,75
22,6,74,cropped_fixed_budget,48,45,26,25
22,7,23,full_threshold_0p5,46,44,37,36
22,7,23,cropped_threshold_0p5,21,20,21,20
22,7,23,cropped_calibrated,23,25,23,25
22,7,23,cropped_fixed_budget,23,45,23,45
22,8,49,full_threshold_0p5,21,21,21,21
22,8,49,cropped_threshold_0p5,21,21,21,21
22,8,49,cropped_calibrated,24,25,24,25
22,8,49,cropped_fixed_budget,35,45,29,40
22,9,85,full_threshold_0p5,17,15,15,14
22,9,85,cropped_threshold_0p5,17,15,15,14
22,9,85,cropped_calibrated,30,30,23,25
22,9,85,cropped_fixed_budget,41,45,33,38
22,10,74,full_threshold_0p5,70,64,24,23
22,10,74,cropped_threshold_0p5,70,64,24,23
22,10,74,cropped_calibrated,73,74,73,74
22,10,74,cropped_fixed_budget,55,45,15,14
22,11,48,full_threshold_0p5,55,54,55,54
22,11,48,cropped_threshold_0p5,47,46,47,46
22,11,48,cropped_calibrated,48,50,48,50
22,11,48,cropped_fixed_budget,47,45,45,44
22,12,95,full_threshold_0p5,47,43,32,31
22,12,95,cropped_threshold_0p5,47,43,32,31
22,12,95,cropped_calibrated,72,85,72,85
22,12,95,cropped_fixed_budget,49,45,34,33
22,13,58,full_threshold_0p5,21,20,21,20
22,13,58,cropped_threshold_0p5,21,20,21,20
22,13,58,cropped_calibrated,21,20,21,20
22,13,58,cropped_fixed_budget,35,45,35,45
22,14,43,full_threshold_0p5,11,10,11,10
22,14,43,cropped_threshold_0p5,11,10,11,10
22,14,43,cropped_calibrated,16,16,14,15
22,14,43,cropped_fixed_budget,34,45,34,45
22,15,36,full_threshold_0p5,15,15,15,15
22,15,36,cropped_threshold_0p5,15,15,15,15
22,15,36,cropped_calibrated,15,18,15,18
22,15,36,cropped_fixed_budget,23,45,23,45
22,16,50,full_threshold_0p5,87,81,48,47
22,16,50,cropped_threshold_0p5,47,42,16,16
22,16,50,cropped_calibrated,50,67,50,67
22,16,50,cropped_fixed_budget,48,45,28,28
22,17,68,full_threshold_0p5,11,11,11,11
22,17,68,cropped_threshold_0p5,11,11,11,11
22,17,68,cropped_calibrated,13,16,13,16
22,17,68,cropped_fixed_budget,32,45,26,41
22,18,65,full_threshold_0p5,36,29,15,14
22,18,65,cropped_threshold_0p5,36,29,15,14
22,18,65,cropped_calibrated,59,63,54,59
22,18,65,cropped_fixed_budget,48,45,32,32
22,19,96,full_threshold_0p5,19,14,7,6
22,19,96,cropped_threshold_0p5,19,14,7,6
22,19,96,cropped_calibrated,60,60,41,43
22,19,96,cropped_fixed_budget,49,45,29,29
23,0,30,full_threshold_0p5,53,44,24,23
23,0,30,cropped_threshold_0p5,23,22,23,22
23,0,30,cropped_calibrated,29,28,29,28
23,0,30,cropped_fixed_budget,30,45,30,45
23,1,71,full_threshold_0p5,28,24,18,17
23,1,71,cropped_threshold_0p5,28,24,18,17
23,1,71,cropped_calibrated,33,36,33,36
23,1,71,cropped_fixed_budget,34,45,34,45
23,2,73,full_threshold_0p5,23,22,23,22
23,2,73,cropped_threshold_0p5,23,22,23,22
23,2,73,cropped_calibrated,23,22,23,22
23,2,73,cropped_fixed_budget,30,45,30,45
23,3,92,full_threshold_0p5,41,36,17,16
23,3,92,cropped_threshold_0p5,41,36,17,16
23,3,92,cropped_calibrated,47,55,47,55
23,3,92,cropped_fixed_budget,44,45,31,33
23,4,86,full_threshold_0p5,37,31,20,20
23,4,86,cropped_threshold_0p5,37,31,20,20
23,4,86,cropped_calibrated,42,46,37,43
23,4,86,cropped_fixed_budget,41,45,36,42
23,5,25,full_threshold_0p5,16,15,16,15
23,5,25,cropped_threshold_0p5,16,15,16,15
23,5,25,cropped_calibrated,19,20,19,20
23,5,25,cropped_fixed_budget,25,45,25,45
23,6,74,full_threshold_0p5,35,30,18,17
23,6,74,cropped_threshold_0p5,35,30,18,17
23,6,74,cropped_calibrated,60,59,23,26
23,6,74,cropped_fixed_budget,49,45,21,22
23,7,23,full_threshold_0p5,55,54,55,54
23,7,23,cropped_threshold_0p5,23,22,23,22
23,7,23,cropped_calibrated,23,23,23,23
23,7,23,cropped_fixed_budget,23,45,23,45
23,8,49,full_threshold_0p5,55,59,38,46
23,8,49,cropped_threshold_0p5,39,46,37,45
23,8,49,cropped_calibrated,49,76,49,76
23,8,49,cropped_fixed_budget,38,45,36,44
23,9,85,full_threshold_0p5,32,30,18,19
23,9,85,cropped_threshold_0p5,32,30,18,19
23,9,85,cropped_calibrated,37,41,37,41
23,9,85,cropped_fixed_budget,38,45,38,45
23,10,74,full_threshold_0p5,24,21,11,10
23,10,74,cropped_threshold_0p5,24,21,11,10
23,10,74,cropped_calibrated,27,27,27,27
23,10,74,cropped_fixed_budget,42,45,37,42
23,11,48,full_threshold_0p5,30,24,17,16
23,11,48,cropped_threshold_0p5,24,21,17,16
23,11,48,cropped_calibrated,39,44,29,34
23,11,48,cropped_fixed_budget,40,45,30,35
23,12,95,full_threshold_0p5,96,95,96,95
23,12,95,cropped_threshold_0p5,95,94,95,94
23,12,95,cropped_calibrated,95,94,95,94
23,12,95,cropped_fixed_budget,55,45,15,14
23,13,58,full_threshold_0p5,29,22,11,10
23,13,58,cropped_threshold_0p5,29,22,11,10
23,13,58,cropped_calibrated,46,44,35,36
23,13,58,cropped_fixed_budget,47,45,36,37
23,14,43,full_threshold_0p5,69,71,69,71
23,14,43,cropped_threshold_0p5,43,44,43,44
23,14,43,cropped_calibrated,43,48,43,48
23,14,43,cropped_fixed_budget,43,45,43,45
23,15,36,full_threshold_0p5,11,10,6,6
23,15,36,cropped_threshold_0p5,11,10,6,6
23,15,36,cropped_calibrated,15,16,15,16
23,15,36,cropped_fixed_budget,26,45,26,45
23,16,50,full_threshold_0p5,31,25,10,10
23,16,50,cropped_threshold_0p5,26,22,10,10
23,16,50,cropped_calibrated,46,56,36,49
23,16,50,cropped_fixed_budget,40,45,31,39
23,17,68,full_threshold_0p5,34,27,15,15
23,17,68,cropped_threshold_0p5,32,26,15,15
23,17,68,cropped_calibrated,64,65,49,50
23,17,68,cropped_fixed_budget,50,45,18,19
23,18,65,full_threshold_0p5,16,16,16,16
23,18,65,cropped_threshold_0p5,16,16,16,16
23,18,65,cropped_calibrated,24,26,18,22
23,18,65,cropped_fixed_budget,28,45,28,45
23,19,96,full_threshold_0p5,48,47,48,47
23,19,96,cropped_threshold_0p5,48,47,48,47
23,19,96,cropped_calibrated,48,47,48,47
23,19,96,cropped_fixed_budget,46,45,46,45
24,0,30,full_threshold_0p5,56,52,39,38
24,0,30,cropped_threshold_0p5,30,26,14,13
24,0,30,cropped_calibrated,30,30,24,25
24,0,30,cropped_fixed_budget,30,45,30,45
24,1,71,full_threshold_0p5,32,31,32,31
24,1,71,cropped_threshold_0p5,32,31,32,31
24,1,71,cropped_calibrated,35,38,35,38
24,1,71,cropped_fixed_budget,35,45,35,45
24,2,73,full_threshold_0p5,87,81,34,33
24,2,73,cropped_threshold_0p5,69,64,32,31
24,2,73,cropped_calibrated,72,72,72,72
24,2,73,cropped_fixed_budget,52,45,22,21
24,3,92,full_threshold_0p5,61,52,23,22
24,3,92,cropped_threshold_0p5,61,52,23,22
24,3,92,cropped_calibrated,67,64,45,46
24,3,92,cropped_fixed_budget,54,45,19,18
24,4,86,full_threshold_0p5,13,13,13,13
24,4,86,cropped_threshold_0p5,13,13,13,13
24,4,86,cropped_calibrated,14,16,14,16
24,4,86,cropped_fixed_budget,30,45,26,43
24,5,25,full_threshold_0p5,45,44,29,30
24,5,25,cropped_threshold_0p5,21,18,14,13
24,5,25,cropped_calibrated,25,28,25,28
24,5,25,cropped_fixed_budget,25,45,25,45
24,6,74,full_threshold_0p5,72,71,72,71
24,6,74,cropped_threshold_0p5,72,71,72,71
24,6,74,cropped_calibrated,72,75,72,75
24,6,74,cropped_fixed_budget,50,45,20,19
24,7,23,full_threshold_0p5,12,10,6,5
24,7,23,cropped_threshold_0p5,12,10,6,5
24,7,23,cropped_calibrated,13,17,13,17
24,7,23,cropped_fixed_budget,22,45,22,45
24,8,49,full_threshold_0p5,31,30,31,30
24,8,49,cropped_threshold_0p5,31,30,31,30
24,8,49,cropped_calibrated,35,40,35,40
24,8,49,cropped_fixed_budget,35,45,35,45
24,9,85,full_threshold_0p5,50,50,42,43
24,9,85,cropped_threshold_0p5,50,50,42,43
24,9,85,cropped_calibrated,50,65,50,65
24,9,85,cropped_fixed_budget,48,45,34,33
24,10,74,full_threshold_0p5,33,32,33,32
24,10,74,cropped_threshold_0p5,33,32,33,32
24,10,74,cropped_calibrated,33,33,33,33
24,10,74,cropped_fixed_budget,33,45,33,45
24,11,48,full_threshold_0p5,54,48,27,26
24,11,48,cropped_threshold_0p5,37,33,27,26
24,11,48,cropped_calibrated,47,51,38,44
24,11,48,cropped_fixed_budget,45,45,34,37
24,12,95,full_threshold_0p5,25,19,10,9
24,12,95,cropped_threshold_0p5,25,19,10,9
24,12,95,cropped_calibrated,60,56,27,28
24,12,95,cropped_fixed_budget,49,45,21,22
24,13,58,full_threshold_0p5,55,50,37,36
24,13,58,cropped_threshold_0p5,45,42,33,32
24,13,58,cropped_calibrated,57,76,57,76
24,13,58,cropped_fixed_budget,47,45,34,33
24,14,43,full_threshold_0p5,17,12,5,4
24,14,43,cropped_threshold_0p5,15,11,5,4
24,14,43,cropped_calibrated,19,15,5,4
24,14,43,cropped_fixed_budget,39,45,39,45
24,15,36,full_threshold_0p5,44,44,44,44
24,15,36,cropped_threshold_0p5,35,35,35,35
24,15,36,cropped_calibrated,36,39,36,39
24,15,36,cropped_fixed_budget,36,45,36,45
24,16,50,full_threshold_0p5,31,28,17,16
24,16,50,cropped_threshold_0p5,31,28,17,16
24,16,50,cropped_calibrated,34,38,34,38
24,16,50,cropped_fixed_budget,34,45,34,45
24,17,68,full_threshold_0p5,70,74,62,69
24,17,68,cropped_threshold_0p5,62,65,49,56
24,17,68,cropped_calibrated,64,100,64,100
24,17,68,cropped_fixed_budget,54,45,25,25
24,18,65,full_threshold_0p5,19,15,12,11
24,18,65,cropped_threshold_0p5,19,15,12,11
24,18,65,cropped_calibrated,28,23,16,15
24,18,65,cropped_fixed_budget,42,45,24,30
24,19,96,full_threshold_0p5,84,78,41,40
24,19,96,cropped_threshold_0p5,84,78,41,40
24,19,96,cropped_calibrated,90,92,62,61
24,19,96,cropped_fixed_budget,55,45,16,15
25,0,30,full_threshold_0p5,84,87,84,87
25,0,30,cropped_threshold_0p5,30,31,30,31
25,0,30,cropped_calibrated,30,36,30,36
25,0,30,cropped_fixed_budget,30,45,30,45
25,1,71,full_threshold_0p5,11,9,6,5
25,1,71,cropped_threshold_0p5,11,9,6,5
25,1,71,cropped_calibrated,12,13,7,9
25,1,71,cropped_fixed_budget,29,45,25,43
25,2,73,full_threshold_0p5,44,42,41,40
25,2,73,cropped_threshold_0p5,44,42,41,40
25,2,73,cropped_calibrated,45,45,45,45
25,2,73,cropped_fixed_budget,45,45,45,45
25,3,92,full_threshold_0p5,67,78,67,78
25,3,92,cropped_threshold_0p5,67,78,67,78
25,3,92,cropped_calibrated,70,104,70,104
25,3,92,cropped_fixed_budget,53,45,18,17
25,4,86,full_threshold_0p5,13,10,9,8
25,4,86,cropped_threshold_0p5,13,10,9,8
25,4,86,cropped_calibrated,30,27,18,18
25,4,86,cropped_fixed_budget,49,45,19,19
25,5,25,full_threshold_0p5,55,54,55,54
25,5,25,cropped_threshold_0p5,25,24,25,24
25,5,25,cropped_calibrated,25,27,25,27
25,5,25,cropped_fixed_budget,25,45,25,45
25,6,74,full_threshold_0p5,14,13,12,12
25,6,74,cropped_threshold_0p5,14,13,12,12
25,6,74,cropped_calibrated,30,33,26,30
25,6,74,cropped_fixed_budget,34,45,34,45
25,7,23,full_threshold_0p5,42,43,22,23
25,7,23,cropped_threshold_0p5,22,22,14,15
25,7,23,cropped_calibrated,23,31,23,31
25,7,23,cropped_fixed_budget,23,45,23,45
25,8,49,full_threshold_0p5,38,39,27,30
25,8,49,cropped_threshold_0p5,35,36,24,27
25,8,49,cropped_calibrated,45,54,45,54
25,8,49,cropped_fixed_budget,40,45,40,45
25,9,85,full_threshold_0p5,42,38,21,20
25,9,85,cropped_threshold_0p5,42,38,21,20
25,9,85,cropped_calibrated,49,49,41,42
25,9,85,cropped_fixed_budget,46,45,39,39
25,10,74,full_threshold_0p5,69,69,64,65
25,10,74,cropped_threshold_0p5,69,69,64,65
25,10,74,cropped_calibrated,71,76,71,76
25,10,74,cropped_fixed_budget,50,45,30,29
25,11,48,full_threshold_0p5,14,16,14,16
25,11,48,cropped_threshold_0p5,14,16,14,16
25,11,48,cropped_calibrated,14,17,14,17
25,11,48,cropped_fixed_budget,26,45,26,45
25,12,95,full_threshold_0p5,70,70,65,66
25,12,95,cropped_threshold_0p5,70,70,65,66
25,12,95,cropped_calibrated,72,89,72,89
25,12,95,cropped_fixed_budget,50,45,30,29
25,13,58,full_threshold_0p5,34,33,34,33
25,13,58,cropped_threshold_0p5,34,33,34,33
25,13,58,cropped_calibrated,34,34,34,34
25,13,58,cropped_fixed_budget,34,45,34,45
25,14,43,full_threshold_0p5,30,26,12,11
25,14,43,cropped_threshold_0p5,26,22,12,11
25,14,43,cropped_calibrated,30,27,14,14
25,14,43,cropped_fixed_budget,36,45,36,45
25,15,36,full_threshold_0p5,29,31,29,31
25,15,36,cropped_threshold_0p5,29,31,29,31
25,15,36,cropped_calibrated,29,31,29,31
25,15,36,cropped_fixed_budget,33,45,33,45
25,16,50,full_threshold_0p5,12,10,10,9
25,16,50,cropped_threshold_0p5,12,10,10,9
25,16,50,cropped_calibrated,14,15,14,15
25,16,50,cropped_fixed_budget,28,45,28,45
25,17,68,full_threshold_0p5,42,41,42,41
25,17,68,cropped_threshold_0p5,42,41,42,41
25,17,68,cropped_calibrated,42,41,42,41
25,17,68,cropped_fixed_budget,42,45,42,45
25,18,65,full_threshold_0p5,89,84,54,53
25,18,65,cropped_threshold_0p5,56,51,21,20
25,18,65,cropped_calibrated,63,65,39,38
25,18,65,cropped_fixed_budget,53,45,18,17
25,19,96,full_threshold_0p5,90,89,90,89
25,19,96,cropped_threshold_0p5,90,89,90,89
25,19,96,cropped_calibrated,90,89,90,89
25,19,96,cropped_fixed_budget,52,45,29,28
26,0,30,full_threshold_0p5,69,67,62,61
26,0,30,cropped_threshold_0p5,24,23,24,23
26,0,30,cropped_calibrated,29,29,29,29
26,0,30,cropped_fixed_budget,30,45,30,45
26,1,71,full_threshold_0p5,50,52,50,52
26,1,71,cropped_threshold_0p5,50,52,50,52
26,1,71,cropped_calibrated,55,65,55,65
26,1,71,cropped_fixed_budget,48,45,40,40
26,2,73,full_threshold_0p5,22,15,5,4
26,2,73,cropped_threshold_0p5,22,15,5,4
26,2,73,cropped_calibrated,48,45,40,39
26,2,73,cropped_fixed_budget,48,45,40,39
26,3,92,full_threshold_0p5,77,76,77,76
26,3,92,cropped_threshold_0p5,77,76,77,76
26,3,92,cropped_calibrated,77,77,77,77
26,3,92,cropped_fixed_budget,52,45,20,19
26,4,86,full_threshold_0p5,51,41,17,16
26,4,86,cropped_threshold_0p5,47,37,13,12
26,4,86,cropped_calibrated,81,83,51,56
26,4,86,cropped_fixed_budget,54,45,23,22
26,5,25,full_threshold_0p5,45,39,26,25
26,5,25,cropped_threshold_0p5,24,21,16,15
26,5,25,cropped_calibrated,24,22,16,16
26,5,25,cropped_fixed_budget,25,45,25,45
26,6,74,full_threshold_0p5,29,28,29,28
26,6,74,cropped_threshold_0p5,29,28,29,28
26,6,74,cropped_calibrated,29,32,29,32
26,6,74,cropped_fixed_budget,33,45,33,45
26,7,23,full_threshold_0p5,14,14,14,14
26,7,23,cropped_threshold_0p5,14,14,14,14
26,7,23,cropped_calibrated,21,24,21,24
26,7,23,cropped_fixed_budget,23,45,23,45
26,8,49,full_threshold_0p5,35,26,8,7
26,8,49,cropped_threshold_0p5,34,25,8,7
26,8,49,cropped_calibrated,42,45,37,42
26,8,49,cropped_fixed_budget,42,45,37,42
26,9,85,full_threshold_0p5,26,19,8,7
26,9,85,cropped_threshold_0p5,26,19,8,7
26,9,85,cropped_calibrated,64,65,59,61
26,9,85,cropped_fixed_budget,52,45,22,21
26,10,74,full_threshold_0p5,28,22,12,12
26,10,74,cropped_threshold_0p5,25,20,12,12
26,10,74,cropped_calibrated,61,66,56,62
26,10,74,cropped_fixed_budget,47,45,35,37
26,11,48,full_threshold_0p5,76,75,76,75
26,11,48,cropped_threshold_0p5,48,47,48,47
26,11,48,cropped_calibrated,48,47,48,47
26,11,48,cropped_fixed_budget,47,45,45,44
26,12,95,full_threshold_0p5,16,13,10,9
26,12,95,cropped_threshold_0p5,16,13,10,9
26,12,95,cropped_calibrated,36,34,27,28
26,12,95,cropped_fixed_budget,49,45,32,34
26,13,58,full_threshold_0p5,77,99,77,99
26,13,58,cropped_threshold_0p5,51,63,51,63
26,13,58,cropped_calibrated,58,94,58,94
26,13,58,cropped_fixed_budget,44,45,25,24
26,14,43,full_threshold_0p5,77,76,77,76
26,14,43,cropped_threshold_0p5,43,42,43,42
26,14,43,cropped_calibrated,43,42,43,42
26,14,43,cropped_fixed_budget,43,45,43,45
26,15,36,full_threshold_0p5,19,17,16,15
26,15,36,cropped_threshold_0p5,19,17,16,15
26,15,36,cropped_calibrated,23,21,20,19
26,15,36,cropped_fixed_budget,34,45,34,45
26,16,50,full_threshold_0p5,23,20,14,15
26,16,50,cropped_threshold_0p5,23,20,14,15
26,16,50,cropped_calibrated,31,45,31,45
26,16,50,cropped_fixed_budget,31,45,31,45
26,17,68,full_threshold_0p5,31,27,13,12
26,17,68,cropped_threshold_0p5,31,27,13,12
26,17,68,cropped_calibrated,33,34,33,34
26,17,68,cropped_fixed_budget,35,45,35,45
26,18,65,full_threshold_0p5,51,50,51,50
26,18,65,cropped_threshold_0p5,51,50,51,50
26,18,65,cropped_calibrated,51,51,51,51
26,18,65,cropped_fixed_budget,48,45,31,30
26,19,96,full_threshold_0p5,71,72,51,52
26,19,96,cropped_threshold_0p5,71,72,51,52
26,19,96,cropped_calibrated,72,76,72,76
26,19,96,cropped_fixed_budget,50,45,17,16
27,0,30,full_threshold_0p5,78,77,78,77
27,0,30,cropped_threshold_0p5,30,29,30,29
27,0,30,cropped_calibrated,30,29,30,29
27,0,30,cropped_fixed_budget,30,45,30,45
27,1,71,full_threshold_0p5,55,62,55,62
27,1,71,cropped_threshold_0p5,55,62,55,62
27,1,71,cropped_calibrated,56,77,56,77
27,1,71,cropped_fixed_budget,50,45,30,29
27,2,73,full_threshold_0p5,52,52,52,52
27,2,73,cropped_threshold_0p5,52,52,52,52
27,2,73,cropped_calibrated,55,67,55,67
27,2,73,cropped_fixed_budget,47,45,41,40
27,3,92,full_threshold_0p5,45,45,45,45
27,3,92,cropped_threshold_0p5,45,45,45,45
27,3,92,cropped_calibrated,45,54,45,54
27,3,92,cropped_fixed_budget,45,45,45,45
27,4,86,full_threshold_0p5,44,40,20,19
27,4,86,cropped_threshold_0p5,44,40,20,19
27,4,86,cropped_calibrated,57,62,49,55
27,4,86,cropped_fixed_budget,48,45,24,23
27,5,25,full_threshold_0p5,29,27,16,15
27,5,25,cropped_threshold_0p5,25,23,13,12
27,5,25,cropped_calibrated,25,28,25,28
27,5,25,cropped_fixed_budget,25,45,25,45
27,6,74,full_threshold_0p5,55,57,55,57
27,6,74,cropped_threshold_0p5,55,57,55,57
27,6,74,cropped_calibrated,71,105,71,105
27,6,74,cropped_fixed_budget,48,45,38,38
27,7,23,full_threshold_0p5,90,89,90,89
27,7,23,cropped_threshold_0p5,23,22,23,22
27,7,23,cropped_calibrated,23,22,23,22
27,7,23,cropped_fixed_budget,23,45,23,45
27,8,49,full_threshold_0p5,11,9,6,5
27,8,49,cropped_threshold_0p5,11,9,6,5
27,8,49,cropped_calibrated,13,14,13,14
27,8,49,cropped_fixed_budget,31,45,24,41
27,9,85,full_threshold_0p5,19,19,19,19
27,9,85,cropped_threshold_0p5,19,19,19,19
27,9,85,cropped_calibrated,21,24,21,24
27,9,85,cropped_fixed_budget,27,45,25,44
27,10,74,full_threshold_0p5,61,54,34,33
27,10,74,cropped_threshold_0p5,61,54,34,33
27,10,74,cropped_calibrated,70,66,47,46
27,10,74,cropped_fixed_budget,54,45,22,21
27,11,48,full_threshold_0p5,11,9,9,8
27,11,48,cropped_threshold_0p5,11,9,9,8
27,11,48,cropped_calibrated,18,17,18,17
27,11,48,cropped_fixed_budget,35,45,35,45
27,12,95,full_threshold_0p5,42,37,26,25
27,12,95,cropped_threshold_0p5,42,37,26,25
27,12,95,cropped_calibrated,51,49,43,44
27,12,95,cropped_fixed_budget,49,45,35,35
27,13,58,full_threshold_0p5,33,32,33,32
27,13,58,cropped_threshold_0p5,33,32,33,32
27,13,58,cropped_calibrated,33,32,33,32
27,13,58,cropped_fixed_budget,33,45,33,45
27,14,43,full_threshold_0p5,76,74,74,73
27,14,43,cropped_threshold_0p5,43,41,41,40
27,14,43,cropped_calibrated,43,42,43,42
27,14,43,cropped_fixed_budget,43,45,43,45
27,15,36,full_threshold_0p5,6,4,4,3
27,15,36,cropped_threshold_0p5,6,4,4,3
27,15,36,cropped_calibrated,22,19,12,11
27,15,36,cropped_fixed_budget,35,45,35,45
27,16,50,full_threshold_0p5,95,94,95,94
27,16,50,cropped_threshold_0p5,50,49,50,49
27,16,50,cropped_calibrated,50,49,50,49
27,16,50,cropped_fixed_budget,48,45,33,32
27,17,68,full_threshold_0p5,78,79,78,79
27,17,68,cropped_threshold_0p5,68,69,68,69
27,17,68,cropped_calibrated,68,72,68,72
27,17,68,cropped_fixed_budget,54,45,17,16
27,18,65,full_threshold_0p5,40,38,28,28
27,18,65,cropped_threshold_0p5,40,38,28,28
27,18,65,cropped_calibrated,48,55,45,53
27,18,65,cropped_fixed_budget,44,45,41,43
27,19,96,full_threshold_0p5,14,14,14,14
27,19,96,cropped_threshold_0p5,14,14,14,14
27,19,96,cropped_calibrated,15,19,15,19
27,19,96,cropped_fixed_budget,33,45,25,41
28,0,30,full_threshold_0p5,31,30,31,30
28,0,30,cropped_threshold_0p5,26,25,26,25
28,0,30,cropped_calibrated,30,35,30,35
28,0,30,cropped_fixed_budget,30,45,30,45
28,1,71,full_threshold_0p5,20,20,20,20
28,1,71,cropped_threshold_0p5,20,20,20,20
28,1,71,cropped_calibrated,29,38,29,38
28,1,71,cropped_fixed_budget,30,45,30,45
28,2,73,full_threshold_0p5,43,42,43,42
28,2,73,cropped_threshold_0p5,43,42,43,42
28,2,73,cropped_calibrated,43,44,43,44
28,2,73,cropped_fixed_budget,43,45,43,45
28,3,92,full_threshold_0p5,17,16,17,16
28,3,92,cropped_threshold_0p5,17,16,17,16
28,3,92,cropped_calibrated,19,24,19,24
28,3,92,cropped_fixed_budget,26,45,26,45
28,4,86,full_threshold_0p5,15,13,12,11
28,4,86,cropped_threshold_0p5,15,13,12,11
28,4,86,cropped_calibrated,20,19,18,18
28,4,86,cropped_fixed_budget,48,45,32,35
28,5,25,full_threshold_0p5,57,48,17,16
28,5,25,cropped_threshold_0p5,20,17,12,11
28,5,25,cropped_calibrated,24,23,24,23
28,5,25,cropped_fixed_budget,25,45,25,45
28,6,74,full_threshold_0p5,23,17,6,5
28,6,74,cropped_threshold_0p5,23,17,6,5
28,6,74,cropped_calibrated,37,34,31,30
28,6,74,cropped_fixed_budget,41,45,39,44
28,7,23,full_threshold_0p5,35,34,35,34
28,7,23,cropped_threshold_0p5,23,22,23,22
28,7,23,cropped_calibrated,23,22,23,22
28,7,23,cropped_fixed_budget,23,45,23,45
28,8,49,full_threshold_0p5,52,50,25,26
28,8,49,cropped_threshold_0p5,44,42,25,26
28,8,49,cropped_calibrated,48,55,48,55
28,8,49,cropped_fixed_budget,45,45,29,30
28,9,85,full_threshold_0p5,41,37,18,17
28,9,85,cropped_threshold_0p5,41,37,18,17
28,9,85,cropped_calibrated,49,47,39,39
28,9,85,cropped_fixed_budget,47,45,37,37
28,10,74,full_threshold_0p5,59,62,56,60
28,10,74,cropped_threshold_0p5,51,54,48,52
28,10,74,cropped_calibrated,67,104,67,104
28,10,74,cropped_fixed_budget,46,45,44,44
28,11,48,full_threshold_0p5,21,14,4,3
28,11,48,cropped_threshold_0p5,14,10,4,3
28,11,48,cropped_calibrated,25,19,8,7
28,11,48,cropped_fixed_budget,41,45,39,44
28,12,95,full_threshold_0p5,40,30,10,9
28,12,95,cropped_threshold_0p5,40,30,10,9
28,12,95,cropped_calibrated,78,72,37,39
28,12,95,cropped_fixed_budget,58,45,17,16
28,13,58,full_threshold_0p5,46,40,29,28
28,13,58,cropped_threshold_0p5,46,40,29,28
28,13,58,cropped_calibrated,51,48,40,40
28,13,58,cropped_fixed_budget,50,45,32,32
28,14,43,full_threshold_0p5,49,46,34,37
28,14,43,cropped_threshold_0p5,23,26,23,26
28,14,43,cropped_calibrated,42,65,42,65
28,14,43,cropped_fixed_budget,37,45,33,43
28,15,36,full_threshold_0p5,13,12,13,12
28,15,36,cropped_threshold_0p5,13,12,13,12
28,15,36,cropped_calibrated,17,19,17,19
28,15,36,cropped_fixed_budget,30,45,24,41
28,16,50,full_threshold_0p5,23,20,13,12
28,16,50,cropped_threshold_0p5,23,20,13,12
28,16,50,cropped_calibrated,30,28,25,24
28,16,50,cropped_fixed_budget,34,45,32,44
28,17,68,full_threshold_0p5,47,50,41,45
28,17,68,cropped_threshold_0p5,47,50,41,45
28,17,68,cropped_calibrated,50,70,50,70
28,17,68,cropped_fixed_budget,46,45,37,38
28,18,65,full_threshold_0p5,40,34,15,14
28,18,65,cropped_threshold_0p5,40,34,15,14
28,18,65,cropped_calibrated,43,45,43,45
28,18,65,cropped_fixed_budget,43,45,43,45
28,19,96,full_threshold_0p5,35,31,26,25
28,19,96,cropped_threshold_0p5,35,31,26,25
28,19,96,cropped_calibrated,41,45,27,34
28,19,96,cropped_fixed_budget,41,45,27,34
29,0,30,full_threshold_0p5,84,82,43,43
29,0,30,cropped_threshold_0p5,30,28,24,24
29,0,30,cropped_calibrated,30,31,30,31
29,0,30,cropped_fixed_budget,30,45,30,45
29,1,71,full_threshold_0p5,11,11,11,11
29,1,71,cropped_threshold_0p5,11,11,11,11
29,1,71,cropped_calibrated,15,17,13,16
29,1,71,cropped_fixed_budget,30,45,24,41
29,2,73,full_threshold_0p5,56,55,56,55
29,2,73,cropped_threshold_0p5,56,55,56,55
29,2,73,cropped_calibrated,56,55,56,55
29,2,73,cropped_fixed_budget,47,45,45,44
29,3,92,full_threshold_0p5,17,16,17,16
29,3,92,cropped_threshold_0p5,17,16,17,16
29,3,92,cropped_calibrated,18,18,18,18
29,3,92,cropped_fixed_budget,31,45,31,45
29,4,86,full_threshold_0p5,34,32,25,25
29,4,86,cropped_threshold_0p5,34,32,25,25
29,4,86,cropped_calibrated,38,42,31,36
29,4,86,cropped_fixed_budget,39,45,39,45
29,5,25,full_threshold_0p5,19,19,19,19
29,5,25,cropped_threshold_0p5,19,19,19,19
29,5,25,cropped_calibrated,25,28,25,28
29,5,25,cropped_fixed_budget,25,45,25,45
29,6,74,full_threshold_0p5,76,74,45,44
29,6,74,cropped_threshold_0p5,74,72,43,42
29,6,74,cropped_calibrated,74,74,74,74
29,6,74,cropped_fixed_budget,51,45,22,21
29,7,23,full_threshold_0p5,12,8,5,4
29,7,23,cropped_threshold_0p5,10,7,5,4
29,7,23,cropped_calibrated,18,15,13,12
29,7,23,cropped_fixed_budget,23,45,23,45
29,8,49,full_threshold_0p5,72,71,72,71
29,8,49,cropped_threshold_0p5,49,48,49,48
29,8,49,cropped_calibrated,49,49,49,49
29,8,49,cropped_fixed_budget,46,45,46,45
29,9,85,full_threshold_0p5,17,15,14,13
29,9,85,cropped_threshold_0p5,17,15,14,13
29,9,85,cropped_calibrated,26,27,23,25
29,9,85,cropped_fixed_budget,37,45,33,43
29,10,74,full_threshold_0p5,35,27,14,13
29,10,74,cropped_threshold_0p5,35,27,14,13
29,10,74,cropped_calibrated,61,64,55,60
29,10,74,cropped_fixed_budget,52,45,17,16
29,11,48,full_threshold_0p5,28,22,10,9
29,11,48,cropped_threshold_0p5,17,13,10,9
29,11,48,cropped_calibrated,28,23,12,12
29,11,48,cropped_fixed_budget,42,45,38,43
29,12,95,full_threshold_0p5,49,45,35,36
29,12,95,cropped_threshold_0p5,49,45,35,36
29,12,95,cropped_calibrated,87,107,87,107
29,12,95,cropped_fixed_budget,49,45,35,36
29,13,58,full_threshold_0p5,34,34,34,34
29,13,58,cropped_threshold_0p5,34,34,34,34
29,13,58,cropped_calibrated,34,36,34,36
29,13,58,cropped_fixed_budget,34,45,34,45
29,14,43,full_threshold_0p5,71,65,54,53
29,14,43,cropped_threshold_0p5,40,35,28,27
29,14,43,cropped_calibrated,43,47,41,46
29,14,43,cropped_fixed_budget,43,45,41,44
29,15,36,full_threshold_0p5,72,73,72,73
29,15,36,cropped_threshold_0p5,36,37,36,37
29,15,36,cropped_calibrated,36,37,36,37
29,15,36,cropped_fixed_budget,36,45,36,45
29,16,50,full_threshold_0p5,27,23,16,15
29,16,50,cropped_threshold_0p5,21,19,16,15
29,16,50,cropped_calibrated,30,29,21,21
29,16,50,cropped_fixed_budget,39,45,37,44
29,17,68,full_threshold_0p5,15,12,10,9
29,17,68,cropped_threshold_0p5,15,12,10,9
29,17,68,cropped_calibrated,38,35,20,20
29,17,68,cropped_fixed_budget,45,45,45,45
29,18,65,full_threshold_0p5,10,9,10,9
29,18,65,cropped_threshold_0p5,10,9,10,9
29,18,65,cropped_calibrated,21,22,18,20
29,18,65,cropped_fixed_budget,36,45,36,45
29,19,96,full_threshold_0p5,45,49,45,49
29,19,96,cropped_threshold_0p5,45,49,45,49
29,19,96,cropped_calibrated,50,69,50,69
29,19,96,cropped_fixed_budget,43,45,33,37
30,0,30,full_threshold_0p5,42,39,28,28
30,0,30,cropped_threshold_0p5,25,22,14,13
30,0,30,cropped_calibrated,28,34,28,34
30,0,30,cropped_fixed_budget,30,45,30,45
30,1,71,full_threshold_0p5,14,12,12,11
30,1,71,cropped_threshold_0p5,14,12,12,11
30,1,71,cropped_calibrated,14,14,14,14
30,1,71,cropped_fixed_budget,29,45,29,45
30,2,73,full_threshold_0p5,52,45,22,22
30,2,73,cropped_threshold_0p5,52,45,22,22
30,2,73,cropped_calibrated,70,89,66,86
30,2,73,cropped_fixed_budget,52,45,22,22
30,3,92,full_threshold_0p5,34,29,18,17
30,3,92,cropped_threshold_0p5,34,29,18,17
30,3,92,cropped_calibrated,56,55,33,37
30,3,92,cropped_fixed_budget,45,45,24,27
30,4,86,full_threshold_0p5,74,76,34,36
30,4,86,cropped_threshold_0p5,74,76,34,36
30,4,86,cropped_calibrated,77,94,75,93
30,4,86,cropped_fixed_budget,52,45,29,28
30,5,25,full_threshold_0p5,69,68,69,68
30,5,25,cropped_threshold_0p5,23,22,23,22
30,5,25,cropped_calibrated,25,31,25,31
30,5,25,cropped_fixed_budget,25,45,25,45
30,6,74,full_threshold_0p5,15,11,4,3
30,6,74,cropped_threshold_0p5,15,11,4,3
30,6,74,cropped_calibrated,21,18,12,11
30,6,74,cropped_fixed_budget,42,45,39,43
30,7,23,full_threshold_0p5,73,70,53,53
30,7,23,cropped_threshold_0p5,21,21,21,21
30,7,23,cropped_calibrated,23,27,23,27
30,7,23,cropped_fixed_budget,23,45,23,45
30,8,49,full_threshold_0p5,21,15,4,3
30,8,49,cropped_threshold_0p5,21,15,4,3
30,8,49,cropped_calibrated,38,46,38,46
30,8,49,cropped_fixed_budget,37,45,37,45
30,9,85,full_threshold_0p5,70,65,41,40
30,9,85,cropped_threshold_0p5,70,65,41,40
30,9,85,cropped_calibrated,71,70,71,70
30,9,85,cropped_fixed_budget,56,45,14,13
30,10,74,full_threshold_0p5,56,55,56,55
30,10,74,cropped_threshold_0p5,56,55,56,55
30,10,74,cropped_calibrated,56,56,56,56
30,10,74,cropped_fixed_budget,50,45,30,29
30,11,48,full_threshold_0p5,24,22,18,18
30,11,48,cropped_threshold_0p5,24,22,18,18
30,11,48,cropped_calibrated,32,33,30,32
30,11,48,cropped_fixed_budget,33,45,33,45
30,12,95,full_threshold_0p5,65,72,61,70
30,12,95,cropped_threshold_0p5,65,72,61,70
30,12,95,cropped_calibrated,80,130,80,130
30,12,95,cropped_fixed_budget,50,45,31,31
30,13,58,full_threshold_0p5,45,40,17,16
30,13,58,cropped_threshold_0p5,37,33,17,16
30,13,58,cropped_calibrated,54,57,43,47
30,13,58,cropped_fixed_budget,47,45,29,29
30,14,43,full_threshold_0p5,59,56,27,27
30,14,43,cropped_threshold_0p5,32,31,25,25
30,14,43,cropped_calibrated,41,42,41,42
30,14,43,cropped_fixed_budget,42,45,42,45
30,15,36,full_threshold_0p5,37,33,26,25
30,15,36,cropped_threshold_0p5,26,25,26,25
30,15,36,cropped_calibrated,30,33,30,33
30,15,36,cropped_fixed_budget,35,45,35,45
30,16,50,full_threshold_0p5,46,44,31,32
30,16,50,cropped_threshold_0p5,46,44,31,32
30,16,50,cropped_calibrated,46,52,46,52
30,16,50,cropped_fixed_budget,46,45,33,34
30,17,68,full_threshold_0p5,24,23,24,23
30,17,68,cropped_threshold_0p5,24,23,24,23
30,17,68,cropped_calibrated,24,27,24,27
30,17,68,cropped_fixed_budget,34,45,34,45
30,18,65,full_threshold_0p5,35,34,20,21
30,18,65,cropped_threshold_0p5,35,34,20,21
30,18,65,cropped_calibrated,46,54,46,54
30,18,65,cropped_fixed_budget,44,45,29,31
30,19,96,full_threshold_0p5,84,82,76,75
30,19,96,cropped_threshold_0p5,84,82,76,75
30,19,96,cropped_calibrated,84,84,84,84
30,19,96,cropped_fixed_budget,51,45,17,16
31,0,30,full_threshold_0p5,22,21,22,21
31,0,30,cropped_threshold_0p5,22,21,22,21
31,0,30,cropped_calibrated,24,25,24,25
31,0,30,cropped_fixed_budget,30,45,30,45
31,1,71,full_threshold_0p5,79,79,79,79
31,1,71,cropped_threshold_0p5,71,71,71,71
31,1,71,cropped_calibrated,71,76,71,76
31,1,71,cropped_fixed_budget,54,45,14,13
31,2,73,full_threshold_0p5,23,19,17,16
31,2,73,cropped_threshold_0p5,23,19,17,16
31,2,73,cropped_calibrated,42,39,20,24
31,2,73,cropped_fixed_budget,48,45,21,25
31,3,92,full_threshold_0p5,64,64,64,64
31,3,92,cropped_threshold_0p5,64,64,64,64
31,3,92,cropped_calibrated,69,78,69,78
31,3,92,cropped_fixed_budget,51,45,35,34
31,4,86,full_threshold_0p5,58,61,52,57
31,4,86,cropped_threshold_0p5,58,61,52,57
31,4,86,cropped_calibrated,60,73,60,73
31,4,86,cropped_fixed_budget,48,45,17,18
31,5,25,full_threshold_0p5,70,68,42,42
31,5,25,cropped_threshold_0p5,20,20,20,20
31,5,25,cropped_calibrated,23,23,23,23
31,5,25,cropped_fixed_budget,25,45,25,45
31,6,74,full_threshold_0p5,30,29,30,29
31,6,74,cropped_threshold_0p5,30,29,30,29
31,6,74,cropped_calibrated,30,29,30,29
31,6,74,cropped_fixed_budget,30,45,30,45
31,7,23,full_threshold_0p5,76,70,38,37
31,7,23,cropped_threshold_0p5,15,14,15,14
31,7,23,cropped_calibrated,22,22,22,22
31,7,23,cropped_fixed_budget,23,45,23,45
31,8,49,full_threshold_0p5,29,30,29,30
31,8,49,cropped_threshold_0p5,29,30,29,30
31,8,49,cropped_calibrated,30,34,30,34
31,8,49,cropped_fixed_budget,37,45,37,45
31,9,85,full_threshold_0p5,16,14,14,13
31,9,85,cropped_threshold_0p5,16,14,14,13
31,9,85,cropped_calibrated,31,25,17,16
31,9,85,cropped_fixed_budget,33,45,33,45
31,10,74,full_threshold_0p5,71,70,71,70
31,10,74,cropped_threshold_0p5,71,70,71,70
31,10,74,cropped_calibrated,71,70,71,70
31,10,74,cropped_fixed_budget,57,45,12,11
31,11,48,full_threshold_0p5,18,16,9,9
31,11,48,cropped_threshold_0p5,18,16,9,9
31,11,48,cropped_calibrated,28,25,16,18
31,11,48,cropped_fixed_budget,40,45,33,41
31,12,95,full_threshold_0p5,55,54,55,54
31,12,95,cropped_threshold_0p5,55,54,55,54
31,12,95,cropped_calibrated,56,55,56,55
31,12,95,cropped_fixed_budget,49,45,41,40
31,13,58,full_threshold_0p5,57,49,20,19
31,13,58,cropped_threshold_0p5,40,33,9,8
31,13,58,cropped_calibrated,56,71,56,71
31,13,58,cropped_fixed_budget,49,45,20,20
31,14,43,full_threshold_0p5,49,37,16,15
31,14,43,cropped_threshold_0p5,25,21,16,15
31,14,43,cropped_calibrated,36,36,29,30
31,14,43,cropped_fixed_budget,42,45,34,38
31,15,36,full_threshold_0p5,27,22,10,9
31,15,36,cropped_threshold_0p5,20,18,10,9
31,15,36,cropped_calibrated,28,30,26,29
31,15,36,cropped_fixed_budget,35,45,35,45
31,16,50,full_threshold_0p5,35,28,12,11
31,16,50,cropped_threshold_0p5,31,25,11,10
31,16,50,cropped_calibrated,47,51,45,50
31,16,50,cropped_fixed_budget,44,45,25,27
31,17,68,full_threshold_0p5,41,38,21,20
31,17,68,cropped_threshold_0p5,41,38,21,20
31,17,68,cropped_calibrated,43,47,40,45
31,17,68,cropped_fixed_budget,43,45,40,43
31,18,65,full_threshold_0p5,24,23,24,23
31,18,65,cropped_threshold_0p5,24,23,24,23
31,18,65,cropped_calibrated,24,23,24,23
31,18,65,cropped_fixed_budget,28,45,28,45
31,19,96,full_threshold_0p5,49,48,47,47
31,19,96,cropped_threshold_0p5,49,48,47,47
31,19,96,cropped_calibrated,55,65,55,65
31,19,96,cropped_fixed_budget,46,45,44,44
32,0,30,full_threshold_0p5,14,13,14,13
32,0,30,cropped_threshold_0p5,14,13,14,13
32,0,30,cropped_calibrated,14,16,14,16
32,0,30,cropped_fixed_budget,26,45,26,45
32,1,71,full_threshold_0p5,75,80,70,76
32,1,71,cropped_threshold_0p5,69,74,64,70
32,1,71,cropped_calibrated,71,105,71,105
32,1,71,cropped_fixed_budget,55,45,11,10
32,2,73,full_threshold_0p5,46,44,22,25
32,2,73,cropped_threshold_0p5,44,42,22,25
32,2,73,cropped_calibrated,55,61,36,45
32,2,73,cropped_fixed_budget,46,45,23,27
32,3,92,full_threshold_0p5,80,79,80,79
32,3,92,cropped_threshold_0p5,80,79,80,79
32,3,92,cropped_calibrated,80,79,80,79
32,3,92,cropped_fixed_budget,53,45,24,23
32,4,86,full_threshold_0p5,42,41,42,41
32,4,86,cropped_threshold_0p5,42,41,42,41
32,4,86,cropped_calibrated,42,41,42,41
32,4,86,cropped_fixed_budget,42,45,42,45
32,5,25,full_threshold_0p5,67,65,59,58
32,5,25,cropped_threshold_0p5,19,18,19,18
32,5,25,cropped_calibrated,24,23,24,23
32,5,25,cropped_fixed_budget,25,45,25,45
32,6,74,full_threshold_0p5,30,31,30,31
32,6,74,cropped_threshold_0p5,30,31,30,31
32,6,74,cropped_calibrated,30,35,30,35
32,6,74,cropped_fixed_budget,30,45,30,45
32,7,23,full_threshold_0p5,45,43,29,28
32,7,23,cropped_threshold_0p5,23,21,16,15
32,7,23,cropped_calibrated,23,26,23,26
32,7,23,cropped_fixed_budget,23,45,23,45
32,8,49,full_threshold_0p5,17,16,17,16
32,8,49,cropped_threshold_0p5,17,16,17,16
32,8,49,cropped_calibrated,19,20,19,20
32,8,49,cropped_fixed_budget,25,45,25,45
32,9,85,full_threshold_0p5,31,22,10,9
32,9,85,cropped_threshold_0p5,31,22,10,9
32,9,85,cropped_calibrated,56,61,44,49
32,9,85,cropped_fixed_budget,49,45,35,35
32,10,74,full_threshold_0p5,16,14,10,9
32,10,74,cropped_threshold_0p5,16,14,10,9
32,10,74,cropped_calibrated,19,19,19,19
32,10,74,cropped_fixed_budget,26,45,26,45
32,11,48,full_threshold_0p5,30,25,16,16
32,11,48,cropped_threshold_0p5,26,23,16,16
32,11,48,cropped_calibrated,34,34,20,20
32,11,48,cropped_fixed_budget,42,45,23,24
32,12,95,full_threshold_0p5,91,90,91,90
32,12,95,cropped_threshold_0p5,91,90,91,90
32,12,95,cropped_calibrated,91,91,91,91
32,12,95,cropped_fixed_budget,54,45,12,11
32,13,58,full_threshold_0p5,9,6,4,3
32,13,58,cropped_threshold_0p5,9,6,4,3
32,13,58,cropped_calibrated,24,19,15,14
32,13,58,cropped_fixed_budget,45,45,31,35
32,14,43,full_threshold_0p5,15,14,15,14
32,14,43,cropped_threshold_0p5,15,14,15,14
32,14,43,cropped_calibrated,17,22,17,22
32,14,43,cropped_fixed_budget,26,45,26,45
32,15,36,full_threshold_0p5,15,13,12,11
32,15,36,cropped_threshold_0p5,15,13,12,11
32,15,36,cropped_calibrated,18,18,15,16
32,15,36,cropped_fixed_budget,31,45,31,45
32,16,50,full_threshold_0p5,16,14,11,10
32,16,50,cropped_threshold_0p5,16,14,11,10
32,16,50,cropped_calibrated,24,23,24,23
32,16,50,cropped_fixed_budget,33,45,27,41
32,17,68,full_threshold_0p5,55,58,48,53
32,17,68,cropped_threshold_0p5,55,58,48,53
32,17,68,cropped_calibrated,68,88,64,85
32,17,68,cropped_fixed_budget,47,45,38,39
32,18,65,full_threshold_0p5,58,55,44,43
32,18,65,cropped_threshold_0p5,58,55,44,43
32,18,65,cropped_calibrated,59,62,52,56
32,18,65,cropped_fixed_budget,51,45,28,27
32,19,96,full_threshold_0p5,31,29,19,18
32,19,96,cropped_threshold_0p5,31,29,19,18
32,19,96,cropped_calibrated,33,32,33,32
32,19,96,cropped_fixed_budget,43,45,40,43
33,0,30,full_threshold_0p5,16,12,9,8
33,0,30,cropped_threshold_0p5,16,12,9,8
33,0,30,cropped_calibrated,28,33,28,33
33,0,30,cropped_fixed_budget,30,45,30,45
33,1,71,full_threshold_0p5,54,51,43,42
33,1,71,cropped_threshold_0p5,54,51,43,42
33,1,71,cropped_calibrated,64,76,60,73
33,1,71,cropped_fixed_budget,50,45,34,33
33,2,73,full_threshold_0p5,15,13,10,9
33,2,73,cropped_threshold_0p5,15,13,10,9
33,2,73,cropped_calibrated,19,18,17,17
33,2,73,cropped_fixed_budget,47,45,24,26
33,3,92,full_threshold_0p5,34,32,26,25
33,3,92,cropped_threshold_0p5,34,32,26,25
33,3,92,cropped_calibrated,56,62,56,62
33,3,92,cropped_fixed_budget,47,45,31,31
33,4,86,full_threshold_0p5,87,85,45,44
33,4,86,cropped_threshold_0p5,83,81,45,44
33,4,86,cropped_calibrated,86,91,86,91
33,4,86,cropped_fixed_budget,54,45,15,14
33,5,25,full_threshold_0p5,83,81,59,58
33,5,25,cropped_threshold_0p5,25,23,21,20
33,5,25,cropped_calibrated,25,24,25,24
33,5,25,cropped_fixed_budget,25,45,25,45
33,6,74,full_threshold_0p5,27,24,12,11
33,6,74,cropped_threshold_0p5,27,24,12,11
33,6,74,cropped_calibrated,29,29,16,15
33,6,74,cropped_fixed_budget,41,45,37,43
33,7,23,full_threshold_0p5,23,18,11,10
33,7,23,cropped_threshold_0p5,11,10,11,10
33,7,23,cropped_calibrated,17,16,17,16
33,7,23,cropped_fixed_budget,23,45,23,45
33,8,49,full_threshold_0p5,20,16,11,10
33,8,49,cropped_threshold_0p5,20,16,11,10
33,8,49,cropped_calibrated,44,40,32,32
33,8,49,cropped_fixed_budget,48,45,33,34
33,9,85,full_threshold_0p5,14,12,11,10
33,9,85,cropped_threshold_0p5,14,12,11,10
33,9,85,cropped_calibrated,33,32,27,27
33,9,85,cropped_fixed_budget,39,45,39,45
33,10,74,full_threshold_0p5,22,15,4,3
33,10,74,cropped_threshold_0p5,22,15,4,3
33,10,74,cropped_calibrated,36,33,22,21
33,10,74,cropped_fixed_budget,45,45,38,40
33,11,48,full_threshold_0p5,17,16,13,13
33,11,48,cropped_threshold_0p5,17,16,13,13
33,11,48,cropped_calibrated,21,22,21,22
33,11,48,cropped_fixed_budget,35,45,35,45
33,12,95,full_threshold_0p5,25,23,19,18
33,12,95,cropped_threshold_0p5,25,23,19,18
33,12,95,cropped_calibrated,63,58,40,40
33,12,95,cropped_fixed_budget,49,45,37,37
33,13,58,full_threshold_0p5,78,93,76,92
33,13,58,cropped_threshold_0p5,57,68,55,67
33,13,58,cropped_calibrated,58,90,56,89
33,13,58,cropped_fixed_budget,45,45,42,43
33,14,43,full_threshold_0p5,34,33,34,33
33,14,43,cropped_threshold_0p5,34,33,34,33
33,14,43,cropped_calibrated,34,34,34,34
33,14,43,cropped_fixed_budget,34,45,34,45
33,15,36,full_threshold_0p5,11,10,11,10
33,15,36,cropped_threshold_0p5,11,10,11,10
33,15,36,cropped_calibrated,17,17,13,15
33,15,36,cropped_fixed_budget,34,45,34,45
33,16,50,full_threshold_0p5,73,69,44,44
33,16,50,cropped_threshold_0p5,48,47,44,44
33,16,50,cropped_calibrated,50,51,50,51
33,16,50,cropped_fixed_budget,47,45,43,42
33,17,68,full_threshold_0p5,58,57,58,57
33,17,68,cropped_threshold_0p5,58,57,58,57
33,17,68,cropped_calibrated,58,57,58,57
33,17,68,cropped_fixed_budget,49,45,23,22
33,18,65,full_threshold_0p5,22,21,22,21
33,18,65,cropped_threshold_0p5,22,21,22,21
33,18,65,cropped_calibrated,31,32,26,29
33,18,65,cropped_fixed_budget,40,45,33,39
33,19,96,full_threshold_0p5,69,68,69,68
33,19,96,cropped_threshold_0p5,69,68,69,68
33,19,96,cropped_calibrated,69,69,69,69
33,19,96,cropped_fixed_budget,52,45,31,30
34,0,30,full_threshold_0p5,83,82,83,82
34,0,30,cropped_threshold_0p5,30,29,30,29
34,0,30,cropped_calibrated,30,29,30,29
34,0,30,cropped_fixed_budget,30,45,30,45
34,1,71,full_threshold_0p5,59,88,59,88
34,1,71,cropped_threshold_0p5,59,88,59,88
34,1,71,cropped_calibrated,60,101,60,101
34,1,71,cropped_fixed_budget,47,45,26,28
34,2,73,full_threshold_0p5,79,78,64,64
34,2,73,cropped_threshold_0p5,69,68,54,54
34,2,73,cropped_calibrated,73,79,73,79
34,2,73,cropped_fixed_budget,53,45,19,18
34,3,92,full_threshold_0p5,32,28,18,17
34,3,92,cropped_threshold_0p5,32,28,18,17
34,3,92,cropped_calibrated,68,68,64,66
34,3,92,cropped_fixed_budget,51,45,29,28
34,4,86,full_threshold_0p5,42,41,42,41
34,4,86,cropped_threshold_0p5,42,41,42,41
34,4,86,cropped_calibrated,42,41,42,41
34,4,86,cropped_fixed_budget,42,45,42,45
34,5,25,full_threshold_0p5,42,39,14,15
34,5,25,cropped_threshold_0p5,25,23,14,15
34,5,25,cropped_calibrated,25,28,25,28
34,5,25,cropped_fixed_budget,25,45,25,45
34,6,74,full_threshold_0p5,51,49,49,48
34,6,74,cropped_threshold_0p5,51,49,49,48
34,6,74,cropped_calibrated,60,64,56,62
34,6,74,cropped_fixed_budget,47,45,45,44
34,7,23,full_threshold_0p5,43,34,10,9
34,7,23,cropped_threshold_0p5,14,11,8,7
34,7,23,cropped_calibrated,20,21,20,21
34,7,23,cropped_fixed_budget,23,45,23,45
34,8,49,full_threshold_0p5,26,20,8,7
34,8,49,cropped_threshold_0p5,17,13,8,7
34,8,49,cropped_calibrated,35,32,21,22
34,8,49,cropped_fixed_budget,40,45,37,43
34,9,85,full_threshold_0p5,19,19,17,18
34,9,85,cropped_threshold_0p5,19,19,17,18
34,9,85,cropped_calibrated,41,36,21,23
34,9,85,cropped_fixed_budget,49,45,23,25
34,10,74,full_threshold_0p5,18,13,5,4
34,10,74,cropped_threshold_0p5,18,13,5,4
34,10,74,cropped_calibrated,23,23,21,22
34,10,74,cropped_fixed_budget,37,45,37,45
34,11,48,full_threshold_0p5,28,27,15,15
34,11,48,cropped_threshold_0p5,28,27,15,15
34,11,48,cropped_calibrated,29,28,16,16
34,11,48,cropped_fixed_budget,31,45,31,45
34,12,95,full_threshold_0p5,23,17,12,11
34,12,95,cropped_threshold_0p5,23,17,12,11
34,12,95,cropped_calibrated,67,64,32,32
34,12,95,cropped_fixed_budget,52,45,15,15
34,13,58,full_threshold_0p5,37,32,15,15
34,13,58,cropped_threshold_0p5,37,32,15,15
34,13,58,cropped_calibrated,43,45,32,35
34,13,58,cropped_fixed_budget,43,45,32,35
34,14,43,full_threshold_0p5,33,28,12,11
34,14,43,cropped_threshold_0p5,28,24,12,11
34,14,43,cropped_calibrated,43,44,43,44
34,14,43,cropped_fixed_budget,43,45,43,45
34,15,36,full_threshold_0p5,33,30,27,26
34,15,36,cropped_threshold_0p5,33,30,27,26
34,15,36,cropped_calibrated,35,35,35,35
34,15,36,cropped_fixed_budget,35,45,35,45
34,16,50,full_threshold_0p5,38,36,17,20
34,16,50,cropped_threshold_0p5,25,26,17,20
34,16,50,cropped_calibrated,42,49,42,49
34,16,50,cropped_fixed_budget,40,45,35,41
34,17,68,full_threshold_0p5,71,70,71,70
34,17,68,cropped_threshold_0p5,68,67,68,67
34,17,68,cropped_calibrated,68,67,68,67
34,17,68,cropped_fixed_budget,53,45,13,12
34,18,65,full_threshold_0p5,47,39,15,14
34,18,65,cropped_threshold_0p5,47,39,15,14
34,18,65,cropped_calibrated,57,60,36,38
34,18,65,cropped_fixed_budget,51,45,26,25
34,19,96,full_threshold_0p5,14,15,14,15
34,19,96,cropped_threshold_0p5,14,15,14,15
34,19,96,cropped_calibrated,17,23,17,23
34,19,96,cropped_fixed_budget,25,45,25,45
35,0,30,full_threshold_0p5,16,16,16,16
35,0,30,cropped_threshold_0p5,16,16,16,16
35,0,30,cropped_calibrated,22,25,22,25
35,0,30,cropped_fixed_budget,29,45,29,45
35,1,71,full_threshold_0p5,21,15,7,6
35,1,71,cropped_threshold_0p5,21,15,7,6
35,1,71,cropped_calibrated,26,23,18,17
35,1,71,cropped_fixed_budget,28,45,28,45
35,2,73,full_threshold_0p5,15,12,7,6
35,2,73,cropped_threshold_0p5,15,12,7,6
35,2,73,cropped_calibrated,28,28,26,27
35,2,73,cropped_fixed_budget,30,45,30,45
35,3,92,full_threshold_0p5,56,56,56,56
35,3,92,cropped_threshold_0p5,56,56,56,56
35,3,92,cropped_calibrated,56,61,56,61
35,3,92,cropped_fixed_budget,48,45,40,39
35,4,86,full_threshold_0p5,34,33,34,33
35,4,86,cropped_threshold_0p5,34,33,34,33
35,4,86,cropped_calibrated,34,34,34,34
35,4,86,cropped_fixed_budget,34,45,34,45
35,5,25,full_threshold_0p5,33,28,13,13
35,5,25,cropped_threshold_0p5,19,14,5,4
35,5,25,cropped_calibrated,23,28,20,26
35,5,25,cropped_fixed_budget,25,45,25,45
35,6,74,full_threshold_0p5,11,11,11,11
35,6,74,cropped_threshold_0p5,11,11,11,11
35,6,74,cropped_calibrated,13,16,13,16
35,6,74,cropped_fixed_budget,28,45,21,41
35,7,23,full_threshold_0p5,53,61,38,50
35,7,23,cropped_threshold_0p5,22,24,16,19
35,7,23,cropped_calibrated,23,30,23,30
35,7,23,cropped_fixed_budget,23,45,23,45
35,8,49,full_threshold_0p5,13,15,13,15
35,8,49,cropped_threshold_0p5,13,15,13,15
35,8,49,cropped_calibrated,15,20,15,20
35,8,49,cropped_fixed_budget,21,45,21,45
35,9,85,full_threshold_0p5,34,31,20,20
35,9,85,cropped_threshold_0p5,34,31,20,20
35,9,85,cropped_calibrated,34,41,32,40
35,9,85,cropped_fixed_budget,34,45,34,45
35,10,74,full_threshold_0p5,38,36,32,31
35,10,74,cropped_threshold_0p5,38,36,32,31
35,10,74,cropped_calibrated,47,48,38,40
35,10,74,cropped_fixed_budget,46,45,37,37
35,11,48,full_threshold_0p5,20,14,5,4
35,11,48,cropped_threshold_0p5,20,14,5,4
35,11,48,cropped_calibrated,37,36,31,32
35,11,48,cropped_fixed_budget,41,45,38,43
35,12,95,full_threshold_0p5,40,34,20,19
35,12,95,cropped_threshold_0p5,40,34,20,19
35,12,95,cropped_calibrated,46,47,42,44
35,12,95,cropped_fixed_budget,46,45,42,42
35,13,58,full_threshold_0p5,23,18,14,13
35,13,58,cropped_threshold_0p5,18,15,14,13
35,13,58,cropped_calibrated,40,43,35,40
35,13,58,cropped_fixed_budget,41,45,36,42
35,14,43,full_threshold_0p5,29,26,16,17
35,14,43,cropped_threshold_0p5,29,26,16,17
35,14,43,cropped_calibrated,35,42,26,35
35,14,43,cropped_fixed_budget,35,45,30,41
35,15,36,full_threshold_0p5,79,77,77,76
35,15,36,cropped_threshold_0p5,36,34,34,33
35,15,36,cropped_calibrated,36,37,34,36
35,15,36,cropped_fixed_budget,36,45,36,45
35,16,50,full_threshold_0p5,72,71,72,71
35,16,50,cropped_threshold_0p5,50,49,50,49
35,16,50,cropped_calibrated,50,49,50,49
35,16,50,cropped_fixed_budget,48,45,24,23
35,17,68,full_threshold_0p5,34,33,34,33
35,17,68,cropped_threshold_0p5,34,33,34,33
35,17,68,cropped_calibrated,34,33,34,33
35,17,68,cropped_fixed_budget,34,45,34,45
35,18,65,full_threshold_0p5,75,72,59,58
35,18,65,cropped_threshold_0p5,65,62,49,48
35,18,65,cropped_calibrated,65,71,65,71
35,18,65,cropped_fixed_budget,52,45,27,26
35,19,96,full_threshold_0p5,19,15,8,7
35,19,96,cropped_threshold_0p5,19,15,8,7
35,19,96,cropped_calibrated,26,28,19,23
35,19,96,cropped_fixed_budget,33,45,33,45
36,0,30,full_threshold_0p5,76,73,45,44
36,0,30,cropped_threshold_0p5,29,27,21,21
36,0,30,cropped_calibrated,30,34,30,34
36,0,30,cropped_fixed_budget,30,45,30,45
36,1,71,full_threshold_0p5,17,15,12,11
36,1,71,cropped_threshold_0p5,17,15,12,11
36,1,71,cropped_calibrated,36,36,36,36
36,1,71,cropped_fixed_budget,44,45,44,45
36,2,73,full_threshold_0p5,73,81,66,75
36,2,73,cropped_threshold_0p5,70,78,63,72
36,2,73,cropped_calibrated,73,151,73,151
36,2,73,cropped_fixed_budget,49,45,37,36
36,3,92,full_threshold_0p5,24,20,10,9
36,3,92,cropped_threshold_0p5,24,20,10,9
36,3,92,cropped_calibrated,44,40,26,26
36,3,92,cropped_fixed_budget,48,45,27,29
36,4,86,full_threshold_0p5,14,11,9,8
36,4,86,cropped_threshold_0p5,14,11,9,8
36,4,86,cropped_calibrated,24,23,24,23
36,4,86,cropped_fixed_budget,33,45,33,45
36,5,25,full_threshold_0p5,77,76,77,76
36,5,25,cropped_threshold_0p5,25,24,25,24
36,5,25,cropped_calibrated,25,29,25,29
36,5,25,cropped_fixed_budget,25,45,25,45
36,6,74,full_threshold_0p5,12,13,12,13
36,6,74,cropped_threshold_0p5,12,13,12,13
36,6,74,cropped_calibrated,16,18,16,18
36,6,74,cropped_fixed_budget,37,45,30,40
36,7,23,full_threshold_0p5,18,17,18,17
36,7,23,cropped_threshold_0p5,18,17,18,17
36,7,23,cropped_calibrated,19,24,19,24
36,7,23,cropped_fixed_budget,23,45,23,45
36,8,49,full_threshold_0p5,77,119,75,118
36,8,49,cropped_threshold_0p5,48,73,46,72
36,8,49,cropped_calibrated,49,87,49,87
36,8,49,cropped_fixed_budget,39,45,33,42
36,9,85,full_threshold_0p5,49,44,22,21
36,9,85,cropped_threshold_0p5,49,44,22,21
36,9,85,cropped_calibrated,50,48,47,46
36,9,85,cropped_fixed_budget,49,45,30,29
36,10,74,full_threshold_0p5,41,37,19,20
36,10,74,cropped_threshold_0p5,41,37,19,20
36,10,74,cropped_calibrated,63,76,58,71
36,10,74,cropped_fixed_budget,47,45,20,22
36,11,48,full_threshold_0p5,21,21,21,21
36,11,48,cropped_threshold_0p5,21,21,21,21
36,11,48,cropped_calibrated,21,21,21,21
36,11,48,cropped_fixed_budget,39,45,25,33
36,12,95,full_threshold_0p5,49,42,17,16
36,12,95,cropped_threshold_0p5,49,42,17,16
36,12,95,cropped_calibrated,64,69,64,69
36,12,95,cropped_fixed_budget,51,45,17,16
36,13,58,full_threshold_0p5,53,60,53,60
36,13,58,cropped_threshold_0p5,53,60,53,60
36,13,58,cropped_calibrated,55,67,55,67
36,13,58,cropped_fixed_budget,46,45,35,36
36,14,43,full_threshold_0p5,22,22,22,22
36,14,43,cropped_threshold_0p5,22,22,22,22
36,14,43,cropped_calibrated,30,42,30,42
36,14,43,cropped_fixed_budget,31,45,31,45
36,15,36,full_threshold_0p5,56,57,42,45
36,15,36,cropped_threshold_0p5,32,34,29,32
36,15,36,cropped_calibrated,36,43,36,43
36,15,36,cropped_fixed_budget,36,45,36,45
36,16,50,full_threshold_0p5,97,92,55,54
36,16,50,cropped_threshold_0p5,49,44,20,19
36,16,50,cropped_calibrated,49,50,49,50
36,16,50,cropped_fixed_budget,49,45,20,19
36,17,68,full_threshold_0p5,12,11,12,11
36,17,68,cropped_threshold_0p5,12,11,12,11
36,17,68,cropped_calibrated,14,17,14,17
36,17,68,cropped_fixed_budget,26,45,26,45
36,18,65,full_threshold_0p5,48,47,48,47
36,18,65,cropped_threshold_0p5,48,47,48,47
36,18,65,cropped_calibrated,48,47,48,47
36,18,65,cropped_fixed_budget,48,45,37,36
36,19,96,full_threshold_0p5,47,44,35,34
36,19,96,cropped_threshold_0p5,47,44,35,34
36,19,96,cropped_calibrated,50,54,50,54
36,19,96,cropped_fixed_budget,47,45,35,35
37,0,30,full_threshold_0p5,29,21,7,7
37,0,30,cropped_threshold_0p5,15,11,7,7
37,0,30,cropped_calibrated,25,27,25,27
37,0,30,cropped_fixed_budget,29,45,29,45
37,1,71,full_threshold_0p5,14,14,14,14
37,1,71,cropped_threshold_0p5,14,14,14,14
37,1,71,cropped_calibrated,15,17,15,17
37,1,71,cropped_fixed_budget,33,45,27,41
37,2,73,full_threshold_0p5,23,22,19,19
37,2,73,cropped_threshold_0p5,23,22,19,19
37,2,73,cropped_calibrated,25,26,21,23
37,2,73,cropped_fixed_budget,39,45,39,45
37,3,92,full_threshold_0p5,24,22,19,18
37,3,92,cropped_threshold_0p5,24,22,19,18
37,3,92,cropped_calibrated,26,29,26,29
37,3,92,cropped_fixed_budget,39,45,39,45
37,4,86,full_threshold_0p5,51,48,18,19
37,4,86,cropped_threshold_0p5,51,48,18,19
37,4,86,cropped_calibrated,72,73,42,45
37,4,86,cropped_fixed_budget,48,45,18,19
37,5,25,full_threshold_0p5,38,38,38,38
37,5,25,cropped_threshold_0p5,23,22,23,22
37,5,25,cropped_calibrated,25,36,25,36
37,5,25,cropped_fixed_budget,25,45,25,45
37,6,74,full_threshold_0p5,56,55,56,55
37,6,74,cropped_threshold_0p5,56,55,56,55
37,6,74,cropped_calibrated,56,59,56,59
37,6,74,cropped_fixed_budget,51,45,36,35
37,7,23,full_threshold_0p5,30,24,9,8
37,7,23,cropped_threshold_0p5,9,8,9,8
37,7,23,cropped_calibrated,17,18,17,18
37,7,23,cropped_fixed_budget,23,45,23,45
37,8,49,full_threshold_0p5,22,21,22,21
37,8,49,cropped_threshold_0p5,22,21,22,21
37,8,49,cropped_calibrated,24,23,24,23
37,8,49,cropped_fixed_budget,28,45,28,45
37,9,85,full_threshold_0p5,32,32,26,28
37,9,85,cropped_threshold_0p5,32,32,26,28
37,9,85,cropped_calibrated,52,56,34,41
37,9,85,cropped_fixed_budget,43,45,29,34
37,10,74,full_threshold_0p5,91,90,91,90
37,10,74,cropped_threshold_0p5,74,73,74,73
37,10,74,cropped_calibrated,74,73,74,73
37,10,74,cropped_fixed_budget,58,45,18,17
37,11,48,full_threshold_0p5,79,79,43,44
37,11,48,cropped_threshold_0p5,45,45,42,43
37,11,48,cropped_calibrated,47,55,47,55
37,11,48,cropped_fixed_budget,45,45,42,43
37,12,95,full_threshold_0p5,22,21,18,18
37,12,95,cropped_threshold_0p5,22,21,18,18
37,12,95,cropped_calibrated,35,39,31,36
37,12,95,cropped_fixed_budget,41,45,35,41
37,13,58,full_threshold_0p5,35,35,35,35
37,13,58,cropped_threshold_0p5,35,35,35,35
37,13,58,cropped_calibrated,35,39,35,39
37,13,58,cropped_fixed_budget,35,45,35,45
37,14,43,full_threshold_0p5,20,20,15,16
37,14,43,cropped_threshold_0p5,20,20,15,16
37,14,43,cropped_calibrated,21,29,21,29
37,14,43,cropped_fixed_budget,29,45,21,38
37,15,36,full_threshold_0p5,24,19,10,9
37,15,36,cropped_threshold_0p5,21,17,10,9
37,15,36,cropped_calibrated,32,33,32,33
37,15,36,cropped_fixed_budget,35,45,35,45
37,16,50,full_threshold_0p5,91,90,91,90
37,16,50,cropped_threshold_0p5,50,49,50,49
37,16,50,cropped_calibrated,50,52,50,52
37,16,50,cropped_fixed_budget,47,45,32,31
37,17,68,full_threshold_0p5,39,34,16,17
37,17,68,cropped_threshold_0p5,34,30,16,17
37,17,68,cropped_calibrated,41,40,23,25
37,17,68,cropped_fixed_budget,46,45,27,29
37,18,65,full_threshold_0p5,45,42,27,26
37,18,65,cropped_threshold_0p5,45,42,27,26
37,18,65,cropped_calibrated,45,44,27,26
37,18,65,cropped_fixed_budget,45,45,34,34
37,19,96,full_threshold_0p5,61,60,61,60
37,19,96,cropped_threshold_0p5,61,60,61,60
37,19,96,cropped_calibrated,61,60,61,60
37,19,96,cropped_fixed_budget,49,45,26,25
38,0,30,full_threshold_0p5,29,28,29,28
38,0,30,cropped_threshold_0p5,29,28,29,28
38,0,30,cropped_calibrated,29,28,29,28
38,0,30,cropped_fixed_budget,29,45,29,45
38,1,71,full_threshold_0p5,22,18,9,8
38,1,71,cropped_threshold_0p5,22,18,9,8
38,1,71,cropped_calibrated,41,46,38,44
38,1,71,cropped_fixed_budget,40,45,37,43
38,2,73,full_threshold_0p5,72,71,72,71
38,2,73,cropped_threshold_0p5,72,71,72,71
38,2,73,cropped_calibrated,72,72,72,72
38,2,73,cropped_fixed_budget,52,45,15,14
38,3,92,full_threshold_0p5,39,32,14,13
38,3,92,cropped_threshold_0p5,39,32,14,13
38,3,92,cropped_calibrated,71,69,43,44
38,3,92,cropped_fixed_budget,53,45,23,22
38,4,86,full_threshold_0p5,76,75,76,75
38,4,86,cropped_threshold_0p5,76,75,76,75
38,4,86,cropped_calibrated,76,76,76,76
38,4,86,cropped_fixed_budget,54,45,16,15
38,5,25,full_threshold_0p5,83,79,57,56
38,5,25,cropped_threshold_0p5,24,21,19,18
38,5,25,cropped_calibrated,25,27,25,27
38,5,25,cropped_fixed_budget,25,45,25,45
38,6,74,full_threshold_0p5,30,31,28,30
38,6,74,cropped_threshold_0p5,30,31,28,30
38,6,74,cropped_calibrated,34,42,34,42
38,6,74,cropped_fixed_budget,34,45,34,45
38,7,23,full_threshold_0p5,12,10,10,9
38,7,23,cropped_threshold_0p5,12,10,10,9
38,7,23,cropped_calibrated,15,14,11,12
38,7,23,cropped_fixed_budget,23,45,23,45
38,8,49,full_threshold_0p5,20,16,9,8
38,8,49,cropped_threshold_0p5,20,16,9,8
38,8,49,cropped_calibrated,28,24,16,15
38,8,49,cropped_fixed_budget,39,45,39,45
38,9,85,full_threshold_0p5,76,75,76,75
38,9,85,cropped_threshold_0p5,76,75,76,75
38,9,85,cropped_calibrated,76,75,76,75
38,9,85,cropped_fixed_budget,55,45,25,24
38,10,74,full_threshold_0p5,63,61,57,56
38,10,74,cropped_threshold_0p5,63,61,57,56
38,10,74,cropped_calibrated,69,67,61,60
38,10,74,cropped_fixed_budget,49,45,38,37
38,11,48,full_threshold_0p5,30,33,24,30
38,11,48,cropped_threshold_0p5,30,33,24,30
38,11,48,cropped_calibrated,42,54,36,50
38,11,48,cropped_fixed_budget,38,45,28,38
38,12,95,full_threshold_0p5,30,25,10,9
38,12,95,cropped_threshold_0p5,30,25,10,9
38,12,95,cropped_calibrated,48,45,30,32
38,12,95,cropped_fixed_budget,48,45,30,32
38,13,58,full_threshold_0p5,37,37,37,37
38,13,58,cropped_threshold_0p5,37,37,37,37
38,13,58,cropped_calibrated,44,50,44,50
38,13,58,cropped_fixed_budget,42,45,42,45
38,14,43,full_threshold_0p5,22,18,10,9
38,14,43,cropped_threshold_0p5,10,9,10,9
38,14,43,cropped_calibrated,27,27,27,27
38,14,43,cropped_fixed_budget,40,45,38,44
38,15,36,full_threshold_0p5,43,41,22,21
38,15,36,cropped_threshold_0p5,35,33,21,20
38,15,36,cropped_calibrated,36,35,36,35
38,15,36,cropped_fixed_budget,36,45,36,45
38,16,50,full_threshold_0p5,29,21,9,8
38,16,50,cropped_threshold_0p5,29,21,9,8
38,16,50,cropped_calibrated,37,29,15,14
38,16,50,cropped_fixed_budget,43,45,36,40
38,17,68,full_threshold_0p5,16,13,9,8
38,17,68,cropped_threshold_0p5,16,13,9,8
38,17,68,cropped_calibrated,22,19,11,10
38,17,68,cropped_fixed_budget,39,45,39,45
38,18,65,full_threshold_0p5,24,22,20,20
38,18,65,cropped_threshold_0p5,24,22,20,20
38,18,65,cropped_calibrated,38,47,33,44
38,18,65,cropped_fixed_budget,38,45,33,42
38,19,96,full_threshold_0p5,50,49,50,49
38,19,96,cropped_threshold_0p5,50,49,50,49
38,19,96,cropped_calibrated,50,50,50,50
38,19,96,cropped_fixed_budget,48,45,37,36
39,0,30,full_threshold_0p5,54,53,54,53
39,0,30,cropped_threshold_0p5,28,27,28,27
39,0,30,cropped_calibrated,29,29,29,29
39,0,30,cropped_fixed_budget,30,45,30,45
39,1,71,full_threshold_0p5,83,83,83,83
39,1,71,cropped_threshold_0p5,71,71,71,71
39,1,71,cropped_calibrated,71,86,71,86
39,1,71,cropped_fixed_budget,55,45,15,14
39,2,73,full_threshold_0p5,88,90,88,90
39,2,73,cropped_threshold_0p5,70,72,70,72
39,2,73,cropped_calibrated,72,86,72,86
39,2,73,cropped_fixed_budget,51,45,23,22
39,3,92,full_threshold_0p5,69,68,69,68
39,3,92,cropped_threshold_0p5,69,68,69,68
39,3,92,cropped_calibrated,69,68,69,68
39,3,92,cropped_fixed_budget,53,45,24,23
39,4,86,full_threshold_0p5,58,57,58,57
39,4,86,cropped_threshold_0p5,58,57,58,57
39,4,86,cropped_calibrated,58,57,58,57
39,4,86,cropped_fixed_budget,50,45,22,21
39,5,25,full_threshold_0p5,27,21,11,11
39,5,25,cropped_threshold_0p5,8,5,3,2
39,5,25,cropped_calibrated,16,14,14,13
39,5,25,cropped_fixed_budget,25,45,25,45
39,6,74,full_threshold_0p5,11,11,11,11
39,6,74,cropped_threshold_0p5,11,11,11,11
39,6,74,cropped_calibrated,18,21,14,19
39,6,74,cropped_fixed_budget,36,45,32,43
39,7,23,full_threshold_0p5,48,43,32,32
39,7,23,cropped_threshold_0p5,17,16,17,16
39,7,23,cropped_calibrated,20,21,20,21
39,7,23,cropped_fixed_budget,23,45,23,45
39,8,49,full_threshold_0p5,66,65,38,41
39,8,49,cropped_threshold_0p5,44,45,38,41
39,8,49,cropped_calibrated,48,65,46,64
39,8,49,cropped_fixed_budget,44,45,38,41
39,9,85,full_threshold_0p5,19,17,9,9
39,9,85,cropped_threshold_0p5,19,17,9,9
39,9,85,cropped_calibrated,23,22,21,21
39,9,85,cropped_fixed_budget,42,45,42,45
39,10,74,full_threshold_0p5,35,29,18,17
39,10,74,cropped_threshold_0p5,35,29,18,17
39,10,74,cropped_calibrated,41,39,21,23
39,10,74,cropped_fixed_budget,43,45,38,41
39,11,48,full_threshold_0p5,9,6,4,3
39,11,48,cropped_threshold_0p5,9,6,4,3
39,11,48,cropped_calibrated,16,13,10,9
39,11,48,cropped_fixed_budget,36,45,36,45
39,12,95,full_threshold_0p5,56,54,53,52
39,12,95,cropped_threshold_0p5,56,54,53,52
39,12,95,cropped_calibrated,58,60,58,60
39,12,95,cropped_fixed_budget,49,45,34,33
39,13,58,full_threshold_0p5,15,13,12,11
39,13,58,cropped_threshold_0p5,15,13,12,11
39,13,58,cropped_calibrated,15,16,15,16
39,13,58,cropped_fixed_budget,26,45,26,45
39,14,43,full_threshold_0p5,74,69,29,28
39,14,43,cropped_threshold_0p5,42,39,24,23
39,14,43,cropped_calibrated,43,52,43,52
39,14,43,cropped_fixed_budget,43,45,43,45
39,15,36,full_threshold_0p5,60,58,53,52
39,15,36,cropped_threshold_0p5,36,34,29,28
39,15,36,cropped_calibrated,36,35,36,35
39,15,36,cropped_fixed_budget,36,45,36,45
39,16,50,full_threshold_0p5,12,13,12,13
39,16,50,cropped_threshold_0p5,12,13,12,13
39,16,50,cropped_calibrated,16,17,12,15
39,16,50,cropped_fixed_budget,36,45,31,42
39,17,68,full_threshold_0p5,34,33,34,33
39,17,68,cropped_threshold_0p5,34,33,34,33
39,17,68,cropped_calibrated,34,34,34,34
39,17,68,cropped_fixed_budget,34,45,34,45
39,18,65,full_threshold_0p5,80,115,78,114
39,18,65,cropped_threshold_0p5,63,92,61,91
39,18,65,cropped_calibrated,65,114,65,114
39,18,65,cropped_fixed_budget,47,45,15,18
39,19,96,full_threshold_0p5,62,62,59,60
39,19,96,cropped_threshold_0p5,62,62,59,60
39,19,96,cropped_calibrated,68,79,65,77
39,19,96,cropped_fixed_budget,52,45,24,23
40,0,30,full_threshold_0p5,75,74,75,74
40,0,30,cropped_threshold_0p5,30,29,30,29
40,0,30,cropped_calibrated,30,30,30,30
40,0,30,cropped_fixed_budget,30,45,30,45
40,1,71,full_threshold_0p5,59,60,48,52
40,1,71,cropped_threshold_0p5,59,60,48,52
40,1,71,cropped_calibrated,60,75,56,72
40,1,71,cropped_fixed_budget,51,45,33,32
40,2,73,full_threshold_0p5,11,10,11,10
40,2,73,cropped_threshold_0p5,11,10,11,10
40,2,73,cropped_calibrated,11,11,11,11
40,2,73,cropped_fixed_budget,28,45,24,42
40,3,92,full_threshold_0p5,24,23,24,23
40,3,92,cropped_threshold_0p5,24,23,24,23
40,3,92,cropped_calibrated,24,23,24,23
40,3,92,cropped_fixed_budget,27,45,27,45
40,4,86,full_threshold_0p5,87,83,72,71
40,4,86,cropped_threshold_0p5,82,78,67,66
40,4,86,cropped_calibrated,85,81,70,69
40,4,86,cropped_fixed_budget,54,45,14,13
40,5,25,full_threshold_0p5,18,18,18,18
40,5,25,cropped_threshold_0p5,18,18,18,18
40,5,25,cropped_calibrated,21,25,21,25
40,5,25,cropped_fixed_budget,24,45,24,45
40,6,74,full_threshold_0p5,84,83,84,83
40,6,74,cropped_threshold_0p5,74,73,74,73
40,6,74,cropped_calibrated,74,74,74,74
40,6,74,cropped_fixed_budget,50,45,13,12
40,7,23,full_threshold_0p5,23,18,6,5
40,7,23,cropped_threshold_0p5,17,13,5,4
40,7,23,cropped_calibrated,22,22,20,21
40,7,23,cropped_fixed_budget,23,45,23,45
40,8,49,full_threshold_0p5,21,20,21,20
40,8,49,cropped_threshold_0p5,21,20,21,20
40,8,49,cropped_calibrated,21,20,21,20
40,8,49,cropped_fixed_budget,31,45,31,45
40,9,85,full_threshold_0p5,19,15,10,9
40,9,85,cropped_threshold_0p5,19,15,10,9
40,9,85,cropped_calibrated,31,33,31,33
40,9,85,cropped_fixed_budget,34,45,34,45
40,10,74,full_threshold_0p5,55,54,52,52
40,10,74,cropped_threshold_0p5,55,54,52,52
40,10,74,cropped_calibrated,62,78,62,78
40,10,74,cropped_fixed_budget,49,45,29,28
40,11,48,full_threshold_0p5,17,16,17,16
40,11,48,cropped_threshold_0p5,17,16,17,16
40,11,48,cropped_calibrated,19,22,19,22
40,11,48,cropped_fixed_budget,27,45,27,45
40,12,95,full_threshold_0p5,21,17,9,9
40,12,95,cropped_threshold_0p5,21,17,9,9
40,12,95,cropped_calibrated,36,37,29,33
40,12,95,cropped_fixed_budget,42,45,37,42
40,13,58,full_threshold_0p5,71,70,71,70
40,13,58,cropped_threshold_0p5,58,57,58,57
40,13,58,cropped_calibrated,58,57,58,57
40,13,58,cropped_fixed_budget,54,45,27,26
40,14,43,full_threshold_0p5,69,68,69,68
40,14,43,cropped_threshold_0p5,43,42,43,42
40,14,43,cropped_calibrated,43,42,43,42
40,14,43,cropped_fixed_budget,43,45,43,45
40,15,36,full_threshold_0p5,39,31,10,9
40,15,36,cropped_threshold_0p5,22,18,10,9
40,15,36,cropped_calibrated,33,31,25,25
40,15,36,cropped_fixed_budget,35,45,35,45
40,16,50,full_threshold_0p5,44,43,44,43
40,16,50,cropped_threshold_0p5,44,43,44,43
40,16,50,cropped_calibrated,45,47,45,47
40,16,50,cropped_fixed_budget,44,45,44,45
40,17,68,full_threshold_0p5,46,45,35,34
40,17,68,cropped_threshold_0p5,46,45,35,34
40,17,68,cropped_calibrated,48,51,48,51
40,17,68,cropped_fixed_budget,46,45,35,34
40,18,65,full_threshold_0p5,36,35,36,35
40,18,65,cropped_threshold_0p5,36,35,36,35
40,18,65,cropped_calibrated,36,36,36,36
40,18,65,cropped_fixed_budget,37,45,37,45
40,19,96,full_threshold_0p5,19,17,10,9
40,19,96,cropped_threshold_0p5,19,17,10,9
40,19,96,cropped_calibrated,21,23,21,23
40,19,96,cropped_fixed_budget,25,45,25,45
41,0,30,full_threshold_0p5,41,41,38,39
41,0,30,cropped_threshold_0p5,28,28,25,26
41,0,30,cropped_calibrated,29,35,26,33
41,0,30,cropped_fixed_budget,30,45,30,45
41,1,71,full_threshold_0p5,73,83,59,74
41,1,71,cropped_threshold_0p5,66,76,52,67
41,1,71,cropped_calibrated,70,111,70,111
41,1,71,cropped_fixed_budget,50,45,31,33
41,2,73,full_threshold_0p5,12,11,12,11
41,2,73,cropped_threshold_0p5,12,11,12,11
41,2,73,cropped_calibrated,17,20,17,20
41,2,73,cropped_fixed_budget,21,45,21,45
41,3,92,full_threshold_0p5,95,93,49,48
41,3,92,cropped_threshold_0p5,92,90,49,48
41,3,92,cropped_calibrated,92,92,92,92
41,3,92,cropped_fixed_budget,57,45,12,11
41,4,86,full_threshold_0p5,22,19,18,17
41,4,86,cropped_threshold_0p5,22,19,18,17
41,4,86,cropped_calibrated,39,36,35,34
41,4,86,cropped_fixed_budget,49,45,41,40
41,5,25,full_threshold_0p5,56,57,56,57
41,5,25,cropped_threshold_0p5,25,26,25,26
41,5,25,cropped_calibrated,25,28,25,28
41,5,25,cropped_fixed_budget,25,45,25,45
41,6,74,full_threshold_0p5,28,26,16,15
41,6,74,cropped_threshold_0p5,28,26,16,15
41,6,74,cropped_calibrated,28,30,28,30
41,6,74,cropped_fixed_budget,33,45,33,45
41,7,23,full_threshold_0p5,20,16,8,7
41,7,23,cropped_threshold_0p5,17,13,8,7
41,7,23,cropped_calibrated,20,21,20,21
41,7,23,cropped_fixed_budget,23,45,23,45
41,8,49,full_threshold_0p5,48,47,48,47
41,8,49,cropped_threshold_0p5,48,47,48,47
41,8,49,cropped_calibrated,48,47,48,47
41,8,49,cropped_fixed_budget,46,45,46,45
41,9,85,full_threshold_0p5,28,21,9,8
41,9,85,cropped_threshold_0p5,28,21,9,8
41,9,85,cropped_calibrated,39,37,20,21
41,9,85,cropped_fixed_budget,41,45,41,45
41,10,74,full_threshold_0p5,48,45,24,27
41,10,74,cropped_threshold_0p5,48,45,24,27
41,10,74,cropped_calibrated,70,87,52,70
41,10,74,cropped_fixed_budget,48,45,24,27
41,11,48,full_threshold_0p5,52,62,49,60
41,11,48,cropped_threshold_0p5,46,55,43,53
41,11,48,cropped_calibrated,48,70,48,70
41,11,48,cropped_fixed_budget,43,45,38,42
41,12,95,full_threshold_0p5,69,68,69,68
41,12,95,cropped_threshold_0p5,69,68,69,68
41,12,95,cropped_calibrated,69,71,69,71
41,12,95,cropped_fixed_budget,53,45,25,24
41,13,58,full_threshold_0p5,97,99,54,56
41,13,58,cropped_threshold_0p5,57,58,54,56
41,13,58,cropped_calibrated,58,65,55,63
41,13,58,cropped_fixed_budget,50,45,21,20
41,14,43,full_threshold_0p5,57,54,44,44
41,14,43,cropped_threshold_0p5,36,34,26,26
41,14,43,cropped_calibrated,42,43,35,37
41,14,43,cropped_fixed_budget,42,45,35,39
41,15,36,full_threshold_0p5,40,39,40,39
41,15,36,cropped_threshold_0p5,31,30,31,30
41,15,36,cropped_calibrated,35,42,35,42
41,15,36,cropped_fixed_budget,35,45,35,45
41,16,50,full_threshold_0p5,14,12,11,10
41,16,50,cropped_threshold_0p5,14,12,11,10
41,16,50,cropped_calibrated,20,21,20,21
41,16,50,cropped_fixed_budget,38,45,29,38
41,17,68,full_threshold_0p5,30,23,12,11
41,17,68,cropped_threshold_0p5,24,20,12,11
41,17,68,cropped_calibrated,51,51,38,39
41,17,68,cropped_fixed_budget,48,45,27,27
41,18,65,full_threshold_0p5,12,11,12,11
41,18,65,cropped_threshold_0p5,12,11,12,11
41,18,65,cropped_calibrated,24,23,21,21
41,18,65,cropped_fixed_budget,33,45,33,45
41,19,96,full_threshold_0p5,20,14,5,4
41,19,96,cropped_threshold_0p5,20,14,5,4
41,19,96,cropped_calibrated,33,34,28,30
41,19,96,cropped_fixed_budget,40,45,33,39
42,0,30,full_threshold_0p5,21,22,21,22
42,0,30,cropped_threshold_0p5,21,22,21,22
42,0,30,cropped_calibrated,27,33,24,31
42,0,30,cropped_fixed_budget,30,45,30,45
42,1,71,full_threshold_0p5,72,71,72,71
42,1,71,cropped_threshold_0p5,71,70,71,70
42,1,71,cropped_calibrated,71,71,71,71
42,1,71,cropped_fixed_budget,54,45,12,11
42,2,73,full_threshold_0p5,29,31,29,31
42,2,73,cropped_threshold_0p5,29,31,29,31
42,2,73,cropped_calibrated,44,55,36,50
42,2,73,cropped_fixed_budget,40,45,35,42
42,3,92,full_threshold_0p5,26,22,19,18
42,3,92,cropped_threshold_0p5,26,22,19,18
42,3,92,cropped_calibrated,38,37,33,34
42,3,92,cropped_fixed_budget,45,45,38,41
42,4,86,full_threshold_0p5,16,12,5,4
42,4,86,cropped_threshold_0p5,16,12,5,4
42,4,86,cropped_calibrated,21,24,21,24
42,4,86,cropped_fixed_budget,34,45,34,45
42,5,25,full_threshold_0p5,33,31,26,26
42,5,25,cropped_threshold_0p5,18,17,16,16
42,5,25,cropped_calibrated,20,24,20,24
42,5,25,cropped_fixed_budget,25,45,25,45
42,6,74,full_threshold_0p5,51,49,49,48
42,6,74,cropped_threshold_0p5,51,49,49,48
42,6,74,cropped_calibrated,51,50,51,50
42,6,74,cropped_fixed_budget,49,45,32,31
42,7,23,full_threshold_0p5,26,21,15,15
42,7,23,cropped_threshold_0p5,11,11,11,11
42,7,23,cropped_calibrated,20,22,20,22
42,7,23,cropped_fixed_budget,23,45,23,45
42,8,49,full_threshold_0p5,25,20,9,8
42,8,49,cropped_threshold_0p5,25,20,9,8
42,8,49,cropped_calibrated,27,25,15,15
42,8,49,cropped_fixed_budget,35,45,35,45
42,9,85,full_threshold_0p5,55,60,53,59
42,9,85,cropped_threshold_0p5,55,60,53,59
42,9,85,cropped_calibrated,55,81,55,81
42,9,85,cropped_fixed_budget,50,45,38,37
42,10,74,full_threshold_0p5,16,14,10,9
42,10,74,cropped_threshold_0p5,16,14,10,9
42,10,74,cropped_calibrated,21,21,21,21
42,10,74,cropped_fixed_budget,27,45,25,44
42,11,48,full_threshold_0p5,9,9,9,9
42,11,48,cropped_threshold_0p5,9,9,9,9
42,11,48,cropped_calibrated,15,16,11,14
42,11,48,cropped_fixed_budget,30,45,30,45
42,12,95,full_threshold_0p5,13,15,13,15
42,12,95,cropped_threshold_0p5,13,15,13,15
42,12,95,cropped_calibrated,18,21,18,21
42,12,95,cropped_fixed_budget,39,45,37,44
42,13,58,full_threshold_0p5,56,69,56,69
42,13,58,cropped_threshold_0p5,56,69,56,69
42,13,58,cropped_calibrated,58,86,58,86
42,13,58,cropped_fixed_budget,50,45,20,19
42,14,43,full_threshold_0p5,14,12,12,11
42,14,43,cropped_threshold_0p5,14,12,12,11
42,14,43,cropped_calibrated,23,22,23,22
42,14,43,cropped_fixed_budget,39,45,39,45
42,15,36,full_threshold_0p5,25,17,7,6
42,15,36,cropped_threshold_0p5,15,12,7,6
42,15,36,cropped_calibrated,30,30,25,27
42,15,36,cropped_fixed_budget,35,45,35,45
42,16,50,full_threshold_0p5,56,55,56,55
42,16,50,cropped_threshold_0p5,50,49,50,49
42,16,50,cropped_calibrated,50,49,50,49
42,16,50,cropped_fixed_budget,48,45,40,39
42,17,68,full_threshold_0p5,39,31,21,20
42,17,68,cropped_threshold_0p5,39,31,21,20
42,17,68,cropped_calibrated,52,48,40,39
42,17,68,cropped_fixed_budget,51,45,37,36
42,18,65,full_threshold_0p5,55,57,55,57
42,18,65,cropped_threshold_0p5,55,57,55,57
42,18,65,cropped_calibrated,55,59,55,59
42,18,65,cropped_fixed_budget,51,45,26,25
42,19,96,full_threshold_0p5,26,30,26,30
42,19,96,cropped_threshold_0p5,26,30,26,30
42,19,96,cropped_calibrated,28,35,28,35
42,19,96,cropped_fixed_budget,30,45,30,45
43,0,30,full_threshold_0p5,56,49,17,16
43,0,30,cropped_threshold_0p5,25,21,11,10
43,0,30,cropped_calibrated,30,28,24,23
43,0,30,cropped_fixed_budget,30,45,30,45
43,1,71,full_threshold_0p5,30,29,30,29
43,1,71,cropped_threshold_0p5,30,29,30,29
43,1,71,cropped_calibrated,30,29,30,29
43,1,71,cropped_fixed_budget,32,45,32,45
43,2,73,full_threshold_0p5,13,12,13,12
43,2,73,cropped_threshold_0p5,13,12,13,12
43,2,73,cropped_calibrated,18,19,18,19
43,2,73,cropped_fixed_budget,30,45,30,45
43,3,92,full_threshold_0p5,37,33,22,23
43,3,92,cropped_threshold_0p5,37,33,22,23
43,3,92,cropped_calibrated,45,49,36,42
43,3,92,cropped_fixed_budget,43,45,29,34
43,4,86,full_threshold_0p5,90,89,90,89
43,4,86,cropped_threshold_0p5,86,85,86,85
43,4,86,cropped_calibrated,86,85,86,85
43,4,86,cropped_fixed_budget,55,45,24,23
43,5,25,full_threshold_0p5,14,14,9,10
43,5,25,cropped_threshold_0p5,14,14,9,10
43,5,25,cropped_calibrated,15,17,15,17
43,5,25,cropped_fixed_budget,25,45,25,45
43,6,74,full_threshold_0p5,30,29,30,29
43,6,74,cropped_threshold_0p5,30,29,30,29
43,6,74,cropped_calibrated,30,34,30,34
43,6,74,cropped_fixed_budget,30,45,30,45
43,7,23,full_threshold_0p5,48,47,39,39
43,7,23,cropped_threshold_0p5,23,22,23,22
43,7,23,cropped_calibrated,23,23,23,23
43,7,23,cropped_fixed_budget,23,45,23,45
43,8,49,full_threshold_0p5,35,29,22,22
43,8,49,cropped_threshold_0p5,29,26,22,22
43,8,49,cropped_calibrated,45,50,45,50
43,8,49,cropped_fixed_budget,43,45,41,44
43,9,85,full_threshold_0p5,36,35,36,35
43,9,85,cropped_threshold_0p5,36,35,36,35
43,9,85,cropped_calibrated,36,35,36,35
43,9,85,cropped_fixed_budget,36,45,36,45
43,10,74,full_threshold_0p5,21,13,5,4
43,10,74,cropped_threshold_0p5,21,13,5,4
43,10,74,cropped_calibrated,44,39,32,32
43,10,74,cropped_fixed_budget,49,45,35,37
43,11,48,full_threshold_0p5,13,12,13,12
43,11,48,cropped_threshold_0p5,13,12,13,12
43,11,48,cropped_calibrated,14,17,14,17
43,11,48,cropped_fixed_budget,26,45,26,45
43,12,95,full_threshold_0p5,9,6,5,4
43,12,95,cropped_threshold_0p5,9,6,5,4
43,12,95,cropped_calibrated,28,22,14,13
43,12,95,cropped_fixed_budget,56,45,21,22
43,13,58,full_threshold_0p5,71,69,69,68
43,13,58,cropped_threshold_0p5,58,56,56,55
43,13,58,cropped_calibrated,58,63,58,63
43,13,58,cropped_fixed_budget,53,45,25,24
43,14,43,full_threshold_0p5,56,53,45,44
43,14,43,cropped_threshold_0p5,43,40,32,31
43,14,43,cropped_calibrated,43,41,34,33
43,14,43,cropped_fixed_budget,43,45,43,45
43,15,36,full_threshold_0p5,94,91,70,70
43,15,36,cropped_threshold_0p5,33,33,33,33
43,15,36,cropped_calibrated,36,38,36,38
43,15,36,cropped_fixed_budget,36,45,36,45
43,16,50,full_threshold_0p5,24,24,22,23
43,16,50,cropped_threshold_0p5,24,24,22,23
43,16,50,cropped_calibrated,24,28,24,28
43,16,50,cropped_fixed_budget,36,45,36,45
43,17,68,full_threshold_0p5,43,42,43,42
43,17,68,cropped_threshold_0p5,43,42,43,42
43,17,68,cropped_calibrated,43,43,43,43
43,17,68,cropped_fixed_budget,43,45,43,45
43,18,65,full_threshold_0p5,81,76,34,33
43,18,65,cropped_threshold_0p5,63,58,23,22
43,18,65,cropped_calibrated,65,67,65,67
43,18,65,cropped_fixed_budget,53,45,18,17
43,19,96,full_threshold_0p5,72,97,72,97
43,19,96,cropped_threshold_0p5,72,97,72,97
43,19,96,cropped_calibrated,76,124,74,123
43,19,96,cropped_fixed_budget,43,45,34,37
44,0,30,full_threshold_0p5,36,28,10,9
44,0,30,cropped_threshold_0p5,17,13,9,8
44,0,30,cropped_calibrated,24,23,12,14
44,0,30,cropped_fixed_budget,30,45,30,45
44,1,71,full_threshold_0p5,11,9,9,8
44,1,71,cropped_threshold_0p5,11,9,9,8
44,1,71,cropped_calibrated,14,16,14,16
44,1,71,cropped_fixed_budget,29,45,25,42
44,2,73,full_threshold_0p5,75,75,47,48
44,2,73,cropped_threshold_0p5,72,72,47,48
44,2,73,cropped_calibrated,73,79,73,79
44,2,73,cropped_fixed_budget,49,45,26,25
44,3,92,full_threshold_0p5,11,9,9,8
44,3,92,cropped_threshold_0p5,11,9,9,8
44,3,92,cropped_calibrated,30,25,17,16
44,3,92,cropped_fixed_budget,46,45,34,36
44,4,86,full_threshold_0p5,31,28,23,23
44,4,86,cropped_threshold_0p5,31,28,23,23
44,4,86,cropped_calibrated,66,66,49,54
44,4,86,cropped_fixed_budget,50,45,33,33
44,5,25,full_threshold_0p5,70,67,28,28
44,5,25,cropped_threshold_0p5,22,20,12,11
44,5,25,cropped_calibrated,25,23,14,13
44,5,25,cropped_fixed_budget,25,45,25,45
44,6,74,full_threshold_0p5,45,39,26,25
44,6,74,cropped_threshold_0p5,45,39,26,25
44,6,74,cropped_calibrated,55,64,55,64
44,6,74,cropped_fixed_budget,47,45,27,28
44,7,23,full_threshold_0p5,39,31,9,8
44,7,23,cropped_threshold_0p5,22,18,9,8
44,7,23,cropped_calibrated,22,26,17,22
44,7,23,cropped_fixed_budget,23,45,23,45
44,8,49,full_threshold_0p5,43,42,43,42
44,8,49,cropped_threshold_0p5,43,42,43,42
44,8,49,cropped_calibrated,43,42,43,42
44,8,49,cropped_fixed_budget,43,45,43,45
44,9,85,full_threshold_0p5,21,20,21,20
44,9,85,cropped_threshold_0p5,21,20,21,20
44,9,85,cropped_calibrated,21,22,21,22
44,9,85,cropped_fixed_budget,34,45,32,44
44,10,74,full_threshold_0p5,77,76,49,49
44,10,74,cropped_threshold_0p5,68,67,49,49
44,10,74,cropped_calibrated,74,84,74,84
44,10,74,cropped_fixed_budget,51,45,31,30
44,11,48,full_threshold_0p5,27,27,24,25
44,11,48,cropped_threshold_0p5,27,27,24,25
44,11,48,cropped_calibrated,32,37,32,37
44,11,48,cropped_fixed_budget,32,45,32,45
44,12,95,full_threshold_0p5,66,64,62,61
44,12,95,cropped_threshold_0p5,66,64,62,61
44,12,95,cropped_calibrated,81,86,81,86
44,12,95,cropped_fixed_budget,48,45,44,43
44,13,58,full_threshold_0p5,54,47,26,25
44,13,58,cropped_threshold_0p5,41,35,26,25
44,13,58,cropped_calibrated,54,57,45,49
44,13,58,cropped_fixed_budget,48,45,36,37
44,14,43,full_threshold_0p5,33,32,33,32
44,14,43,cropped_threshold_0p5,33,32,33,32
44,14,43,cropped_calibrated,33,33,33,33
44,14,43,cropped_fixed_budget,33,45,33,45
44,15,36,full_threshold_0p5,30,30,30,30
44,15,36,cropped_threshold_0p5,30,30,30,30
44,15,36,cropped_calibrated,30,34,30,34
44,15,36,cropped_fixed_budget,30,45,30,45
44,16,50,full_threshold_0p5,13,14,13,14
44,16,50,cropped_threshold_0p5,13,14,13,14
44,16,50,cropped_calibrated,14,18,14,18
44,16,50,cropped_fixed_budget,27,45,27,45
44,17,68,full_threshold_0p5,18,16,16,15
44,17,68,cropped_threshold_0p5,18,16,16,15
44,17,68,cropped_calibrated,23,23,23,23
44,17,68,cropped_fixed_budget,30,45,30,45
44,18,65,full_threshold_0p5,30,29,30,29
44,18,65,cropped_threshold_0p5,30,29,30,29
44,18,65,cropped_calibrated,32,33,32,33
44,18,65,cropped_fixed_budget,40,45,38,44
44,19,96,full_threshold_0p5,29,26,16,15
44,19,96,cropped_threshold_0p5,29,26,16,15
44,19,96,cropped_calibrated,29,28,16,15
44,19,96,cropped_fixed_budget,32,45,30,44
45,0,30,full_threshold_0p5,86,91,76,82
45,0,30,cropped_threshold_0p5,28,30,28,30
45,0,30,cropped_calibrated,30,41,30,41
45,0,30,cropped_fixed_budget,30,45,30,45
45,1,71,full_threshold_0p5,14,13,14,13
45,1,71,cropped_threshold_0p5,14,13,14,13
45,1,71,cropped_calibrated,53,49,24,24
45,1,71,cropped_fixed_budget,50,45,24,24
45,2,73,full_threshold_0p5,41,40,41,40
45,2,73,cropped_threshold_0p5,41,40,41,40
45,2,73,cropped_calibrated,42,42,42,42
45,2,73,cropped_fixed_budget,42,45,42,45
45,3,92,full_threshold_0p5,75,76,75,76
45,3,92,cropped_threshold_0p5,75,76,75,76
45,3,92,cropped_calibrated,75,76,75,76
45,3,92,cropped_fixed_budget,54,45,21,20
45,4,86,full_threshold_0p5,60,58,53,52
45,4,86,cropped_threshold_0p5,60,58,53,52
45,4,86,cropped_calibrated,60,69,60,69
45,4,86,cropped_fixed_budget,53,45,20,19
45,5,25,full_threshold_0p5,38,38,38,38
45,5,25,cropped_threshold_0p5,21,20,16,16
45,5,25,cropped_calibrated,24,28,24,28
45,5,25,cropped_fixed_budget,25,45,25,45
45,6,74,full_threshold_0p5,47,47,32,35
45,6,74,cropped_threshold_0p5,47,47,32,35
45,6,74,cropped_calibrated,54,72,44,62
45,6,74,cropped_fixed_budget,46,45,31,33
45,7,23,full_threshold_0p5,64,56,24,23
45,7,23,cropped_threshold_0p5,17,14,8,7
45,7,23,cropped_calibrated,22,26,22,26
45,7,23,cropped_fixed_budget,23,45,23,45
45,8,49,full_threshold_0p5,26,25,26,25
45,8,49,cropped_threshold_0p5,26,25,26,25
45,8,49,cropped_calibrated,26,25,26,25
45,8,49,cropped_fixed_budget,32,45,32,45
45,9,85,full_threshold_0p5,90,89,90,89
45,9,85,cropped_threshold_0p5,85,84,85,84
45,9,85,cropped_calibrated,85,84,85,84
45,9,85,cropped_fixed_budget,55,45,15,14
45,10,74,full_threshold_0p5,21,19,14,13
45,10,74,cropped_threshold_0p5,21,19,14,13
45,10,74,cropped_calibrated,31,34,31,34
45,10,74,cropped_fixed_budget,36,45,36,45
45,11,48,full_threshold_0p5,13,10,5,4
45,11,48,cropped_threshold_0p5,13,10,5,4
45,11,48,cropped_calibrated,21,20,13,15
45,11,48,cropped_fixed_budget,29,45,26,43
45,12,95,full_threshold_0p5,28,28,28,28
45,12,95,cropped_threshold_0p5,28,28,28,28
45,12,95,cropped_calibrated,32,41,32,41
45,12,95,cropped_fixed_budget,35,45,33,44
45,13,58,full_threshold_0p5,15,14,15,14
45,13,58,cropped_threshold_0p5,15,14,15,14
45,13,58,cropped_calibrated,19,18,15,15
45,13,58,cropped_fixed_budget,38,45,38,45
45,14,43,full_threshold_0p5,34,33,29,30
45,14,43,cropped_threshold_0p5,32,31,27,28
45,14,43,cropped_calibrated,43,53,43,53
45,14,43,cropped_fixed_budget,40,45,34,41
45,15,36,full_threshold_0p5,44,43,35,35
45,15,36,cropped_threshold_0p5,35,34,26,26
45,15,36,cropped_calibrated,36,40,36,40
45,15,36,cropped_fixed_budget,36,45,36,45
45,16,50,full_threshold_0p5,21,13,4,3
45,16,50,cropped_threshold_0p5,15,9,4,3
45,16,50,cropped_calibrated,45,53,45,53
45,16,50,cropped_fixed_budget,41,45,41,45
45,17,68,full_threshold_0p5,17,16,17,16
45,17,68,cropped_threshold_0p5,17,16,17,16
45,17,68,cropped_calibrated,22,24,22,24
45,17,68,cropped_fixed_budget,40,45,40,45
45,18,65,full_threshold_0p5,78,79,78,79
45,18,65,cropped_threshold_0p5,64,65,64,65
45,18,65,cropped_calibrated,65,72,65,72
45,18,65,cropped_fixed_budget,54,45,16,15
45,19,96,full_threshold_0p5,13,12,13,12
45,19,96,cropped_threshold_0p5,13,12,13,12
45,19,96,cropped_calibrated,14,19,14,19
45,19,96,cropped_fixed_budget,19,45,19,45
46,0,30,full_threshold_0p5,55,55,55,55
46,0,30,cropped_threshold_0p5,30,30,30,30
46,0,30,cropped_calibrated,30,36,30,36
46,0,30,cropped_fixed_budget,30,45,30,45
46,1,71,full_threshold_0p5,16,17,16,17
46,1,71,cropped_threshold_0p5,16,17,16,17
46,1,71,cropped_calibrated,18,21,18,21
46,1,71,cropped_fixed_budget,26,45,26,45
46,2,73,full_threshold_0p5,56,56,56,56
46,2,73,cropped_threshold_0p5,56,56,56,56
46,2,73,cropped_calibrated,59,66,59,66
46,2,73,cropped_fixed_budget,47,45,43,42
46,3,92,full_threshold_0p5,16,13,9,8
46,3,92,cropped_threshold_0p5,16,13,9,8
46,3,92,cropped_calibrated,26,29,22,26
46,3,92,cropped_fixed_budget,29,45,29,45
46,4,86,full_threshold_0p5,24,23,24,23
46,4,86,cropped_threshold_0p5,24,23,24,23
46,4,86,cropped_calibrated,24,25,24,25
46,4,86,cropped_fixed_budget,42,45,34,41
46,5,25,full_threshold_0p5,31,21,10,9
46,5,25,cropped_threshold_0p5,14,11,10,9
46,5,25,cropped_calibrated,22,24,22,24
46,5,25,cropped_fixed_budget,25,45,25,45
46,6,74,full_threshold_0p5,71,65,31,30
46,6,74,cropped_threshold_0p5,71,65,31,30
46,6,74,cropped_calibrated,73,76,73,76
46,6,74,cropped_fixed_budget,55,45,13,12
46,7,23,full_threshold_0p5,14,12,12,11
46,7,23,cropped_threshold_0p5,14,12,12,11
46,7,23,cropped_calibrated,16,19,16,19
46,7,23,cropped_fixed_budget,22,45,22,45
46,8,49,full_threshold_0p5,18,16,13,12
46,8,49,cropped_threshold_0p5,18,16,13,12
46,8,49,cropped_calibrated,20,21,20,21
46,8,49,cropped_fixed_budget,39,45,37,44
46,9,85,full_threshold_0p5,14,17,14,17
46,9,85,cropped_threshold_0p5,14,17,14,17
46,9,85,cropped_calibrated,15,19,15,19
46,9,85,cropped_fixed_budget,29,45,29,45
46,10,74,full_threshold_0p5,51,50,51,50
46,10,74,cropped_threshold_0p5,51,50,51,50
46,10,74,cropped_calibrated,51,50,51,50
46,10,74,cropped_fixed_budget,48,45,38,37
46,11,48,full_threshold_0p5,57,52,43,43
46,11,48,cropped_threshold_0p5,39,37,35,35
46,11,48,cropped_calibrated,45,63,45,63
46,11,48,cropped_fixed_budget,42,45,38,43
46,12,95,full_threshold_0p5,36,32,16,15
46,12,95,cropped_threshold_0p5,36,32,16,15
46,12,95,cropped_calibrated,85,110,85,110
46,12,95,cropped_fixed_budget,47,45,19,20
46,13,58,full_threshold_0p5,56,55,56,55
46,13,58,cropped_threshold_0p5,56,55,56,55
46,13,58,cropped_calibrated,56,55,56,55
46,13,58,cropped_fixed_budget,51,45,28,27
46,14,43,full_threshold_0p5,71,72,71,72
46,14,43,cropped_threshold_0p5,41,40,41,40
46,14,43,cropped_calibrated,43,59,43,59
46,14,43,cropped_fixed_budget,43,45,43,45
46,15,36,full_threshold_0p5,39,35,17,16
46,15,36,cropped_threshold_0p5,29,25,14,13
46,15,36,cropped_calibrated,36,41,34,40
46,15,36,cropped_fixed_budget,36,45,36,45
46,16,50,full_threshold_0p5,74,96,72,95
46,16,50,cropped_threshold_0p5,42,51,42,51
46,16,50,cropped_calibrated,50,69,48,68
46,16,50,cropped_fixed_budget,40,45,40,45
46,17,68,full_threshold_0p5,87,80,50,51
46,17,68,cropped_threshold_0p5,63,57,28,29
46,17,68,cropped_calibrated,67,78,41,48
46,17,68,cropped_fixed_budget,54,45,23,23
46,18,65,full_threshold_0p5,34,25,7,6
46,18,65,cropped_threshold_0p5,34,25,7,6
46,18,65,cropped_calibrated,47,54,47,54
46,18,65,cropped_fixed_budget,46,45,23,22
46,19,96,full_threshold_0p5,25,18,13,12
46,19,96,cropped_threshold_0p5,25,18,13,12
46,19,96,cropped_calibrated,32,35,32,35
46,19,96,cropped_fixed_budget,33,45,33,45
47,0,30,full_threshold_0p5,68,67,68,67
47,0,30,cropped_threshold_0p5,29,28,29,28
47,0,30,cropped_calibrated,30,37,30,37
47,0,30,cropped_fixed_budget,30,45,30,45
47,1,71,full_threshold_0p5,76,75,76,75
47,1,71,cropped_threshold_0p5,71,70,71,70
47,1,71,cropped_calibrated,71,76,71,76
47,1,71,cropped_fixed_budget,50,45,28,27
47,2,73,full_threshold_0p5,26,26,22,23
47,2,73,cropped_threshold_0p5,26,26,22,23
47,2,73,cropped_calibrated,33,36,33,36
47,2,73,cropped_fixed_budget,36,45,36,45
47,3,92,full_threshold_0p5,20,15,6,5
47,3,92,cropped_threshold_0p5,20,15,6,5
47,3,92,cropped_calibrated,75,91,68,86
47,3,92,cropped_fixed_budget,48,45,29,30
47,4,86,full_threshold_0p5,27,27,23,24
47,4,86,cropped_threshold_0p5,27,27,23,24
47,4,86,cropped_calibrated,30,32,26,29
47,4,86,cropped_fixed_budget,35,45,35,45
47,5,25,full_threshold_0p5,33,32,33,32
47,5,25,cropped_threshold_0p5,25,24,25,24
47,5,25,cropped_calibrated,25,24,25,24
47,5,25,cropped_fixed_budget,25,45,25,45
47,6,74,full_threshold_0p5,38,33,23,23
47,6,74,cropped_threshold_0p5,38,33,23,23
47,6,74,cropped_calibrated,50,57,50,57
47,6,74,cropped_fixed_budget,45,45,43,44
47,7,23,full_threshold_0p5,14,12,11,10
47,7,23,cropped_threshold_0p5,14,12,11,10
47,7,23,cropped_calibrated,22,20,16,15
47,7,23,cropped_fixed_budget,23,45,23,45
47,8,49,full_threshold_0p5,23,18,8,7
47,8,49,cropped_threshold_0p5,23,18,8,7
47,8,49,cropped_calibrated,31,27,13,12
47,8,49,cropped_fixed_budget,36,45,36,45
47,9,85,full_threshold_0p5,83,80,57,56
47,9,85,cropped_threshold_0p5,83,80,57,56
47,9,85,cropped_calibrated,83,83,83,83
47,9,85,cropped_fixed_budget,53,45,14,13
47,10,74,full_threshold_0p5,50,49,50,49
47,10,74,cropped_threshold_0p5,50,49,50,49
47,10,74,cropped_calibrated,50,53,50,53
47,10,74,cropped_fixed_budget,49,45,31,30
47,11,48,full_threshold_0p5,48,47,48,47
47,11,48,cropped_threshold_0p5,48,47,48,47
47,11,48,cropped_calibrated,48,47,48,47
47,11,48,cropped_fixed_budget,47,45,35,34
47,12,95,full_threshold_0p5,18,16,16,15
47,12,95,cropped_threshold_0p5,18,16,16,15
47,12,95,cropped_calibrated,19,21,19,21
47,12,95,cropped_fixed_budget,26,45,26,45
47,13,58,full_threshold_0p5,17,12,6,5
47,13,58,cropped_threshold_0p5,17,12,6,5
47,13,58,cropped_calibrated,25,23,15,15
47,13,58,cropped_fixed_budget,33,45,33,45
47,14,43,full_threshold_0p5,56,55,56,55
47,14,43,cropped_threshold_0p5,43,42,43,42
47,14,43,cropped_calibrated,43,42,43,42
47,14,43,cropped_fixed_budget,43,45,43,45
47,15,36,full_threshold_0p5,51,50,51,50
47,15,36,cropped_threshold_0p5,36,35,36,35
47,15,36,cropped_calibrated,36,35,36,35
47,15,36,cropped_fixed_budget,36,45,36,45
47,16,50,full_threshold_0p5,39,42,37,41
47,16,50,cropped_threshold_0p5,32,35,30,34
47,16,50,cropped_calibrated,42,63,42,63
47,16,50,cropped_fixed_budget,37,45,35,44
47,17,68,full_threshold_0p5,33,26,15,14
47,17,68,cropped_threshold_0p5,29,23,15,14
47,17,68,cropped_calibrated,58,56,29,28
47,17,68,cropped_fixed_budget,50,45,23,23
47,18,65,full_threshold_0p5,76,84,76,84
47,18,65,cropped_threshold_0p5,65,73,65,73
47,18,65,cropped_calibrated,65,100,65,100
47,18,65,cropped_fixed_budget,50,45,31,31
47,19,96,full_threshold_0p5,61,54,25,24
47,19,96,cropped_threshold_0p5,61,54,25,24
47,19,96,cropped_calibrated,69,69,56,57
47,19,96,cropped_fixed_budget,55,45,11,10
48,0,30,full_threshold_0p5,19,13,6,5
48,0,30,cropped_threshold_0p5,10,7,6,5
48,0,30,cropped_calibrated,16,15,16,15
48,0,30,cropped_fixed_budget,29,45,29,45
48,1,71,full_threshold_0p5,58,58,58,58
48,1,71,cropped_threshold_0p5,58,58,58,58
48,1,71,cropped_calibrated,58,60,58,60
48,1,71,cropped_fixed_budget,51,45,22,21
48,2,73,full_threshold_0p5,18,14,10,9
48,2,73,cropped_threshold_0p5,18,14,10,9
48,2,73,cropped_calibrated,46,47,38,42
48,2,73,cropped_fixed_budget,45,45,37,40
48,3,92,full_threshold_0p5,16,11,8,7
48,3,92,cropped_threshold_0p5,16,11,8,7
48,3,92,cropped_calibrated,40,32,9,9
48,3,92,cropped_fixed_budget,53,45,24,24
48,4,86,full_threshold_0p5,17,15,11,10
48,4,86,cropped_threshold_0p5,17,15,11,10
48,4,86,cropped_calibrated,22,23,22,23
48,4,86,cropped_fixed_budget,29,45,27,44
48,5,25,full_threshold_0p5,11,10,11,10
48,5,25,cropped_threshold_0p5,11,10,11,10
48,5,25,cropped_calibrated,14,14,14,14
48,5,25,cropped_fixed_budget,24,45,24,45
48,6,74,full_threshold_0p5,65,68,52,57
48,6,74,cropped_threshold_0p5,65,68,52,57
48,6,74,cropped_calibrated,69,117,69,117
48,6,74,cropped_fixed_budget,51,45,24,23
48,7,23,full_threshold_0p5,14,15,14,15
48,7,23,cropped_threshold_0p5,14,15,14,15
48,7,23,cropped_calibrated,21,24,21,24
48,7,23,cropped_fixed_budget,23,45,23,45
48,8,49,full_threshold_0p5,16,18,16,18
48,8,49,cropped_threshold_0p5,16,18,16,18
48,8,49,cropped_calibrated,22,25,22,25
48,8,49,cropped_fixed_budget,25,45,25,45
48,9,85,full_threshold_0p5,26,26,24,25
48,9,85,cropped_threshold_0p5,26,26,24,25
48,9,85,cropped_calibrated,29,41,29,41
48,9,85,cropped_fixed_budget,30,45,30,45
48,10,74,full_threshold_0p5,14,13,14,13
48,10,74,cropped_threshold_0p5,14,13,14,13
48,10,74,cropped_calibrated,14,16,14,16
48,10,74,cropped_fixed_budget,24,45,24,45
48,11,48,full_threshold_0p5,38,34,26,25
48,11,48,cropped_threshold_0p5,38,34,26,25
48,11,48,cropped_calibrated,43,43,41,42
48,11,48,cropped_fixed_budget,43,45,43,45
48,12,95,full_threshold_0p5,38,40,34,38
48,12,95,cropped_threshold_0p5,38,40,34,38
48,12,95,cropped_calibrated,55,76,53,75
48,12,95,cropped_fixed_budget,42,45,35,41
48,13,58,full_threshold_0p5,84,83,84,83
48,13,58,cropped_threshold_0p5,58,57,58,57
48,13,58,cropped_calibrated,58,66,58,66
48,13,58,cropped_fixed_budget,51,45,17,16
48,14,43,full_threshold_0p5,14,13,11,11
48,14,43,cropped_threshold_0p5,14,13,11,11
48,14,43,cropped_calibrated,15,19,15,19
48,14,43,cropped_fixed_budget,23,45,23,45
48,15,36,full_threshold_0p5,68,60,36,35
48,15,36,cropped_threshold_0p5,33,27,13,12
48,15,36,cropped_calibrated,35,34,35,34
48,15,36,cropped_fixed_budget,36,45,36,45
48,16,50,full_threshold_0p5,33,28,21,20
48,16,50,cropped_threshold_0p5,31,27,21,20
48,16,50,cropped_calibrated,39,37,27,28
48,16,50,cropped_fixed_budget,43,45,35,37
48,17,68,full_threshold_0p5,55,54,45,46
48,17,68,cropped_threshold_0p5,55,54,45,46
48,17,68,cropped_calibrated,62,68,62,68
48,17,68,cropped_fixed_budget,49,45,37,37
48,18,65,full_threshold_0p5,72,69,42,41
48,18,65,cropped_threshold_0p5,65,62,42,41
48,18,65,cropped_calibrated,65,66,65,66
48,18,65,cropped_fixed_budget,49,45,21,20
48,19,96,full_threshold_0p5,36,27,13,12
48,19,96,cropped_threshold_0p5,36,27,13,12
48,19,96,cropped_calibrated,70,77,39,42
48,19,96,cropped_fixed_budget,53,45,21,20
49,0,30,full_threshold_0p5,14,13,9,9
49,0,30,cropped_threshold_0p5,14,13,9,9
49,0,30,cropped_calibrated,14,15,9,11
49,0,30,cropped_fixed_budget,27,45,27,45
49,1,71,full_threshold_0p5,65,56,21,20
49,1,71,cropped_threshold_0p5,58,49,21,20
49,1,71,cropped_calibrated,68,78,68,78
49,1,71,cropped_fixed_budget,54,45,20,19
49,2,73,full_threshold_0p5,36,36,29,31
49,2,73,cropped_threshold_0p5,36,36,29,31
49,2,73,cropped_calibrated,52,68,48,65
49,2,73,cropped_fixed_budget,42,45,35,40
49,3,92,full_threshold_0p5,10,7,5,4
49,3,92,cropped_threshold_0p5,10,7,5,4
49,3,92,cropped_calibrated,43,35,15,16
49,3,92,cropped_fixed_budget,52,45,19,20
49,4,86,full_threshold_0p5,47,46,47,46
49,4,86,cropped_threshold_0p5,47,46,47,46
49,4,86,cropped_calibrated,48,47,48,47
49,4,86,cropped_fixed_budget,47,45,28,27
49,5,25,full_threshold_0p5,12,10,9,8
49,5,25,cropped_threshold_0p5,12,10,9,8
49,5,25,cropped_calibrated,20,19,20,19
49,5,25,cropped_fixed_budget,25,45,25,45
49,6,74,full_threshold_0p5,15,14,8,8
49,6,74,cropped_threshold_0p5,15,14,8,8
49,6,74,cropped_calibrated,18,22,18,22
49,6,74,cropped_fixed_budget,25,45,25,45
49,7,23,full_threshold_0p5,78,77,78,77
49,7,23,cropped_threshold_0p5,23,22,23,22
49,7,23,cropped_calibrated,23,22,23,22
49,7,23,cropped_fixed_budget,23,45,23,45
49,8,49,full_threshold_0p5,52,51,49,49
49,8,49,cropped_threshold_0p5,45,44,42,42
49,8,49,cropped_calibrated,48,50,48,50
49,8,49,cropped_fixed_budget,46,45,43,43
49,9,85,full_threshold_0p5,82,79,52,51
49,9,85,cropped_threshold_0p5,82,79,52,51
49,9,85,cropped_calibrated,84,84,84,84
49,9,85,cropped_fixed_budget,50,45,15,14
49,10,74,full_threshold_0p5,45,45,45,45
49,10,74,cropped_threshold_0p5,45,45,45,45
49,10,74,cropped_calibrated,46,54,46,54
49,10,74,cropped_fixed_budget,45,45,45,45
49,11,48,full_threshold_0p5,30,30,15,14
49,11,48,cropped_threshold_0p5,30,30,15,14
49,11,48,cropped_calibrated,39,44,34,41
49,11,48,cropped_fixed_budget,39,45,34,42
49,12,95,full_threshold_0p5,74,69,47,46
49,12,95,cropped_threshold_0p5,74,69,47,46
49,12,95,cropped_calibrated,76,81,76,81
49,12,95,cropped_fixed_budget,55,45,26,25
49,13,58,full_threshold_0p5,32,27,14,13
49,13,58,cropped_threshold_0p5,32,27,14,13
49,13,58,cropped_calibrated,48,58,48,58
49,13,58,cropped_fixed_budget,45,45,31,33
49,14,43,full_threshold_0p5,13,13,13,13
49,14,43,cropped_threshold_0p5,13,13,13,13
49,14,43,cropped_calibrated,15,18,15,18
49,14,43,cropped_fixed_budget,33,45,33,45
49,15,36,full_threshold_0p5,82,76,41,42
49,15,36,cropped_threshold_0p5,26,19,6,5
49,15,36,cropped_calibrated,31,32,24,27
49,15,36,cropped_fixed_budget,34,45,34,45
49,16,50,full_threshold_0p5,14,10,5,4
49,16,50,cropped_threshold_0p5,14,10,5,4
49,16,50,cropped_calibrated,35,35,20,22
49,16,50,cropped_fixed_budget,40,45,40,45
49,17,68,full_threshold_0p5,13,13,13,13
49,17,68,cropped_threshold_0p5,13,13,13,13
49,17,68,cropped_calibrated,13,15,13,15
49,17,68,cropped_fixed_budget,30,45,24,42
49,18,65,full_threshold_0p5,30,27,18,17
49,18,65,cropped_threshold_0p5,30,27,18,17
49,18,65,cropped_calibrated,34,39,34,39
49,18,65,cropped_fixed_budget,34,45,34,45
49,19,96,full_threshold_0p5,29,28,29,28
49,19,96,cropped_threshold_0p5,29,28,29,28
49,19,96,cropped_calibrated,29,31,29,31
49,19,96,cropped_fixed_budget,30,45,30,45
